ariabc_internal,merkle_node_customer,merkle_node_customer_pkey,32948
ariabc_internal,merkle_node_district,merkle_node_district_pkey,17667
ariabc_internal,merkle_node_history,merkle_node_history_pkey,17176
ariabc_internal,merkle_node_new_order,merkle_node_new_order_pkey,16872
ariabc_internal,merkle_node_oorder,merkle_node_oorder_pkey,33802
ariabc_internal,merkle_node_order_line,merkle_node_order_line_pkey,327092
ariabc_internal,merkle_node_stock,merkle_node_stock_pkey,184297
ariabc_internal,merkle_node_warehouse,merkle_node_warehouse_pkey,8588
public,customer,idx_customer_name_mid,10802
public,customer,pk_customer,23342
public,district,pk_district,23013
public,item,pk_item,98731
public,new_order,pk_new_order,22120
public,oorder,idx_oorder_customer_latest,923
public,oorder,pk_oorder,22120
public,order_line,pk_order_line,23010
public,stock,pk_stock,371000
public,warehouse,pk_warehouse,12282
