mode,layout,W,workers,trial,tps,restarts,merkle_verify,perm_fail,div,pg_serialization_failures,rerun,rerun_reason,wal_per_tx,hot_warehouse,hot_district,hot_customer,hot_stock,state_sha256,run
det,cur,100,16,1,2104.38,666,,0,0,,False,,48448.4188,0.9984779299847792,0.9978977272727273,1.0,1.0,e82921e1ebb1b7abe7c1e53c1c1c8d4524fa60ea665e9cb376325a1edd45bd8c,/home/protectdr/claude_checks/tpcc_sweep_v2_20261002_130000/det_matrix_k16_t1_w100
det,cur,100,16,2,1142.32,654,,0,0,,True,pass2,48449.1324,0.9981266830581899,0.9978977272727273,1.0,1.0,e82921e1ebb1b7abe7c1e53c1c1c8d4524fa60ea665e9cb376325a1edd45bd8c,/home/protectdr/claude_checks/tpcc_sweep_v2_20261002_130000/det_matrix_k16_t2_w100
det,cur,100,24,1,2579.25,1080,,0,0,,False,,48448.2444,0.9969558599695586,0.9960795454545455,1.0,1.0,e82921e1ebb1b7abe7c1e53c1c1c8d4524fa60ea665e9cb376325a1edd45bd8c,/home/protectdr/claude_checks/tpcc_sweep_v2_20261002_130000/det_matrix_k24_t1_w100
det,cur,100,24,2,2579.04,1082,,0,0,,True,pass2,48447.9524,0.9976583538227374,0.9960795454545455,1.0,1.0,e82921e1ebb1b7abe7c1e53c1c1c8d4524fa60ea665e9cb376325a1edd45bd8c,/home/protectdr/claude_checks/tpcc_sweep_v2_20261002_130000/det_matrix_k24_t2_w100
det,cur,10,32,1,1187.22,10472,,0,0,,False,,24923.3808,1.0,0.9978986824170831,0.9990404222142257,1.0,bd7be72cb0aff50bb5ffd228515a6e72832a00e7483bbb66bf7bfdd159b37b86,/home/protectdr/claude_checks/tpcc_sweep_v2_20261002_130000/det_matrix_k32_t1_w10
det,cur,100,32,1,2814.97,1494,,0,0,,False,,48453.8344,0.9961362838075167,0.9952272727272727,0.9999391394315623,1.0,e82921e1ebb1b7abe7c1e53c1c1c8d4524fa60ea665e9cb376325a1edd45bd8c,/home/protectdr/claude_checks/tpcc_sweep_v2_20261002_130000/det_matrix_k32_t1_w100
det,cur,20,32,1,984.39,6393,,0,0,,False,,33519.1952,1.0,0.9971067112951721,0.9996415770609319,1.0,faf167b53c1d9b493ac3503a6246a4db5c0b962832108e74c530904de252b2ed,/home/protectdr/claude_checks/tpcc_sweep_v2_20261002_130000/det_matrix_k32_t1_w20
det,cur,30,32,1,1892.93,4592,,0,0,,False,,37857.3432,0.9991849091755939,0.9960227272727272,0.9996960116731517,1.0,dcb895e5961ab8e84091fbf3d3723531593ec1ba9db18214b3209f1c59c9a049,/home/protectdr/claude_checks/tpcc_sweep_v2_20261002_130000/det_matrix_k32_t1_w30
det,cur,5,32,1,898.56,14766,,0,0,,False,,16789.8524,1.0,0.9988646040306557,0.9984975961538461,0.9999888595523768,fdb9545f1c588209556c090351f39a0bfa49da418633f1d5aa9b5264750440e4,/home/protectdr/claude_checks/tpcc_sweep_v2_20261002_130000/det_matrix_k32_t1_w5
det,cur,50,32,1,1381.66,2837,,0,0,,False,,42687.0292,0.9975418471263022,0.9951693566719709,0.9999392577294539,1.0,3c523efbb74ee48e0493cad7ad63d1bbb21596cf8f367c931d9f0bdd61847837,/home/protectdr/claude_checks/tpcc_sweep_v2_20261002_130000/det_matrix_k32_t1_w50
det,cur,75,32,1,2595.15,1954,,0,0,,False,,46076.1984,0.9967521169237907,0.9947192095849186,0.9994072669077114,1.0,af2f577fe844a231b285860adf2cb11d7fbc0efb76695f78c32498adac5cab5a,/home/protectdr/claude_checks/tpcc_sweep_v2_20261002_130000/det_matrix_k32_t1_w75
det,cur,10,32,2,1196.65,10465,,0,0,,True,pass2,24924.8772,1.0,0.997955474784189,0.9990404222142257,1.0,bd7be72cb0aff50bb5ffd228515a6e72832a00e7483bbb66bf7bfdd159b37b86,/home/protectdr/claude_checks/tpcc_sweep_v2_20261002_130000/det_matrix_k32_t2_w10
det,cur,100,32,2,2749.24,1497,,0,0,,True,pass2,48456.1536,0.9963704484252429,0.9950568181818182,0.9999391394315623,1.0,e82921e1ebb1b7abe7c1e53c1c1c8d4524fa60ea665e9cb376325a1edd45bd8c,/home/protectdr/claude_checks/tpcc_sweep_v2_20261002_130000/det_matrix_k32_t2_w100
det,cur,20,32,2,687.99,6248,,0,0,,True,pass2,33517.8704,0.9997682502896872,0.996879786690872,0.9996415770609319,1.0,faf167b53c1d9b493ac3503a6246a4db5c0b962832108e74c530904de252b2ed,/home/protectdr/claude_checks/tpcc_sweep_v2_20261002_130000/det_matrix_k32_t2_w20
det,cur,30,32,2,1892.16,4571,,0,0,,True,pass2,37859.8968,0.9994177922682813,0.9961931818181818,0.9996960116731517,1.0,dcb895e5961ab8e84091fbf3d3723531593ec1ba9db18214b3209f1c59c9a049,/home/protectdr/claude_checks/tpcc_sweep_v2_20261002_130000/det_matrix_k32_t2_w30
det,cur,5,32,2,905.92,14761,,0,0,,True,pass2,16785.8448,1.0,0.998694294635254,0.9984975961538461,1.0,fdb9545f1c588209556c090351f39a0bfa49da418633f1d5aa9b5264750440e4,/home/protectdr/claude_checks/tpcc_sweep_v2_20261002_130000/det_matrix_k32_t2_w5
det,cur,50,32,2,2202.43,2880,,0,0,,True,pass2,42690.1124,0.9981271216200398,0.9950556944760173,0.9999392577294539,1.0,3c523efbb74ee48e0493cad7ad63d1bbb21596cf8f367c931d9f0bdd61847837,/home/protectdr/claude_checks/tpcc_sweep_v2_20261002_130000/det_matrix_k32_t2_w50
det,cur,75,32,2,2622.14,1966,,0,0,,True,pass2,46076.034,0.9967521169237907,0.9952302538186361,0.9994072669077114,1.0,af2f577fe844a231b285860adf2cb11d7fbc0efb76695f78c32498adac5cab5a,/home/protectdr/claude_checks/tpcc_sweep_v2_20261002_130000/det_matrix_k32_t2_w75
det,cur,20,32,3,1578.57,6478,,0,0,,True,extra: suspect stall after pass2,33522.3788,1.0,0.9970499801440971,0.9994623655913979,1.0,faf167b53c1d9b493ac3503a6246a4db5c0b962832108e74c530904de252b2ed,/home/protectdr/claude_checks/tpcc_sweep_v2_20261002_130000/det_matrix_k32_t3_w20
det,cur,20,32,4,1064.93,6417,,0,0,,True,extra: suspect stall after pass2,33520.9176,0.9998841251448436,0.9971634424462472,0.9995221027479092,1.0,faf167b53c1d9b493ac3503a6246a4db5c0b962832108e74c530904de252b2ed,/home/protectdr/claude_checks/tpcc_sweep_v2_20261002_130000/det_matrix_k32_t4_w20
det,cur,100,48,1,2641.76,2314,,0,0,,False,,48458.334,0.9956679545720641,0.9930113636363637,0.9999391394315623,1.0,e82921e1ebb1b7abe7c1e53c1c1c8d4524fa60ea665e9cb376325a1edd45bd8c,/home/protectdr/claude_checks/tpcc_sweep_v2_20261002_130000/det_matrix_k48_t1_w100
det,cur,100,48,2,772.86,2164,,0,0,,True,pass2,48458.5852,0.9948483784100223,0.9926704545454546,0.9999391394315623,1.0,e82921e1ebb1b7abe7c1e53c1c1c8d4524fa60ea665e9cb376325a1edd45bd8c,/home/protectdr/claude_checks/tpcc_sweep_v2_20261002_130000/det_matrix_k48_t2_w100
det,cur,100,64,1,1609.03,3083,,0,0,,False,,48460.9108,0.994614213792296,0.9914204545454546,0.9998782788631246,1.0,e82921e1ebb1b7abe7c1e53c1c1c8d4524fa60ea665e9cb376325a1edd45bd8c,/home/protectdr/claude_checks/tpcc_sweep_v2_20261002_130000/det_matrix_k64_t1_w100
det,cur,100,64,2,786.33,2965,,0,0,,True,workers=64 tps=1609.03 threshold=1717.1440000000002,48460.0424,0.9944958426045204,0.9911353562904875,0.9998781899019429,1.0,e82921e1ebb1b7abe7c1e53c1c1c8d4524fa60ea665e9cb376325a1edd45bd8c,/home/protectdr/claude_checks/tpcc_sweep_v2_20261002_130000/det_matrix_k64_t2_w100
det,cur,100,64,3,760.14,2963,,0,0,,True,pass2,48459.9056,0.9940288022479803,0.9908522727272727,0.9998782788631246,1.0,e82921e1ebb1b7abe7c1e53c1c1c8d4524fa60ea665e9cb376325a1edd45bd8c,/home/protectdr/claude_checks/tpcc_sweep_v2_20261002_130000/det_matrix_k64_t3_w100
det,cur,100,64,4,1087.07,2951,,0,0,,True,pass2 stall: workers=64 tps=1609.03 threshold=1717.1440000000002,48460.2956,0.9948483784100223,0.9909659090909091,0.9998782788631246,1.0,e82921e1ebb1b7abe7c1e53c1c1c8d4524fa60ea665e9cb376325a1edd45bd8c,/home/protectdr/claude_checks/tpcc_sweep_v2_20261002_130000/det_matrix_k64_t4_w100
det,cur,100,64,5,824.91,2960,,0,0,,True,extra: suspect stall after pass2,48458.5828,0.994614213792296,0.9908522727272727,0.9998782788631246,1.0,e82921e1ebb1b7abe7c1e53c1c1c8d4524fa60ea665e9cb376325a1edd45bd8c,/home/protectdr/claude_checks/tpcc_sweep_v2_20261002_130000/det_matrix_k64_t5_w100
det,cur,100,64,6,2378.97,3095,,0,0,,True,extra: suspect stall after pass2,48462.2968,0.9947312961011591,0.991875,0.9998782788631246,1.0,e82921e1ebb1b7abe7c1e53c1c1c8d4524fa60ea665e9cb376325a1edd45bd8c,/home/protectdr/claude_checks/tpcc_sweep_v2_20261002_130000/det_matrix_k64_t6_w100
det,cur,100,8,1,805.43,308,,0,0,,False,,48457.26,0.9994145884556843,0.9994886363636364,1.0,1.0,e82921e1ebb1b7abe7c1e53c1c1c8d4524fa60ea665e9cb376325a1edd45bd8c,/home/protectdr/claude_checks/tpcc_sweep_v2_20261002_130000/det_matrix_k8_t1_w100
det,cur,100,8,2,997.62,308,,0,0,,True,workers=8 tps=805.43 threshold=1367.8470000000002,48457.0896,0.9992975061468212,0.9996022727272728,1.0,1.0,e82921e1ebb1b7abe7c1e53c1c1c8d4524fa60ea665e9cb376325a1edd45bd8c,/home/protectdr/claude_checks/tpcc_sweep_v2_20261002_130000/det_matrix_k8_t2_w100
det,cur,100,8,3,422.14,297,,0,0,,True,pass2,48457.1016,0.9992975061468212,0.9994318181818181,1.0,1.0,e82921e1ebb1b7abe7c1e53c1c1c8d4524fa60ea665e9cb376325a1edd45bd8c,/home/protectdr/claude_checks/tpcc_sweep_v2_20261002_130000/det_matrix_k8_t3_w100
det,cur,100,8,4,1430.62,314,,0,0,,True,pass2 stall: workers=8 tps=997.62 threshold=1367.8470000000002,48456.9264,0.9992975061468212,0.9994318181818181,1.0,1.0,e82921e1ebb1b7abe7c1e53c1c1c8d4524fa60ea665e9cb376325a1edd45bd8c,/home/protectdr/claude_checks/tpcc_sweep_v2_20261002_130000/det_matrix_k8_t4_w100
merkle,wh16,100,16,1,1122.76,876,9:true,0,0,,False,,93850.7884,0.9978925184404637,0.9971590909090909,1.0,1.0,e82921e1ebb1b7abe7c1e53c1c1c8d4524fa60ea665e9cb376325a1edd45bd8c,/home/protectdr/claude_checks/tpcc_sweep_v2_20261002_130000/merkle_matrix_k16_t1_w100
merkle,wh16,100,16,2,469.89,771,9:true,0,0,,True,pass2,93817.9972,0.9981266830581899,0.9975568181818182,1.0,1.0,e82921e1ebb1b7abe7c1e53c1c1c8d4524fa60ea665e9cb376325a1edd45bd8c,/home/protectdr/claude_checks/tpcc_sweep_v2_20261002_130000/merkle_matrix_k16_t2_w100
merkle,wh16,100,16,3,1504.3,906,9:true,0,0,,True,extra: suspect stall after pass2,93852.6784,0.9983608476759162,0.9971590909090909,1.0,1.0,e82921e1ebb1b7abe7c1e53c1c1c8d4524fa60ea665e9cb376325a1edd45bd8c,/home/protectdr/claude_checks/tpcc_sweep_v2_20261002_130000/merkle_matrix_k16_t3_w100
merkle,wh16,100,16,4,1507.57,890,9:true,0,0,,True,extra: suspect stall after pass2,93851.6776,0.9985950122936424,0.9972727272727273,1.0,1.0,e82921e1ebb1b7abe7c1e53c1c1c8d4524fa60ea665e9cb376325a1edd45bd8c,/home/protectdr/claude_checks/tpcc_sweep_v2_20261002_130000/merkle_matrix_k16_t4_w100
merkle,wh16,100,24,1,960.2,1284,9:true,0,0,,False,,93903.156,0.9968387776606955,0.9956818181818182,1.0,1.0,e82921e1ebb1b7abe7c1e53c1c1c8d4524fa60ea665e9cb376325a1edd45bd8c,/home/protectdr/claude_checks/tpcc_sweep_v2_20261002_130000/merkle_matrix_k24_t1_w100
merkle,wh16,100,24,2,1809.26,1380,9:true,0,0,,True,pass2,93903.9924,0.997307106896148,0.9956818181818182,1.0,1.0,e82921e1ebb1b7abe7c1e53c1c1c8d4524fa60ea665e9cb376325a1edd45bd8c,/home/protectdr/claude_checks/tpcc_sweep_v2_20261002_130000/merkle_matrix_k24_t2_w100
merkle,wh16,10,32,1,879.79,10845,9:true,0,0,,False,,39044.1756,1.0,0.9978986824170831,0.9990404222142257,1.0,bd7be72cb0aff50bb5ffd228515a6e72832a00e7483bbb66bf7bfdd159b37b86,/home/protectdr/claude_checks/tpcc_sweep_v2_20261002_130000/merkle_matrix_k32_t1_w10
merkle,wh16,100,32,1,1157.86,1821,9:true,0,0,,False,,93931.39,0.9961362838075167,0.9944318181818181,0.9999391394315623,1.0,e82921e1ebb1b7abe7c1e53c1c1c8d4524fa60ea665e9cb376325a1edd45bd8c,/home/protectdr/claude_checks/tpcc_sweep_v2_20261002_130000/merkle_matrix_k32_t1_w100
merkle,wh16,20,32,1,483.51,6859,9:true,0,0,,False,,55770.7832,1.0,0.9971634424462472,0.9995221027479092,1.0,faf167b53c1d9b493ac3503a6246a4db5c0b962832108e74c530904de252b2ed,/home/protectdr/claude_checks/tpcc_sweep_v2_20261002_130000/merkle_matrix_k32_t1_w20
merkle,wh16,30,32,1,1336.15,5042,9:true,0,0,,False,,65591.2128,0.9990684676292502,0.99625,0.9996960116731517,1.0,dcb895e5961ab8e84091fbf3d3723531593ec1ba9db18214b3209f1c59c9a049,/home/protectdr/claude_checks/tpcc_sweep_v2_20261002_130000/merkle_matrix_k32_t1_w30
merkle,wh16,5,32,1,662.85,15012,9:true,0,0,,False,,25972.6624,1.0,0.9987510644337213,0.9982572115384616,0.9999888595523768,fdb9545f1c588209556c090351f39a0bfa49da418633f1d5aa9b5264750440e4,/home/protectdr/claude_checks/tpcc_sweep_v2_20261002_130000/merkle_matrix_k32_t1_w5
merkle,wh16,50,32,1,1578.02,3328,9:true,0,0,,False,,79059.2252,0.9977759569237973,0.9948283700841101,0.9999392577294539,1.0,3c523efbb74ee48e0493cad7ad63d1bbb21596cf8f367c931d9f0bdd61847837,/home/protectdr/claude_checks/tpcc_sweep_v2_20261002_130000/merkle_matrix_k32_t1_w50
merkle,wh16,75,32,1,1797.7,2413,9:true,0,0,,False,,87988.0892,0.9967521169237907,0.9942649480438362,0.9994665402169403,1.0,af2f577fe844a231b285860adf2cb11d7fbc0efb76695f78c32498adac5cab5a,/home/protectdr/claude_checks/tpcc_sweep_v2_20261002_130000/merkle_matrix_k32_t1_w75
merkle,wh16,10,32,2,860.43,10847,9:true,0,0,,True,pass2,39045.4472,1.0,0.9977850976828714,0.9990404222142257,1.0,bd7be72cb0aff50bb5ffd228515a6e72832a00e7483bbb66bf7bfdd159b37b86,/home/protectdr/claude_checks/tpcc_sweep_v2_20261002_130000/merkle_matrix_k32_t2_w10
merkle,wh16,100,32,2,1984.35,1861,9:true,0,0,,True,W=100 tps=1157.86 threshold=1168.505,93936.742,0.9956679545720641,0.9944318181818181,0.9999391394315623,1.0,e82921e1ebb1b7abe7c1e53c1c1c8d4524fa60ea665e9cb376325a1edd45bd8c,/home/protectdr/claude_checks/tpcc_sweep_v2_20261002_130000/merkle_matrix_k32_t2_w100
merkle,wh16,20,32,2,1137.52,6925,9:true,0,0,,True,W=20 tps=483.51 threshold=571.8635,55783.8396,1.0,0.9968230555397969,0.9995221027479092,1.0,faf167b53c1d9b493ac3503a6246a4db5c0b962832108e74c530904de252b2ed,/home/protectdr/claude_checks/tpcc_sweep_v2_20261002_130000/merkle_matrix_k32_t2_w20
merkle,wh16,30,32,2,1343.32,5067,9:true,0,0,,True,pass2,65607.836,0.9996506753609687,0.9961931818181818,0.9996960116731517,1.0,dcb895e5961ab8e84091fbf3d3723531593ec1ba9db18214b3209f1c59c9a049,/home/protectdr/claude_checks/tpcc_sweep_v2_20261002_130000/merkle_matrix_k32_t2_w30
merkle,wh16,5,32,2,664.71,15033,9:true,0,0,,True,pass2,25977.776,1.0,0.998694294635254,0.9982572115384616,0.9999888595523768,fdb9545f1c588209556c090351f39a0bfa49da418633f1d5aa9b5264750440e4,/home/protectdr/claude_checks/tpcc_sweep_v2_20261002_130000/merkle_matrix_k32_t2_w5
merkle,wh16,50,32,2,1566.48,3330,9:true,0,0,,True,pass2,79051.4296,0.9978930118225448,0.9949988633780404,0.9999392577294539,1.0,3c523efbb74ee48e0493cad7ad63d1bbb21596cf8f367c931d9f0bdd61847837,/home/protectdr/claude_checks/tpcc_sweep_v2_20261002_130000/merkle_matrix_k32_t2_w50
merkle,wh16,75,32,2,1810.0,2359,9:true,0,0,,True,pass2,87991.1484,0.9964041294513397,0.9941513826585656,0.9994665402169403,1.0,af2f577fe844a231b285860adf2cb11d7fbc0efb76695f78c32498adac5cab5a,/home/protectdr/claude_checks/tpcc_sweep_v2_20261002_130000/merkle_matrix_k32_t2_w75
merkle,wh16,100,32,3,749.25,1786,9:true,0,0,,True,pass2,93937.7924,0.9973017362740497,0.9947077903602117,0.9999390578341154,1.0,e82921e1ebb1b7abe7c1e53c1c1c8d4524fa60ea665e9cb376325a1edd45bd8c,/home/protectdr/claude_checks/tpcc_sweep_v2_20261002_130000/merkle_matrix_k32_t3_w100
merkle,wh16,20,32,3,1137.75,6924,9:true,0,0,,True,pass2,55780.6276,0.9998841251448436,0.9967663243887218,0.9995221027479092,1.0,faf167b53c1d9b493ac3503a6246a4db5c0b962832108e74c530904de252b2ed,/home/protectdr/claude_checks/tpcc_sweep_v2_20261002_130000/merkle_matrix_k32_t3_w20
merkle,wh16,100,48,1,736.53,2593,9:true,0,0,,False,,94008.5428,0.9942629668657066,0.9924431818181818,0.9999391394315623,1.0,e82921e1ebb1b7abe7c1e53c1c1c8d4524fa60ea665e9cb376325a1edd45bd8c,/home/protectdr/claude_checks/tpcc_sweep_v2_20261002_130000/merkle_matrix_k48_t1_w100
merkle,wh16,100,48,2,1873.09,2657,9:true,0,0,,True,workers=48 tps=736.53 threshold=752.6089999999999,93990.1848,0.9947312961011591,0.9923863636363637,0.9999391394315623,1.0,e82921e1ebb1b7abe7c1e53c1c1c8d4524fa60ea665e9cb376325a1edd45bd8c,/home/protectdr/claude_checks/tpcc_sweep_v2_20261002_130000/merkle_matrix_k48_t2_w100
merkle,wh16,100,48,3,1855.78,2640,9:true,0,0,,True,pass2,93984.0688,0.9951770379955299,0.9924575738529227,0.9998778327530389,1.0,e82921e1ebb1b7abe7c1e53c1c1c8d4524fa60ea665e9cb376325a1edd45bd8c,/home/protectdr/claude_checks/tpcc_sweep_v2_20261002_130000/merkle_matrix_k48_t3_w100
merkle,wh16,100,64,1,1717.03,3401,9:true,0,0,,False,,94062.2312,0.9943800491745697,0.990909090909091,0.9998782788631246,1.0,e82921e1ebb1b7abe7c1e53c1c1c8d4524fa60ea665e9cb376325a1edd45bd8c,/home/protectdr/claude_checks/tpcc_sweep_v2_20261002_130000/merkle_matrix_k64_t1_w100
merkle,wh16,100,64,2,1704.28,3394,9:true,0,0,,True,pass2,94051.6164,0.9950819672131147,0.9911891768985903,0.9998782788631246,1.0,e82921e1ebb1b7abe7c1e53c1c1c8d4524fa60ea665e9cb376325a1edd45bd8c,/home/protectdr/claude_checks/tpcc_sweep_v2_20261002_130000/merkle_matrix_k64_t2_w100
merkle,wh16,100,8,1,1041.21,374,9:true,0,0,,False,,93811.0188,0.9992975061468212,0.9990340909090909,1.0,1.0,e82921e1ebb1b7abe7c1e53c1c1c8d4524fa60ea665e9cb376325a1edd45bd8c,/home/protectdr/claude_checks/tpcc_sweep_v2_20261002_130000/merkle_matrix_k8_t1_w100
merkle,wh16,100,8,2,1040.79,376,9:true,0,0,,True,pass2,93810.0112,0.9991804238379581,0.9992045454545454,1.0,1.0,e82921e1ebb1b7abe7c1e53c1c1c8d4524fa60ea665e9cb376325a1edd45bd8c,/home/protectdr/claude_checks/tpcc_sweep_v2_20261002_130000/merkle_matrix_k8_t2_w100
pg,cur,100,16,1,3004.75,636,,0,0,636,False,,48449.0996,0.9954730121880441,0.9979584892820688,0.9998177399756987,1.0,1cb5f29075734d31fd63c410e5183be3088aa98bbab47320284693f9f69c3c6d,/home/protectdr/claude_checks/tpcc_sweep_v2_20261002_130000/pg_matrix_k16_t1_w100
pg,cur,100,16,2,734.44,597,,0,0,597,True,pass2,48454.9356,0.9936349959495429,0.9979598775926556,0.9996357897292704,1.0,83824205f2f3cf5d533fde9f057911cdac386f9e29bbdd8215087e05d189ce48,/home/protectdr/claude_checks/tpcc_sweep_v2_20261002_130000/pg_matrix_k16_t2_w100
pg,cur,100,24,1,4075.96,1206,,0,0,1206,False,,48463.8588,0.9770949087198095,0.9943861224948072,0.9994586791771923,1.0,82af500c00080a38e97793c6d7b9247cb6064046e3f58912aafb2fa8e4c2f8aa,/home/protectdr/claude_checks/tpcc_sweep_v2_20261002_130000/pg_matrix_k24_t1_w100
pg,cur,100,24,2,1487.11,1265,,0,0,1265,True,pass2,48480.696,0.9704522386376452,0.9950220929582191,0.9965841673158746,1.0,5b4b96fd32abe15facfb7fefdaefe16ed7b4aabb78722882dada3f88adaed43c,/home/protectdr/claude_checks/tpcc_sweep_v2_20261002_130000/pg_matrix_k24_t2_w100
pg,cur,10,32,1,3432.72,21909,,0,0,21909,False,,25207.032,0.9800876144962166,0.912974277352775,0.9985656913367756,0.9999801155287777,72655f9f69feb7f90b812e06de84ae22f74b8d5184a4c2e66a9ccbd778c92a9f,/home/protectdr/claude_checks/tpcc_sweep_v2_20261002_130000/pg_matrix_k32_t1_w10
pg,cur,100,32,1,5028.05,2060,,0,0,2060,False,,48486.974,0.9339744975145883,0.9901976890641258,0.999647659874332,1.0,ea0c08ec39988eb6ba559bc92584c86954501f15bab6e63b354fa94902af77f7,/home/protectdr/claude_checks/tpcc_sweep_v2_20261002_130000/pg_matrix_k32_t1_w100
pg,cur,20,32,1,4360.22,11205,,0,0,11205,False,,33731.3696,0.9403687720674775,0.9285129045473167,0.9991594755127199,1.0,532126821b823dede1d27cdfdd74bfb8915704aeeaa5e0033a1e0c4589e099eb,/home/protectdr/claude_checks/tpcc_sweep_v2_20261002_130000/pg_matrix_k32_t1_w20
pg,cur,30,32,1,4682.93,7325,,0,0,7325,False,,37962.5868,0.8797953964194374,0.9749712011728977,0.9988145639288738,1.0,deda62a8d19d8b7316ffee3e964bfac59a3ad8c35be7d8e532efa5b9e562a6c4,/home/protectdr/claude_checks/tpcc_sweep_v2_20261002_130000/pg_matrix_k32_t1_w30
pg,cur,5,32,1,764.37,53407,,0,0,53407,False,,17291.556,0.9632474477394264,0.911304961678096,0.9927491078003738,0.9999806974028356,bf99cd1257ec49cfce0f26596e1031c835c307f732ce863b37a6c3cbfc3ed28c,/home/protectdr/claude_checks/tpcc_sweep_v2_20261002_130000/pg_matrix_k32_t1_w5
pg,cur,50,32,1,1764.21,5277,,0,0,5277,False,,42756.1444,0.8302369668246445,0.9836385084884854,0.9997260424086352,1.0,3f1e8dadfb9f573b1e6ba7069ff69f0a9fefd5283c8b01c81665fe0a1b31c89f,/home/protectdr/claude_checks/tpcc_sweep_v2_20261002_130000/pg_matrix_k32_t1_w50
pg,cur,75,32,1,1412.51,3082,,0,0,3082,False,,46110.972,0.9051207928969647,0.9866902806848066,0.9992693345323741,0.9999889769508041,15af08904cb88f099f00e263b26a36cf961a9ff04133de6a8e64466fd3c7b465,/home/protectdr/claude_checks/tpcc_sweep_v2_20261002_130000/pg_matrix_k32_t1_w75
pg,cur,10,32,2,878.12,22181,,0,0,22181,True,pass2,25204.9752,0.9792426083434589,0.9107703391138785,0.9990764790764791,1.0,8427837be199f6bd5b08f25b9abd603e021e1944205c3fffd4ff709d99f3308b,/home/protectdr/claude_checks/tpcc_sweep_v2_20261002_130000/pg_matrix_k32_t2_w10
pg,cur,100,32,2,876.88,1793,,0,0,1793,True,pass2,48477.526,0.9546006848558489,0.9930155210643016,0.9992868604029239,1.0,58627252f360bdff0eef5694970eb7c0217030e449271d7e040e7ff1d3008e66,/home/protectdr/claude_checks/tpcc_sweep_v2_20261002_130000/pg_matrix_k32_t2_w100
pg,cur,20,32,2,3232.47,12375,,0,0,12375,True,pass2,33890.062,0.9366541353383459,0.8763036623817608,0.9986330581223687,1.0,a2d7c574179eadc224902e0aee51fe463cf42cdda2f3704616ed3c465376543b,/home/protectdr/claude_checks/tpcc_sweep_v2_20261002_130000/pg_matrix_k32_t2_w20
pg,cur,30,32,2,958.44,6683,,0,0,6683,True,pass2,37947.462,0.925219185146983,0.9708072205260057,0.999129677980853,1.0,08d106eb90bf92d2642e63b6a76deaf1c524346fe0ab78fc4fba4cda9c28afd6,/home/protectdr/claude_checks/tpcc_sweep_v2_20261002_130000/pg_matrix_k32_t2_w30
pg,cur,5,32,2,767.75,51890,,0,0,51890,True,W=5 tps=764.37 threshold=2231.268,17101.164,0.9850183448838158,0.9387474918153976,0.9961972737377874,0.9999797767351561,e6a3554c65d3c9f5c2637d9939172e82cebaf8a3052b04fd5149c47c494cf22c,/home/protectdr/claude_checks/tpcc_sweep_v2_20261002_130000/pg_matrix_k32_t2_w5
pg,cur,50,32,2,2615.04,3686,,0,0,3686,True,pass2,42720.9616,0.9363938646358468,0.9838824236463968,0.9990028740688603,1.0,c2be92dc11945dd6fa686426fedf7fadf7dfe6b877031976ece186c3554f9e80,/home/protectdr/claude_checks/tpcc_sweep_v2_20261002_130000/pg_matrix_k32_t2_w50
pg,cur,75,32,2,4997.49,2874,,0,0,2874,True,pass2,46096.0384,0.9145718160008345,0.9886388227656352,0.99943429314929,1.0,ecc6fa267fcad46a178668448efb126efc929e193c5f327a362f3247bae72754,/home/protectdr/claude_checks/tpcc_sweep_v2_20261002_130000/pg_matrix_k32_t2_w75
pg,cur,5,32,3,2274.18,50662,,0,0,50662,True,pass2,17153.6872,0.9864307970650317,0.9492592592592592,0.9924312994876572,0.9999898399796799,2a64a4537e7120fa634e60e6b5e56edd4fa9a95b9cea7f12a911fafe5453c89e,/home/protectdr/claude_checks/tpcc_sweep_v2_20261002_130000/pg_matrix_k32_t3_w5
pg,cur,50,32,3,4858.92,5097,,0,0,5097,True,pass2 stall: W=50 tps=2615.04 threshold=3043.9045,42756.6692,0.8433548885242738,0.9821650124069479,0.999668013058153,1.0,4e6782781a0ec749f6eb786149d82b69e723f6f3c050be23eaa4e6c4ab35fbed,/home/protectdr/claude_checks/tpcc_sweep_v2_20261002_130000/pg_matrix_k32_t3_w50
pg,cur,100,48,1,2322.46,5000,,0,0,5000,False,,48571.0384,0.8047128676129511,0.9745110854155146,0.9987584345479082,1.0,5bf33a4db1340608335c190ff75746c2dde08a47b82d3febfb881dafffa13967,/home/protectdr/claude_checks/tpcc_sweep_v2_20261002_130000/pg_matrix_k48_t1_w100
pg,cur,100,48,2,6197.14,3631,,0,0,3631,True,pass2,48534.0876,0.8799676408130246,0.9741479371109001,0.9990344200840623,1.0,2a5463047c6163f89a4d04e72b96e7901524ed8691922b6524b974560631a8cb,/home/protectdr/claude_checks/tpcc_sweep_v2_20261002_130000/pg_matrix_k48_t2_w100
pg,cur,100,64,1,2029.37,9808,,0,0,9808,False,,48706.368,0.6546762589928058,0.9559801400833408,0.9996182113200344,1.0,9cd3b26fe6d42d4c91db6620d9c30942db4a87cef0e1b2ae85bb56099977e82a,/home/protectdr/claude_checks/tpcc_sweep_v2_20261002_130000/pg_matrix_k64_t1_w100
pg,cur,100,64,2,6349.55,5027,,0,0,5027,True,pass2,48564.1948,0.847979164657085,0.9627246048499202,0.9991073919107392,1.0,85f1d6bf3f936809075c38a001a93ff2ae0639d035e993900230a004d971fb0f,/home/protectdr/claude_checks/tpcc_sweep_v2_20261002_130000/pg_matrix_k64_t2_w100
pg,cur,100,8,1,593.21,277,,0,0,277,False,,48452.4812,0.9990662931839402,0.9994319795512638,1.0,1.0,57793b8f7cdc827011fae39b7a8cf394a26ecdcd263b5b729487cc844a992f22,/home/protectdr/claude_checks/tpcc_sweep_v2_20261002_130000/pg_matrix_k8_t1_w100
pg,cur,100,8,2,1730.12,287,,0,0,287,True,workers=8 tps=593.21 threshold=1953.0875,48452.42,0.9992999649982499,0.9993182980173834,1.0,1.0,ca226210a6eb5b69aa8def2ff808722cc2c03af4adcc6fad4b38cfd951f5787e,/home/protectdr/claude_checks/tpcc_sweep_v2_20261002_130000/pg_matrix_k8_t2_w100
pg,cur,100,8,3,1737.22,284,,0,0,284,True,pass2,48452.096,0.9992993928070995,0.9995454803704334,1.0,1.0,89e69133c4c202b9abbc94758d5083442034c53ae7e0abe99d7394898832abec,/home/protectdr/claude_checks/tpcc_sweep_v2_20261002_130000/pg_matrix_k8_t3_w100
pg,cur,100,8,4,1740.14,272,,0,0,272,True,pass2 stall: workers=8 tps=1737.22 threshold=1953.0875,48453.1552,0.9992987377279102,0.999375035509346,0.9998174182946868,1.0,5b9fd9f3abd4c6709dc14dde69f734d739a63406d1114fd70c8f88fdbfe55249,/home/protectdr/claude_checks/tpcc_sweep_v2_20261002_130000/pg_matrix_k8_t4_w100
