workload,skew,mode,workers,trial,isolation,retry_attempts,retry_backoff_requested_ms,retry_exhausted,pg_retry_jitter,total_queries,shared_buffers,db_rows,reset_time_ms,reset_mode,restore_write_mib,settle_wait_s,settle_qd1_median_us,settle_qd8_median_us,settle_wr_median_us,wall_time_ms,wall_including_drains_ms,tps,completed_tps,device,device_window_ms,device_read_mib,device_write_mib,device_read_ios,device_read_await_ms,device_write_ios,checkpoint_ms,checkpoint_write_ms,checkpoint_sync_ms,checkpoint_total_ms,checkpoint_sync_files,checkpoint_longest_sync_ms,checkpoint_write_mib,blks_read,blks_hit,hit_ratio_pct,blk_read_time_ms,blk_write_time_ms,buffers_backend,divergence_count,permanent_failures,validated_completed_queries,merkle_verify,workload_sha256,artifact_dir
b,0.99,bcdb_merkle,16,1,serializable,0,0,0,,20000,32MB,100000000,367953.024642,delta,6332.69921875,100.0,102.3215,245.5045,392.474,1784,1784,11210.762331838565,11207.42,/sys/devices/pci0000:00/0000:00:02.2/0000:23:00.0/nvme/nvme0/nvme0n1/nvme0n1p2,2060.3410950025136,165.41015625,32.67578125,19759,0.3307859709499469,2693,59.05363700003363,8.0,28.0,44.0,36,3.0,14.984375,23616,113113,82.72787777282069,6660.526000000013,13.125,1371,0,0,20000,PASS,983f19f6c60e9a602d47968b1c1b8ff0badda0e023f82d0d49dc6030e1f1e91c,/work/ARIABC/AriaBC/.bench_tmp/oom_s1024_20261001/merkle/run_20261001_041840_f2ede8c5/b_s0.99_bcdb_merkle_w16_t1
a,0.99,bcdb_merkle,4,1,serializable,0,0,0,,20000,32MB,100000000,133782.18398100216,delta,104.46875,50.0,102.0455,241.337,392.129,6827,6827,2929.5444558371173,2929.17,/sys/devices/pci0000:00/0000:00:02.2/0000:23:00.0/nvme/nvme0/nvme0n1/nvme0n1p2,7102.222614001221,226.046875,220.9453125,27000,0.2906666666666667,20491,193.28016099825618,45.0,116.0,178.0,36,20.0,109.98046875,41239,326352,88.78128136978326,7905.972999999998,130.65999999999985,16745,0,0,20000,PASS,a3f07805d1b15666b9ef9ce62daa7f441b622c08d151bc1c8d5ab67cfc97559b,/work/ARIABC/AriaBC/.bench_tmp/oom_s1024_20261001/merkle/run_20261001_041840_f2ede8c5/a_s0.99_bcdb_merkle_w4_t1
d,0.99,bcdb_merkle,8,1,serializable,0,0,0,,20000,32MB,100000000,137490.60638099763,delta,610.33203125,50.0,103.043,242.4985,392.188,2142,2142,9337.068160597571,9335.71,/sys/devices/pci0000:00/0000:00:02.2/0000:23:00.0/nvme/nvme0/nvme0n1/nvme0n1p2,2401.808238002559,167.140625,29.58984375,19940,0.2249247743229689,2779,38.05137200106401,6.0,10.0,24.0,11,3.0,11.2734375,23819,104529,81.44186118988999,4589.537000000011,9.443999999999505,1092,0,0,20000,PASS,9c025251db4a79632681b1a6274fd67924245a97d6d200314b84b4336900c34a,/work/ARIABC/AriaBC/.bench_tmp/oom_s1024_20261001/merkle/run_20261001_041840_f2ede8c5/d_s0.99_bcdb_merkle_w8_t1
f,0.99,bcdb_merkle,16,1,serializable,0,0,0,,20000,32MB,100000000,50269.37029799956,delta,77.421875,30.0,103.7185,242.09199999999998,393.0045,3381,3381,5915.409642117716,5914.96,/sys/devices/pci0000:00/0000:00:02.2/0000:23:00.0/nvme/nvme0/nvme0n1/nvme0n1p2,3668.1465260007826,226.0859375,176.51953125,27014,0.4627230325016658,10792,208.8778409997758,20.0,156.0,192.0,36,34.0,119.40234375,41292,388347,90.38914065063926,12462.589999999997,141.8159999999989,18360,0,0,20000,PASS,89dec3212c59cd9d38b0d7209c328955087abeef4f88b6f02a54643a4ba7e050,/work/ARIABC/AriaBC/.bench_tmp/oom_s1024_20261001/merkle/run_20261001_041840_f2ede8c5/f_s0.99_bcdb_merkle_w16_t1
b,0.99,bcdb_merkle,4,1,serializable,0,0,0,,20000,32MB,100000000,117086.17867499925,delta,611.2890625,30.0,105.718,239.889,392.4135,2677,2677,7471.049682480389,7470.12,/sys/devices/pci0000:00/0000:00:02.2/0000:23:00.0/nvme/nvme0/nvme0n1/nvme0n1p2,2903.7403549991723,165.32421875,35.35546875,19756,0.16754403725450495,3019,54.70134999995935,7.0,22.0,39.0,36,2.0,12.68359375,23591,108150,82.09289439126772,3433.7309999999998,8.975999999998749,1071,0,0,20000,PASS,983f19f6c60e9a602d47968b1c1b8ff0badda0e023f82d0d49dc6030e1f1e91c,/work/ARIABC/AriaBC/.bench_tmp/oom_s1024_20261001/merkle/run_20261001_041840_f2ede8c5/b_s0.99_bcdb_merkle_w4_t1
a,1.2,bcdb_merkle,8,1,serializable,0,0,0,,20000,32MB,100000000,113994.83655699805,delta,103.7890625,30.0,103.03200000000001,241.5515,394.637,3949,3949,5064.573309698658,5064.19,/sys/devices/pci0000:00/0000:00:02.2/0000:23:00.0/nvme/nvme0/nvme0n1/nvme0n1p2,4272.242135000852,85.6875,108.80078125,9564,0.3565453785027185,14422,92.29729700018652,20.0,46.0,77.0,36,16.0,32.15625,10880,327833,96.78784103355939,3275.1089999999967,19.41699999999946,2308,0,0,20000,PASS,4f763c4243628beba2cf3841e69b2056e518dcb24ad3bc1c9ff7d255ff9700f2,/work/ARIABC/AriaBC/.bench_tmp/oom_s1024_20261001/merkle/run_20261001_041840_f2ede8c5/a_s1.2_bcdb_merkle_w8_t1
d,0.99,bcdb_merkle,4,1,serializable,0,0,0,,20000,32MB,100000000,114327.45685700138,delta,197.72265625,30.0,103.16749999999999,242.5085,392.153,2767,2767,7228.044813877846,7226.41,/sys/devices/pci0000:00/0000:00:02.2/0000:23:00.0/nvme/nvme0/nvme0n1/nvme0n1p2,3032.636205000017,167.421875,31.7421875,19951,0.18164503032429452,3043,40.527069999370724,6.0,11.0,26.0,11,3.0,9.59765625,23861,102861,81.17059389845488,3711.494000000006,6.3770000000004075,809,0,0,20000,PASS,9c025251db4a79632681b1a6274fd67924245a97d6d200314b84b4336900c34a,/work/ARIABC/AriaBC/.bench_tmp/oom_s1024_20261001/merkle/run_20261001_041840_f2ede8c5/d_s0.99_bcdb_merkle_w4_t1
a,1.2,bcdb_merkle,16,1,serializable,0,0,0,,20000,32MB,100000000,70176.62002799989,delta,77.76171875,50.0,103.0425,243.671,393.33,3246,3246,6161.429451632779,6160.33,/sys/devices/pci0000:00/0000:00:02.2/0000:23:00.0/nvme/nvme0/nvme0n1/nvme0n1p2,3521.468028000527,85.88671875,98.1875,9589,0.3651058504536448,11936,79.5927710023534,19.0,34.0,64.0,36,4.0,34.03515625,10969,341895,96.89143692754149,3367.967000000004,22.572000000000116,2573,0,0,20000,PASS,4f763c4243628beba2cf3841e69b2056e518dcb24ad3bc1c9ff7d255ff9700f2,/work/ARIABC/AriaBC/.bench_tmp/oom_s1024_20261001/merkle/run_20261001_041840_f2ede8c5/a_s1.2_bcdb_merkle_w16_t1
b,0.99,bcdb_merkle,8,1,serializable,0,0,0,,20000,32MB,100000000,114379.00793199879,delta,198.6953125,30.0,102.00550000000001,244.327,391.91200000000003,2067,2067,9675.858732462506,9672.71,/sys/devices/pci0000:00/0000:00:02.2/0000:23:00.0/nvme/nvme0/nvme0n1/nvme0n1p2,2330.191056997137,165.35546875,32.82421875,19760,0.22100202429149798,2713,55.13561500265496,7.0,25.0,40.0,36,3.0,14.453125,23518,110040,82.39117087707213,4504.645999999979,12.028000000000247,1328,0,0,20000,PASS,983f19f6c60e9a602d47968b1c1b8ff0badda0e023f82d0d49dc6030e1f1e91c,/work/ARIABC/AriaBC/.bench_tmp/oom_s1024_20261001/merkle/run_20261001_041840_f2ede8c5/b_s0.99_bcdb_merkle_w8_t1
d,0.99,bcdb_merkle,1,1,serializable,0,0,0,,20000,32MB,100000000,206530.25619300024,delta,110.03515625,30.0,102.19149999999999,241.551,393.41999999999996,5809,5809,3442.9333792391117,3442.56,/sys/devices/pci0000:00/0000:00:02.2/0000:23:00.0/nvme/nvme0/nvme0n1/nvme0n1p2,6153.670825999143,167.05859375,40.01953125,19946,0.1511581269427454,4011,30.818123002973152,6.0,2.0,17.0,11,0.0,4.37890625,23894,103173,81.1957471255322,3112.845000000001,0.016999999999825377,35,0,0,20000,PASS,9c025251db4a79632681b1a6274fd67924245a97d6d200314b84b4336900c34a,/work/ARIABC/AriaBC/.bench_tmp/oom_s1024_20261001/merkle/run_20261001_041840_f2ede8c5/d_s0.99_bcdb_merkle_w1_t1
a,0.0,bcdb_merkle,4,1,serializable,0,0,0,,20000,32MB,100000000,50560.494551999,delta,77.609375,30.0,104.3355,239.903,392.1575,8685,8685,2302.8209556706965,2302.82,/sys/devices/pci0000:00/0000:00:02.2/0000:23:00.0/nvme/nvme0/nvme0n1/nvme0n1p2,9073.267734998808,444.28515625,346.92578125,55293,0.28441213173457763,21948,481.3363190005475,16.0,426.0,466.0,36,174.0,226.4296875,82888,335120,80.17071443608735,16409.964999999997,259.8899999999994,33715,0,0,20000,PASS,7a031904b743e46ac36c81f8ee675141eec90f2831dd31f8788bed7a36bd1b83,/work/ARIABC/AriaBC/.bench_tmp/oom_s1024_20261001/merkle/run_20261001_041840_f2ede8c5/a_s0.0_bcdb_merkle_w4_t1
b,0.99,bcdb_merkle,1,1,serializable,0,0,0,,20000,32MB,100000000,123580.87942199927,delta,1266.92578125,30.0,102.7675,240.58499999999998,393.6755,5750,5750,3478.2608695652175,3477.79,/sys/devices/pci0000:00/0000:00:02.2/0000:23:00.0/nvme/nvme0/nvme0n1/nvme0n1p2,6039.624616998481,165.23828125,44.390625,19751,0.14682800870841983,4116,41.431003002799116,7.0,10.0,26.0,36,0.0,6.1015625,23638,107771,82.01188655267143,2992.771000000008,0.6159999999999854,86,0,0,20000,PASS,983f19f6c60e9a602d47968b1c1b8ff0badda0e023f82d0d49dc6030e1f1e91c,/work/ARIABC/AriaBC/.bench_tmp/oom_s1024_20261001/merkle/run_20261001_041840_f2ede8c5/b_s0.99_bcdb_merkle_w1_t1
f,0.99,bcdb_merkle,4,1,serializable,0,0,0,,20000,32MB,100000000,114818.77602400345,delta,104.47265625,30.0,103.06299999999999,244.1015,393.5105,6845,6845,2921.8407596785974,2921.69,/sys/devices/pci0000:00/0000:00:02.2/0000:23:00.0/nvme/nvme0/nvme0n1/nvme0n1p2,7121.715282999503,225.640625,221.26171875,26984,0.2823895641861844,20521,204.1916170019249,18.0,154.0,188.0,36,48.0,110.72265625,41380,376827,90.10537843699412,7701.473999999987,129.14799999999923,16824,0,0,20000,PASS,89dec3212c59cd9d38b0d7209c328955087abeef4f88b6f02a54643a4ba7e050,/work/ARIABC/AriaBC/.bench_tmp/oom_s1024_20261001/merkle/run_20261001_041840_f2ede8c5/f_s0.99_bcdb_merkle_w4_t1
a,0.99,bcdb_merkle,8,1,serializable,0,0,0,,20000,32MB,100000000,117951.06607799971,delta,609.78515625,30.0,103.854,241.631,393.0945,4426,4426,4518.752824220515,4518.74,/sys/devices/pci0000:00/0000:00:02.2/0000:23:00.0/nvme/nvme0/nvme0n1/nvme0n1p2,4838.412018998497,225.77734375,195.55078125,26990,0.3346054094108929,15065,7981.17995499706,777.0,7002.0,7922.0,36,1343.0,116.74609375,41143,329789,88.90820959097624,9061.427000000025,132.59799999999996,17797,0,0,20000,PASS,a3f07805d1b15666b9ef9ce62daa7f441b622c08d151bc1c8d5ab67cfc97559b,/work/ARIABC/AriaBC/.bench_tmp/oom_s1024_20261001/merkle/run_20261001_041840_f2ede8c5/a_s0.99_bcdb_merkle_w8_t1
a,1.2,bcdb_merkle,4,1,serializable,0,0,0,,20000,32MB,100000000,138195.43642700228,delta,610.51171875,50.0,116.291,244.54500000000002,392.6465,5304,5304,3770.739064856712,3770.66,/sys/devices/pci0000:00/0000:00:02.2/0000:23:00.0/nvme/nvme0/nvme0n1/nvme0n1p2,5702.773820998118,85.390625,128.27734375,9529,0.3034945954454822,18854,74.6330219990341,20.0,28.0,59.0,36,3.0,29.2890625,10800,317590,96.71122750388258,2789.756000000023,14.890999999999622,1814,0,0,20000,PASS,4f763c4243628beba2cf3841e69b2056e518dcb24ad3bc1c9ff7d255ff9700f2,/work/ARIABC/AriaBC/.bench_tmp/oom_s1024_20261001/merkle/run_20261001_041840_f2ede8c5/a_s1.2_bcdb_merkle_w4_t1
a,0.0,bcdb_merkle,8,1,serializable,0,0,0,,20000,32MB,100000000,114958.34470699992,delta,198.08984375,30.0,104.084,242.07150000000001,393.073,6691,6691,2989.0898221491557,2988.74,/sys/devices/pci0000:00/0000:00:02.2/0000:23:00.0/nvme/nvme0/nvme0n1/nvme0n1p2,6983.203116997174,444.52734375,320.89453125,55302,0.4306896676431232,16466,317.12473500010674,15.0,264.0,302.0,36,34.0,233.16796875,82667,336713,80.28828270303782,24437.219000000012,278.9539999999997,34690,0,0,20000,PASS,7a031904b743e46ac36c81f8ee675141eec90f2831dd31f8788bed7a36bd1b83,/work/ARIABC/AriaBC/.bench_tmp/oom_s1024_20261001/merkle/run_20261001_041840_f2ede8c5/a_s0.0_bcdb_merkle_w8_t1
f,0.99,bcdb_merkle,8,1,serializable,0,0,0,,20000,32MB,100000000,124253.05860200024,delta,1267.2109375,30.0,102.381,242.953,391.8565,5058,5058,3954.1320680110716,3953.87,/sys/devices/pci0000:00/0000:00:02.2/0000:23:00.0/nvme/nvme0/nvme0n1/nvme0n1p2,5340.849281001283,225.8984375,197.57421875,26988,0.4045501704461242,15445,177.37965999913285,19.0,125.0,160.0,36,20.0,115.84375,41207,381038,90.24097384220062,10901.956000000006,132.5669999999991,17711,0,0,20000,PASS,89dec3212c59cd9d38b0d7209c328955087abeef4f88b6f02a54643a4ba7e050,/work/ARIABC/AriaBC/.bench_tmp/oom_s1024_20261001/merkle/run_20261001_041840_f2ede8c5/f_s0.99_bcdb_merkle_w8_t1
a,0.99,bcdb_merkle,1,1,serializable,0,0,0,,20000,32MB,100000000,118161.6557740017,delta,610.35546875,30.0,105.26150000000001,243.74,392.738,11147,11147,1794.2047187584103,1794.13,/sys/devices/pci0000:00/0000:00:02.2/0000:23:00.0/nvme/nvme0/nvme0n1/nvme0n1p2,11337.469166999654,225.7890625,245.95703125,26974,0.10717728182694447,24948,288.2510839990573,18.0,235.0,269.0,36,117.0,99.890625,41350,323989,88.68174489994225,3089.7399999999907,105.69599999999991,15016,0,0,20000,PASS,a3f07805d1b15666b9ef9ce62daa7f441b622c08d151bc1c8d5ab67cfc97559b,/work/ARIABC/AriaBC/.bench_tmp/oom_s1024_20261001/merkle/run_20261001_041840_f2ede8c5/a_s0.99_bcdb_merkle_w1_t1
d,0.99,bcdb_merkle,16,1,serializable,0,0,0,,20000,32MB,100000000,149312.79332099803,delta,609.8203125,50.0,104.1945,241.92649999999998,392.649,1777,1777,11254.924029262802,11250.35,/sys/devices/pci0000:00/0000:00:02.2/0000:23:00.0/nvme/nvme0/nvme0n1/nvme0n1p2,2127.2344639983203,167.12109375,29.5703125,19936,0.3046749598715891,2771,40.52430500087212,6.0,11.0,25.0,11,4.0,11.82421875,23872,107376,81.81153236620749,6204.483000000007,10.725999999998749,1179,0,0,20000,PASS,9c025251db4a79632681b1a6274fd67924245a97d6d200314b84b4336900c34a,/work/ARIABC/AriaBC/.bench_tmp/oom_s1024_20261001/merkle/run_20261001_041840_f2ede8c5/d_s0.99_bcdb_merkle_w16_t1
a,0.99,bcdb_merkle,16,1,serializable,0,0,0,,20000,32MB,100000000,162647.59672999935,delta,82.875,50.0,103.5985,241.526,391.837,3370,3370,5934.718100890208,5934.72,/sys/devices/pci0000:00/0000:00:02.2/0000:23:00.0/nvme/nvme0/nvme0n1/nvme0n1p2,3672.544218999974,225.6328125,176.578125,27024,0.4688425103611604,10829,192.99806599883595,18.0,141.0,175.0,36,25.0,120.046875,41168,335737,89.07735370982078,12601.859999999986,139.40899999999965,18387,0,0,20000,PASS,a3f07805d1b15666b9ef9ce62daa7f441b622c08d151bc1c8d5ab67cfc97559b,/work/ARIABC/AriaBC/.bench_tmp/oom_s1024_20261001/merkle/run_20261001_041840_f2ede8c5/a_s0.99_bcdb_merkle_w16_t1
a,1.2,bcdb_merkle,1,1,serializable,0,0,0,,20000,32MB,100000000,137952.3283669987,delta,611.13671875,50.0,104.9555,245.899,393.215,8824,8824,2266.5457842248416,2266.51,/sys/devices/pci0000:00/0000:00:02.2/0000:23:00.0/nvme/nvme0/nvme0n1/nvme0n1p2,9089.32022099907,85.328125,151.91796875,9500,0.13063157894736843,23383,1609.6213700002409,1148.0,317.0,1544.0,36,59.0,21.7734375,10727,307265,96.62664469546404,1211.618999999977,3.6260000000002037,511,0,0,20000,PASS,4f763c4243628beba2cf3841e69b2056e518dcb24ad3bc1c9ff7d255ff9700f2,/work/ARIABC/AriaBC/.bench_tmp/oom_s1024_20261001/merkle/run_20261001_041840_f2ede8c5/a_s1.2_bcdb_merkle_w1_t1
a,0.0,bcdb_merkle,1,1,serializable,0,0,0,,20000,32MB,100000000,115112.89174400008,delta,197.09765625,30.0,103.18299999999999,243.2245,391.64250000000004,17092,17092,1170.1380762930025,1170.14,/sys/devices/pci0000:00/0000:00:02.2/0000:23:00.0/nvme/nvme0/nvme0n1/nvme0n1p2,17424.38968299757,444.36328125,387.35546875,55301,0.14455434802263972,28089,363.20947499916656,16.0,229.0,269.0,36,33.0,201.734375,83328,336719,80.16221994205411,8644.484000000026,210.34299999999894,29890,0,0,20000,PASS,7a031904b743e46ac36c81f8ee675141eec90f2831dd31f8788bed7a36bd1b83,/work/ARIABC/AriaBC/.bench_tmp/oom_s1024_20261001/merkle/run_20261001_041840_f2ede8c5/a_s0.0_bcdb_merkle_w1_t1
a,0.0,bcdb_merkle,16,1,serializable,0,0,0,,20000,32MB,100000000,144052.75734799943,delta,1267.0546875,50.0,106.459,244.497,392.48900000000003,5045,5045,3964.3211100099106,3963.64,/sys/devices/pci0000:00/0000:00:02.2/0000:23:00.0/nvme/nvme0/nvme0n1/nvme0n1p2,5264.29313999688,444.0078125,297.6875,55287,0.6099625590102555,11748,428.94403699756367,16.0,268.0,308.0,36,34.0,238.46875,82655,340245,80.45519035232915,34240.709,301.46199999999953,35569,0,0,20000,PASS,7a031904b743e46ac36c81f8ee675141eec90f2831dd31f8788bed7a36bd1b83,/work/ARIABC/AriaBC/.bench_tmp/oom_s1024_20261001/merkle/run_20261001_041840_f2ede8c5/a_s0.0_bcdb_merkle_w16_t1
f,0.99,bcdb_merkle,1,1,serializable,0,0,0,,20000,32MB,100000000,123656.47197699582,delta,1266.890625,30.0,102.672,242.463,392.168,12907,12907,1549.5467575734099,1549.5,/sys/devices/pci0000:00/0000:00:02.2/0000:23:00.0/nvme/nvme0/nvme0n1/nvme0n1p2,13241.489813000953,225.6640625,253.265625,26972,0.15419694497997924,25852,522.141253000882,18.0,399.0,435.0,36,239.0,95.28125,41487,374842,90.03504439998174,4302.807000000001,104.92499999999927,14206,0,0,20000,PASS,89dec3212c59cd9d38b0d7209c328955087abeef4f88b6f02a54643a4ba7e050,/work/ARIABC/AriaBC/.bench_tmp/oom_s1024_20261001/merkle/run_20261001_041840_f2ede8c5/f_s0.99_bcdb_merkle_w1_t1
