run_id,scenario,short_name,fault_target,fault_type,recovery_mode,detection_reason,ref_node,tps_majority_visible,overhead_vs_baseline_pct,latency_majority_per_tx_ms,all3_audit_valid,divergence_count,permanent_failures,cut_ms,repair_ms,catchup_ms,total_recovery_ms,mismatched_partitions,differing_leaves,rows_deleted,rows_upserted,empty_100ms_buckets,max_completion_gap_ms,phase8_merkle_pass,phase8_root,note
cluster4_final_A_baseline_180113,Baseline (Recovery Off),A: Baseline,None,none,off,none,-,8850.05,0.0,10.847,yes,0,0,0,0,0,0,0,0,0,0,0,20.31,PASS,80566f7114b529dda1e6da732dab5462a8cdbce998afa5fec073e224d0ea6ad5,"Standard 3-node Raft-Kafka majority quorum baseline, no recovery manager"
cluster4_final_B_nofault_180113,Recovery Overhead (No Fault),B: Overhead,None,none,both,none,-,8829.05,-0.24,10.873,yes,0,0,0,0,0,0,0,0,0,0,0,22.28,PASS,80566f7114b529dda1e6da732dab5462a8cdbce998afa5fec073e224d0ea6ad5,"Recovery manager active with 1s periodic aligned Merkle cuts, 0 mismatches"
cluster4_final_C_fault_180113,"Follower Fault (Update, Mode: Both)",C: Follower Upd,utkarsh (Node 4),update,both,result_divergence,admin123 (Node 1),8692.82,-1.78,11.044,yes,0,0,2741,59,7970,10824,30,31,0,31,0,91.89,PASS,80566f7114b529dda1e6da732dab5462a8cdbce998afa5fec073e224d0ea6ad5,100 tuples corrupted @ 5s; in-flight divergence detected; non-blocking recovery
cluster4_mode_M_passive_181118,Follower Fault (Passive Detection Only),M_pass: Follower Upd,utkarsh (Node 4),update,passive,merkle_compare,admin123 (Node 1),8772.89,-0.87,10.943,yes,0,0,2713,55,4512,7340,7,7,0,7,0,103.86,PASS,80566f7114b529dda1e6da732dab5462a8cdbce998afa5fec073e224d0ea6ad5,Per-tx divergence triggers comparison; Merkle state compare at L=405 triggers repair
cluster4_mode_M_active_r1_183115,Follower Fault (Active Detection Trial 1),M_act_r1: Follower Upd,utkarsh (Node 4),update,active,result_divergence,admin123 (Node 1),8601.23,-2.81,11.161,yes,0,0,2785,103,8274,11217,108,133,0,154,0,180.54,PASS,80566f7114b529dda1e6da732dab5462a8cdbce998afa5fec073e224d0ea6ad5,Active vote divergence triggers instant quarantine and recovery
cluster4_mode_M_active_r2_183115,Follower Fault (Active Detection Trial 2),M_act_r2: Follower Upd,utkarsh (Node 4),update,active,result_divergence,admin123 (Node 1),8700.38,-1.69,11.034,yes,0,0,2780,54,8284,11173,27,29,0,29,0,39.83,PASS,80566f7114b529dda1e6da732dab5462a8cdbce998afa5fec073e224d0ea6ad5,Active vote divergence triggers instant quarantine and recovery (repeat trial)
cluster4_test_mixed_utkarsh_184953,Follower Fault (Mixed: Upd + Del + Ins),M_mix: Follower Mixed,utkarsh (Node 4),mixed,both,result_divergence,admin123 (Node 1),8686.21,-1.85,11.052,yes,0,0,2759,88,8094,10997,66,77,34,43,0,89.12,PASS,80566f7114b529dda1e6da732dab5462a8cdbce998afa5fec073e224d0ea6ad5,"Mixed corruption (34 deletes, 43 upserts repaired); verified full table recovery"
cluster4_test_leader_184843,Leader Fault Update (Unprioritized Ref),L1_init: Leader Upd (Slow Ref),admin123 (Node 1),update,both,result_divergence,"user4 (Node 2, lagging)",8052.34,-9.01,11.922,yes,0,0,3290,60,8093,12990,28,31,0,31,3,387.38,PASS,80566f7114b529dda1e6da732dab5462a8cdbce998afa5fec073e224d0ea6ad5,"Default static order picked swapping Node 2; 3 empty buckets, 387ms gap"
cluster4_test_leader_mixed_185108,Leader Fault Mixed (Unprioritized Ref),L_mix_init: Leader Mixed (Slow Ref),admin123 (Node 1),mixed,both,result_divergence,"user4 (Node 2, swapping)",4440.0,-49.83,21.622,yes,0,0,14559,324,2,14953,51,65,34,33,49,3306.52,PASS,80566f7114b529dda1e6da732dab5462a8cdbce998afa5fec073e224d0ea6ad5,Static order picked swapping Node 2; cut timed out 10x (14.56s cut); 49 empty buckets
cluster4_test_leader_192800,Leader Fault Update (Prioritized Ref),L1_prio: Leader Upd (Fast Ref),admin123 (Node 1),update,both,result_divergence,"utkarsh (Node 4, fast)",8320.77,-5.98,11.537,yes,0,0,2785,102,8160,12588,115,151,0,164,0,133.54,PASS,80566f7114b529dda1e6da732dab5462a8cdbce998afa5fec073e224d0ea6ad5,Dynamic status sorting picked fast Node 4; cut 2.78s; 0 empty buckets
cluster4_test_leader_mixed_192316,Leader Fault Mixed (Prioritized Ref),L_mix_prio: Leader Mixed (Fast Ref),admin123 (Node 1),mixed,both,result_divergence,"utkarsh (Node 4, fast)",8673.5,-1.99,11.068,yes,0,0,2777,115,7413,10363,132,185,34,167,0,94.31,PASS,80566f7114b529dda1e6da732dab5462a8cdbce998afa5fec073e224d0ea6ad5,"Dynamic status sorting picked fast Node 4; TPS jumped to 8,674 (+95.3%); 0 empty buckets"
cluster4_recov_C_fault_140220,Follower Fault Deep Dive (140220),C_deep: Follower Telemetry,utkarsh (Node 4),update,both,result_divergence,admin123 (Node 1),8793.14,-0.64,10.918,yes,0,0,2622,54,45,2816,19,20,0,20,0,145.94,PASS,80566f7114b529dda1e6da732dab5462a8cdbce998afa5fec073e224d0ea6ad5,5.9ms Merkle localization; 54ms row repair; 25ms rebase; 45ms replay; total active 2.81s
