ariabc_internal,merkle_node_customer,merkle_node_customer_pkey,49328
ariabc_internal,merkle_node_district,merkle_node_district_pkey,17672
ariabc_internal,merkle_node_history,merkle_node_history_pkey,25623
ariabc_internal,merkle_node_new_order,merkle_node_new_order_pkey,37249
ariabc_internal,merkle_node_new_order,merkle_node_new_order_prefix_idx,2985
ariabc_internal,merkle_node_oorder,merkle_node_oorder_pkey,50893
ariabc_internal,merkle_node_order_line,merkle_node_order_line_pkey,557160
ariabc_internal,merkle_node_order_line,merkle_node_order_line_prefix_idx,4368
ariabc_internal,merkle_node_stock,merkle_node_stock_pkey,273681
ariabc_internal,merkle_node_warehouse,merkle_node_warehouse_pkey,8558
public,customer,idx_customer_name_mid,8628
public,customer,pk_customer,19497
public,district,pk_district,20152
public,item,pk_item,93330
public,new_order,new_order_merkle_lookup_idx,48
public,new_order,pk_new_order,18960
public,oorder,idx_oorder_customer_latest,860
public,oorder,pk_oorder,18960
public,order_line,order_line_merkle_lookup_idx,1456
public,order_line,pk_order_line,19768
public,stock,pk_stock,347213
public,warehouse,pk_warehouse,10017
