config,warehouses,trials,best_tps,median_tps,min_tps,tps,rerun,wal_per_tx,restarts,hot_warehouse,hot_district,hot_customer,hot_stock
pg_cur,5,3,2274.18,767.75,764.37,2274.18,True,17153.6872,50662,0.9864307970650317,0.9492592592592592,0.9924312994876572,0.9999898399796799
pg_cur,10,2,3432.72,2155.42,878.12,3432.72,True,25207.032,21909,0.9800876144962166,0.912974277352775,0.9985656913367756,0.9999801155287777
pg_cur,20,2,4360.22,3796.3450000000003,3232.47,4360.22,True,33731.3696,11205,0.9403687720674775,0.9285129045473167,0.9991594755127199,1.0
pg_cur,30,2,4682.93,2820.6850000000004,958.44,4682.93,True,37962.5868,7325,0.8797953964194374,0.9749712011728977,0.9988145639288738,1.0
pg_cur,50,3,4858.92,2615.04,1764.21,4858.92,True,42756.6692,5097,0.8433548885242738,0.9821650124069479,0.999668013058153,1.0
pg_cur,75,2,4997.49,3205.0,1412.51,4997.49,True,46096.0384,2874,0.9145718160008345,0.9886388227656352,0.99943429314929,1.0
pg_cur,100,2,5028.05,2952.465,876.88,5028.05,True,48486.974,2060,0.9339744975145883,0.9901976890641258,0.999647659874332,1.0
det_cur,5,2,905.92,902.24,898.56,905.92,True,16785.8448,14761,1.0,0.998694294635254,0.9984975961538461,1.0
det_cur,10,2,1196.65,1191.935,1187.22,1196.65,True,24924.8772,10465,1.0,0.997955474784189,0.9990404222142257,1.0
det_cur,20,4,1578.57,1024.66,687.99,1578.57,True,33522.3788,6478,1.0,0.9970499801440971,0.9994623655913979,1.0
det_cur,30,2,1892.93,1892.545,1892.16,1892.93,True,37857.3432,4592,0.9991849091755939,0.9960227272727272,0.9996960116731517,1.0
det_cur,50,2,2202.43,1792.045,1381.66,2202.43,True,42690.1124,2880,0.9981271216200398,0.9950556944760173,0.9999392577294539,1.0
det_cur,75,2,2622.14,2608.645,2595.15,2622.14,True,46076.034,1966,0.9967521169237907,0.9952302538186361,0.9994072669077114,1.0
det_cur,100,2,2814.97,2782.1049999999996,2749.24,2814.97,True,48453.8344,1494,0.9961362838075167,0.9952272727272727,0.9999391394315623,1.0
merkle_wh16,5,2,664.71,663.78,662.85,664.71,True,25977.776,15033,1.0,0.998694294635254,0.9982572115384616,0.9999888595523768
merkle_wh16,10,2,879.79,870.1099999999999,860.43,879.79,True,39044.1756,10845,1.0,0.9978986824170831,0.9990404222142257,1.0
merkle_wh16,20,3,1137.75,1137.52,483.51,1137.75,True,55780.6276,6924,0.9998841251448436,0.9967663243887218,0.9995221027479092,1.0
merkle_wh16,30,2,1343.32,1339.7350000000001,1336.15,1343.32,True,65607.836,5067,0.9996506753609687,0.9961931818181818,0.9996960116731517,1.0
merkle_wh16,50,2,1578.02,1572.25,1566.48,1578.02,True,79059.2252,3328,0.9977759569237973,0.9948283700841101,0.9999392577294539,1.0
merkle_wh16,75,2,1810.0,1803.85,1797.7,1810.0,True,87991.1484,2359,0.9964041294513397,0.9941513826585656,0.9994665402169403,1.0
merkle_wh16,100,3,1984.35,1157.86,749.25,1984.35,True,93936.742,1861,0.9956679545720641,0.9944318181818181,0.9999391394315623,1.0
