section,workload,workers,trial,tps,divergence,permanent_failures,merkle_pass,run_id,config
YCSB-A,ycsb_workload_a_skew_0_00_20k.txt,16,1,13522.65,0,0,1,cluster4_20261008_112447_3486d873,default
YCSB-A,ycsb_workload_a_skew_0_00_20k.txt,16,1,13783.6,0,0,1,cluster4_20261008_113142_0965d69d,nolookahead
YCSB-A,ycsb_workload_a_skew_0_00_20k.txt,16,1,14074.6,0,0,1,cluster4_20261008_113248_7e4f1a97,noev
YCSB-A,ycsb_workload_a_skew_0_00_20k.txt,8,1,8481.76,0,0,1,cluster4_20261008_113353_56697f7e,default
YCSB-A,ycsb_workload_a_skew_0_00_20k.txt,8,1,8554.32,0,0,1,cluster4_20261008_113457_4c72dafc,nolookahead
YCSB-A,ycsb_workload_a_skew_0_00_20k.txt,8,1,8631.85,0,0,1,cluster4_20261008_113605_72475c84,noev
YCSB-A,ycsb_workload_a_skew_0_00_20k.txt,16,2,13661.2,0,0,1,cluster4_20261008_113714_bc97673f,nolookahead
YCSB-A,ycsb_workload_a_skew_0_00_20k.txt,16,2,14104.37,0,0,1,cluster4_20261008_113821_e1878c54,noev
YCSB-A,ycsb_workload_a_skew_0_00_20k.txt,16,2,13333.33,0,0,1,cluster4_20261008_113929_a3d13d70,default
YCSB-A,ycsb_workload_a_skew_0_00_20k.txt,8,2,8485.36,0,0,1,cluster4_20261008_114036_db47d1f4,nolookahead
YCSB-A,ycsb_workload_a_skew_0_00_20k.txt,8,2,8624.41,0,0,1,cluster4_20261008_114141_930740df,noev
YCSB-A,ycsb_workload_a_skew_0_00_20k.txt,8,2,8496.18,0,0,1,cluster4_20261008_114251_91f390cc,default
YCSB-A,ycsb_workload_a_skew_0_00_20k.txt,16,3,13995.8,0,0,1,cluster4_20261008_114357_efcd406e,noev
YCSB-A,ycsb_workload_a_skew_0_00_20k.txt,16,3,13559.32,0,0,1,cluster4_20261008_114502_966929c8,default
YCSB-A,ycsb_workload_a_skew_0_00_20k.txt,16,3,13802.62,0,0,1,cluster4_20261008_114609_2f9439b7,nolookahead
YCSB-A,ycsb_workload_a_skew_0_00_20k.txt,8,3,8572.65,0,0,1,cluster4_20261008_114717_5663eb77,noev
YCSB-A,ycsb_workload_a_skew_0_00_20k.txt,8,3,8442.38,0,0,1,cluster4_20261008_114826_cf2ca0b3,default
YCSB-A,ycsb_workload_a_skew_0_00_20k.txt,8,3,8503.4,0,0,1,cluster4_20261008_114934_eaaf7d67,nolookahead
merkle_startup_failed,schema_bootstrap,16,1,,,,0,cluster4_2_merkle_startup_20261008_115237_4f5d1189,default
recovery_A,ycsb_workload_a_skew_0_00_160k.txt,8,1,8824.18,0,0,1,cluster4_2_recovery_A_20261008_115302_d7cd8841,default
recovery_C,ycsb_workload_a_skew_0_00_160k.txt,8,1,,,,0,cluster4_2_recovery_C_20261008_115402_c30f719c,default
standalone_merkle,ariabc_kv_test,16,1,,,,1,cluster4_2_merkle_startup_retry_20261008_115800_190f0da9,default
