workload,skew,workers,updates,reads,inserts,mutations,mutation_fraction,det_tps,det_workload_us_per_stmt,det_device_read_mib,det_device_write_mib,det_checkpoint_write_mib,det_blks_read,det_blks_hit,det_blk_read_time_ms,det_blk_write_time_ms,det_device_read_await_ms,det_buffers_backend,det_continuous_write_mib,det_checkpoint_total_ms,det_artifacts,det_checkpoint_distance_kib,det_checkpoint_distance_matches,det_server_exec_calls,det_server_pg_query_ms,det_server_result_format_ms,det_server_retry_attempts_total,det_server_retry_exhausted_total,det_server_ordered_apply_wait_ms,det_server_kafka_send_calls,old_tps,old_workload_us_per_stmt,old_device_read_mib,old_device_write_mib,old_checkpoint_write_mib,old_blks_read,old_blks_hit,old_blk_read_time_ms,old_blk_write_time_ms,old_device_read_await_ms,old_buffers_backend,old_continuous_write_mib,old_checkpoint_total_ms,old_artifacts,old_checkpoint_distance_kib,old_checkpoint_distance_matches,old_server_exec_calls,old_server_pg_query_ms,old_server_result_format_ms,old_server_retry_attempts_total,old_server_retry_exhausted_total,old_server_ordered_apply_wait_ms,old_server_kafka_send_calls,new_tps,new_workload_us_per_stmt,new_device_read_mib,new_device_write_mib,new_checkpoint_write_mib,new_blks_read,new_blks_hit,new_blk_read_time_ms,new_blk_write_time_ms,new_device_read_await_ms,new_buffers_backend,new_continuous_write_mib,new_checkpoint_total_ms,new_artifacts,new_checkpoint_distance_kib,new_checkpoint_distance_matches,new_server_exec_calls,new_server_pg_query_ms,new_server_result_format_ms,new_server_retry_attempts_total,new_server_retry_exhausted_total,new_server_ordered_apply_wait_ms,new_server_kafka_send_calls,new_det,new_old,delta_wall_us_per_stmt,delta_pg_read_us_per_stmt,delta_wall_us_per_mutation_equivalent,delta_pg_read_us_per_mutation_equivalent,delta_checkpoint_distance_kib_per_mutation_equivalent,delta_device_read_mib_kib_per_mutation_equivalent,delta_device_write_mib_kib_per_mutation_equivalent,delta_checkpoint_write_mib_kib_per_mutation_equivalent,delta_continuous_write_mib_kib_per_mutation_equivalent,delta_blks_read_per_mutation_equivalent,delta_blks_hit_per_mutation_equivalent
a,0.0,1,9983,10017,0,9983,0.49915,1427.2461285948762,700.65,328.7890625,279.03125,106.29296875,43964,135201,6531.150999999998,95.8680000000004,0.1498578152578937,12513,391.984375,163.0,/work/ARIABC/AriaBC/Final_Results/OOM_100M/runs/det_merkle/a_s0.0_bcdb_det_w1_t1,154249,1,20000.0,13793.7,12.4078,0.0,0.0,8.36059,0.0,907.3586788857635,1102.1,676.390625,487.96875,285.37890625,113970,503748,12976.386999999995,277.9290000000001,0.15375485274844836,40508,780.4765625,360.0,/work/ARIABC/AriaBC/Final_Results/OOM_100M/runs/det_merkle/a_s0.0_bcdb_merkle_w1_t1,333232,1,20000.0,21792.6,14.9848,0.0,0.0,10.2223,0.0,1170.1380762930025,854.6,444.36328125,387.35546875,201.734375,83328,336719,8644.484000000026,210.34299999999894,0.14455434802263972,29890,596.7578125,269.0,/work/ARIABC/AriaBC/.bench_tmp/oom_s1024_20261001/merkle/run_20261001_041840_f2ede8c5/a_s0.0_bcdb_merkle_w1_t1,249207,1,20000.0,16917.1,14.5421,0.0,0.0,9.25157,0.0,0.8198572431546922,1.2896091738825182,153.95,105.6666500000014,308.4243213462887,211.69317840328839,9.51197034959431,11.854953420815386,11.111289191625763,9.789842732645498,21.004507663027145,3.9431032755684665,20.18611639787639
a,0.0,4,9983,10017,0,9983,0.49915,3078.8177339901476,324.8,327.1875,243.1796875,130.1328125,43820,132880,12771.205999999998,134.47600000000057,0.3000123289360128,15701,381.0078125,392.0,/work/ARIABC/AriaBC/Final_Results/OOM_100M/runs/det_merkle/a_s0.0_bcdb_det_w4_t1,154249,1,20000.0,25752.8,12.2678,0.0,0.0,6.71028,0.0,1786.3522686673812,559.8,674.12109375,442.91796875,319.59375,113331,501437,21480.160000000003,337.60599999999977,0.2577714250201976,45563,770.1328125,439.0,/work/ARIABC/AriaBC/Final_Results/OOM_100M/runs/det_merkle/a_s0.0_bcdb_merkle_w4_t1,333224,1,20000.0,44538.4,13.3584,0.0,0.0,6.292,0.0,2302.8209556706965,434.25,444.28515625,346.92578125,226.4296875,82888,335120,16409.964999999997,259.8899999999994,0.28441213173457763,33715,581.046875,466.0,/work/ARIABC/AriaBC/.bench_tmp/oom_s1024_20261001/merkle/run_20261001_041840_f2ede8c5/a_s0.0_bcdb_merkle_w4_t1,249199,1,20000.0,34455.4,12.8141,0.0,0.0,6.31703,0.0,0.7479562464018422,1.289119170984456,109.45,181.93794999999992,219.2727636982871,364.4955424221174,9.511168987278372,12.011219072423119,10.641690874486628,9.877591906240609,20.518882099569268,3.913452869878794,20.258439346889713
a,0.0,8,9983,10017,0,9983,0.49915,3743.215422047539,267.15,327.03515625,216.421875,135.296875,43883,133583,21559.536999999997,145.6180000000004,0.5159325210871603,16329,358.828125,230.0,/work/ARIABC/AriaBC/Final_Results/OOM_100M/runs/det_merkle/a_s0.0_bcdb_det_w8_t1,154249,1,20000.0,42461.5,10.6011,0.0,0.0,4.76498,0.0,2165.2051531882644,461.85,674.1171875,426.0390625,325.55859375,113406,502719,34145.34299999999,361.6900000000005,0.4182306296452808,46473,759.1640625,465.0,/work/ARIABC/AriaBC/Final_Results/OOM_100M/runs/det_merkle/a_s0.0_bcdb_merkle_w8_t1,333213,1,20000.0,73614.4,11.9223,0.0,0.0,5.27344,0.0,2989.0898221491557,334.55,444.52734375,320.89453125,233.16796875,82667,336713,24437.219000000012,278.9539999999997,0.4306896676431232,34690,562.27734375,302.0,/work/ARIABC/AriaBC/.bench_tmp/oom_s1024_20261001/merkle/run_20261001_041840_f2ede8c5/a_s0.0_bcdb_merkle_w8_t1,249188,1,20000.0,53491.1,11.9363,0.0,0.0,4.92679,0.0,0.7985353459871469,1.3805111343595877,67.4,143.88410000000076,135.0295502354002,288.2582390063123,9.51006711409396,12.051687869377943,10.716217569868776,10.039066412901933,20.86867675047581,3.885004507663027,20.347590904537714
a,0.0,16,9983,10017,0,9983,0.49915,4977.600796416127,200.9,327.3515625,193.00390625,139.1171875,43735,135515,29825.055999999997,159.1170000000002,0.7190867174593781,16870,339.6875,182.0,/work/ARIABC/AriaBC/Final_Results/OOM_100M/runs/det_merkle/a_s0.0_bcdb_det_w16_t1,154249,1,20000.0,63869.2,10.2396,0.0,0.0,3.98538,0.0,2536.461636017755,394.25,673.3125,407.875,330.2890625,113163,506018,57775.381,383.5149999999994,0.7172550969666832,47191,744.76171875,429.0,/work/ARIABC/AriaBC/Final_Results/OOM_100M/runs/det_merkle/a_s0.0_bcdb_merkle_w16_t1,333192,1,20000.0,125791.0,11.9356,0.0,0.0,4.17121,0.0,3964.3211100099106,252.25,444.0078125,297.6875,238.46875,82655,340245,34240.709,301.46199999999953,0.6099625590102555,35569,544.3359375,308.0,/work/ARIABC/AriaBC/.bench_tmp/oom_s1024_20261001/merkle/run_20261001_041840_f2ede8c5/a_s0.0_bcdb_merkle_w16_t1,249165,1,20000.0,79671.0,10.8544,0.0,0.0,4.12125,0.0,0.7964321110009911,1.5629335976214074,51.35,220.78265000000027,102.87488730842432,442.31723930682216,9.50776319743564,11.965942101572674,10.73785435239908,10.190924571772012,20.99168586597215,3.8986276670339577,20.507863367725133
a,0.99,1,10008,9992,0,10008,0.5004,2149.38205265986,465.25,147.30859375,177.62890625,43.46875,19595,133286,2106.3960000000006,29.431000000000495,0.11778521519581939,3906,226.7421875,78.0,/work/ARIABC/AriaBC/Final_Results/OOM_100M/runs/det_merkle/a_s0.99_bcdb_det_w1_t1,71540,1,20000.0,9103.8,11.7146,0.0,0.0,8.69586,0.0,1318.652337311268,758.35,393.359375,321.01953125,159.58203125,66755,452343,6890.730000000003,163.6849999999995,0.14484361977453172,24839,488.171875,209.0,/work/ARIABC/AriaBC/Final_Results/OOM_100M/runs/det_merkle/a_s0.99_bcdb_merkle_w1_t1,190454,1,20000.0,14961.0,11.5993,0.0,0.0,8.13812,0.0,1794.2047187584103,557.35,225.7890625,245.95703125,99.890625,41350,323989,3089.7399999999907,105.69599999999991,0.10717728182694447,15016,353.95703125,269.0,/work/ARIABC/AriaBC/.bench_tmp/oom_s1024_20261001/merkle/run_20261001_041840_f2ede8c5/a_s0.99_bcdb_merkle_w1_t1,130894,1,20000.0,10864.4,13.8676,0.0,0.0,8.60885,0.0,0.8347537454023505,1.3606351484704404,92.1,49.1671999999995,184.05275779376498,98.25579536370803,5.9306554756195045,8.029976019184652,6.991207034372502,5.772981614708233,13.01638689048761,2.1737609912070344,19.05505595523581
a,0.99,4,10008,9992,0,10008,0.5004,3907.7764751856193,255.9,146.76953125,149.07421875,52.15234375,19737,133063,5204.477000000006,47.8179999999993,0.2994652406417112,5484,208.9296875,99.0,/work/ARIABC/AriaBC/Final_Results/OOM_100M/runs/det_merkle/a_s0.99_bcdb_det_w4_t1,71508,1,20000.0,20257.5,11.128,0.0,0.0,5.30652,0.0,2272.4690376093627,440.05,393.14453125,294.80078125,175.77734375,66391,462753,11840.715000000004,203.3209999999999,0.25394318306460456,27630,478.2578125,238.0,/work/ARIABC/AriaBC/Final_Results/OOM_100M/runs/det_merkle/a_s0.99_bcdb_merkle_w4_t1,190488,1,20000.0,34981.7,12.5839,0.0,0.0,5.89253,0.0,2929.5444558371173,341.35,226.046875,220.9453125,109.98046875,41239,326352,7905.972999999998,130.65999999999985,0.2906666666666667,16745,339.0390625,178.0,/work/ARIABC/AriaBC/.bench_tmp/oom_s1024_20261001/merkle/run_20261001_041840_f2ede8c5/a_s0.99_bcdb_merkle_w4_t1,130910,1,20000.0,27145.4,11.4596,0.0,0.0,5.4541,0.0,0.7496704262487184,1.2891460377911235,85.45,135.0747999999996,170.76338928856916,269.9336530775372,5.935451638689049,8.111510791366907,7.353717026378897,5.916866506794564,13.312549960031975,2.1484812150279775,19.313449240607515
a,0.99,8,10008,9992,0,10008,0.5004,5178.663904712585,193.1,147.2578125,124.921875,55.09765625,19707,134457,7651.468000000001,49.69800000000032,0.44480823199251635,5987,187.85546875,90.0,/work/ARIABC/AriaBC/Final_Results/OOM_100M/runs/det_merkle/a_s0.99_bcdb_det_w8_t1,71479,1,20000.0,30645.4,8.62003,0.0,0.0,4.00355,0.0,2916.7274318214963,342.85,392.94140625,277.5625,180.8359375,66076,471029,16957.797999999995,218.1929999999993,0.36640266777824093,28479,466.10546875,260.0,/work/ARIABC/AriaBC/Final_Results/OOM_100M/runs/det_merkle/a_s0.99_bcdb_merkle_w8_t1,190534,1,20000.0,54599.8,11.8059,0.0,0.0,4.74662,0.0,4518.752824220515,221.3,225.77734375,195.55078125,116.74609375,41143,329789,9061.427000000025,132.59799999999996,0.3346054094108929,17797,319.8515625,7922.0,/work/ARIABC/AriaBC/.bench_tmp/oom_s1024_20261001/merkle/run_20261001_041840_f2ede8c5/a_s0.99_bcdb_merkle_w8_t1,130972,1,20000.0,35364.8,9.26865,0.0,0.0,3.98349,0.0,0.8725711703569814,1.5492544057840036,28.2,70.49795000000123,56.354916067146284,140.88319344524623,5.944544364508393,8.033972821742607,7.226618705035971,6.30775379696243,13.505595523581135,2.1418864908073543,19.517585931254995
a,0.99,16,10008,9992,0,10008,0.5004,7296.607077708865,137.05,146.5859375,105.30078125,58.7578125,19758,137094,9209.178,53.524999999999636,0.537820061075875,6449,171.69921875,92.0,/work/ARIABC/AriaBC/Final_Results/OOM_100M/runs/det_merkle/a_s0.99_bcdb_det_w16_t1,71464,1,20000.0,43486.1,8.12004,0.0,0.0,3.3352,0.0,3908.5401602501465,255.85,393.234375,255.06640625,186.63671875,65972,480950,22932.84500000001,225.54600000000028,0.500953466453324,29332,449.7890625,282.0,/work/ARIABC/AriaBC/Final_Results/OOM_100M/runs/det_merkle/a_s0.99_bcdb_merkle_w16_t1,190617,1,20000.0,81510.0,10.791,0.0,0.0,3.83628,0.0,5934.718100890208,168.5,225.6328125,176.578125,120.046875,41168,335737,12601.859999999986,139.40899999999965,0.4688425103611604,18387,304.30859375,175.0,/work/ARIABC/AriaBC/.bench_tmp/oom_s1024_20261001/merkle/run_20261001_041840_f2ede8c5/a_s0.99_bcdb_merkle_w16_t1,131081,1,20000.0,53360.2,8.68283,0.0,0.0,3.29429,0.0,0.813353115727003,1.5183976261127596,31.45,169.6340999999993,62.849720223820945,338.99700239808016,5.956934452438049,8.08792965627498,7.292965627498002,6.270983213429257,13.568345323741006,2.1392885691446843,19.848421262989607
a,1.2,1,10047,9953,0,10047,0.50235,2641.658961828028,378.55,45.7109375,99.35546875,17.60546875,4303,128704,575.9429999999993,0.01900000000023283,0.1434030119127894,45,119.9140625,1141.0,/work/ARIABC/AriaBC/Final_Results/OOM_100M/runs/det_merkle/a_s1.2_bcdb_det_w1_t1,20515,1,20000.0,7378.36,11.2789,0.0,0.0,7.00144,0.0,1987.8739687903787,503.05,151.58984375,181.296875,43.83984375,21589,387706,2314.8169999999955,34.373999999999796,0.1317124985247256,4963,231.171875,75.0,/work/ARIABC/AriaBC/Final_Results/OOM_100M/runs/det_merkle/a_s1.2_bcdb_merkle_w1_t1,71022,1,20000.0,9863.35,12.0514,0.0,0.0,7.28068,0.0,2266.5457842248416,441.2,85.328125,151.91796875,21.7734375,10727,307265,1211.618999999977,3.6260000000002037,0.13063157894736843,511,178.08984375,1544.0,/work/ARIABC/AriaBC/.bench_tmp/oom_s1024_20261001/merkle/run_20261001_041840_f2ede8c5/a_s1.2_bcdb_merkle_w1_t1,48003,1,20000.0,8609.89,13.4818,0.0,0.0,8.76607,0.0,0.8580009066183137,1.1401858567543066,62.65,31.783799999998884,124.71384492883448,63.270229919376696,2.7359410769383894,4.037822235493182,5.357221061013238,0.4248034239076341,5.9293321389469495,0.6393948442321091,17.772568926047576
a,1.2,4,10047,9953,0,10047,0.50235,4692.632566870014,213.1,45.94140625,80.92578125,17.5625,4306,135784,1321.6779999999999,0.021000000000640284,0.3141831238779174,48,101.44921875,34.0,/work/ARIABC/AriaBC/Final_Results/OOM_100M/runs/det_merkle/a_s1.2_bcdb_det_w4_t1,20350,1,20000.0,16863.4,8.99759,0.0,0.0,4.63687,0.0,3000.3000300030003,333.3,152.4375,162.3046875,50.68359375,21530,407862,4842.616999999998,47.72199999999975,0.2804612578690357,6182,220.08984375,86.0,/work/ARIABC/AriaBC/Final_Results/OOM_100M/runs/det_merkle/a_s1.2_bcdb_merkle_w4_t1,70887,1,20000.0,26462.8,11.1138,0.0,0.0,5.03445,0.0,3770.739064856712,265.2,85.390625,128.27734375,29.2890625,10800,317590,2789.756000000023,14.890999999999622,0.3034945954454822,1814,163.08984375,59.0,/work/ARIABC/AriaBC/.bench_tmp/oom_s1024_20261001/merkle/run_20261001_041840_f2ede8c5/a_s1.2_bcdb_merkle_w4_t1,47890,1,20000.0,21113.7,9.92734,0.0,0.0,4.86076,0.0,0.8035444947209653,1.256787330316742,52.1,73.40390000000116,103.71255101025181,146.1210311535805,2.7411167512690353,4.020702697322584,4.826117248930029,1.1951826415845526,6.2824723798148705,0.6463620981387479,18.095550910719616
a,1.2,8,10047,9953,0,10047,0.50235,6651.1473229132025,150.35,45.75390625,62.6875,17.74609375,4310,143165,1426.5570000000007,0.021000000000640284,0.33513027852650495,51,83.515625,56.0,/work/ARIABC/AriaBC/Final_Results/OOM_100M/runs/det_merkle/a_s1.2_bcdb_det_w8_t1,20297,1,20000.0,23821.9,8.47204,0.0,0.0,4.00948,0.0,3768.607499528924,265.35,152.3125,146.33203125,54.82421875,21417,423736,6218.969000000005,51.625,0.36115683047260755,6727,207.375,90.0,/work/ARIABC/AriaBC/Final_Results/OOM_100M/runs/det_merkle/a_s1.2_bcdb_merkle_w8_t1,70791,1,20000.0,42220.1,9.16714,0.0,0.0,4.25027,0.0,5064.573309698658,197.45,85.6875,108.80078125,32.15625,10880,327833,3275.1089999999967,19.41699999999946,0.3565453785027185,2308,147.51171875,77.0,/work/ARIABC/AriaBC/.bench_tmp/oom_s1024_20261001/merkle/run_20261001_041840_f2ede8c5/a_s1.2_bcdb_merkle_w8_t1,47878,1,20000.0,31424.7,8.64419,0.0,0.0,3.7205,0.0,0.7614585971131932,1.3438845277285387,47.1,92.4275999999998,93.75933114362496,183.99044490892766,2.7451975714143524,4.070070667861053,4.6999104210212,1.4686971235194586,6.52254404299791,0.6539265452373842,18.38041206330248
a,1.2,16,10047,9953,0,10047,0.50235,7880.220646178093,126.9,45.75390625,53.1328125,17.1796875,4314,153502,1727.4879999999976,0.02599999999983993,0.4039541676027859,55,73.87890625,36.0,/work/ARIABC/AriaBC/Final_Results/OOM_100M/runs/det_merkle/a_s1.2_bcdb_det_w16_t1,20259,1,20000.0,40270.4,8.53309,0.0,0.0,3.73088,0.0,4531.037607612143,220.7,152.69140625,134.06640625,57.00390625,21446,444244,6708.8269999999975,55.65300000000025,0.38949530516431924,7142,197.625,112.0,/work/ARIABC/AriaBC/Final_Results/OOM_100M/runs/det_merkle/a_s1.2_bcdb_merkle_w16_t1,70807,1,20000.0,70298.9,9.24083,0.0,0.0,3.80943,0.0,6161.429451632779,162.3,85.88671875,98.1875,34.03515625,10969,341895,3367.967000000004,22.572000000000116,0.3651058504536448,2573,138.56640625,64.0,/work/ARIABC/AriaBC/.bench_tmp/oom_s1024_20261001/merkle/run_20261001_041840_f2ede8c5/a_s1.2_bcdb_merkle_w16_t1,47907,1,20000.0,51810.7,9.18646,0.0,0.0,3.77459,0.0,0.7818853974121996,1.3598274799753545,35.4,82.02395000000033,70.46879665571812,163.2804817358422,2.7518662287249924,4.090375236388972,4.5920175176669655,1.717925748979795,6.593012839653628,0.6623867821240171,18.751169503334328
b,0.99,1,969,19031,0,969,0.04845,4030.6328093510683,248.1,147.359375,22.75,3.24609375,19588,90406,2470.934000000001,0.11199999999917054,0.13847497089639116,33,30.85546875,20.0,/work/ARIABC/AriaBC/Final_Results/OOM_100M/runs/det_merkle/b_s0.99_bcdb_det_w1_t1,8695,1,20000.0,4795.26,15.1568,0.0,0.0,6.69219,0.0,3402.5178632187817,293.9,185.5546875,50.9921875,10.6328125,26226,121822,3110.6919999999955,6.219999999999345,0.13540998625744388,771,68.484375,39.0,/work/ARIABC/AriaBC/Final_Results/OOM_100M/runs/det_merkle/b_s0.99_bcdb_merkle_w1_t1,25115,1,20000.0,5692.0,18.4983,0.0,0.0,7.51861,0.0,3478.2608695652175,287.5,165.23828125,44.390625,6.1015625,23638,107771,2992.771000000008,0.6159999999999854,0.14682800870841983,86,55.85546875,26.0,/work/ARIABC/AriaBC/.bench_tmp/oom_s1024_20261001/merkle/run_20261001_041840_f2ede8c5/b_s0.99_bcdb_merkle_w1_t1,19405,1,20000.0,5524.61,17.2309,0.0,0.0,7.65304,0.0,0.8629565217391304,1.0222608695652176,39.4,26.091850000000342,813.2094943240454,538.531475748201,11.052631578947368,18.893704850361196,22.86893704850361,3.017543859649123,26.418988648090814,4.179566563467493,17.920536635706913
b,0.99,4,969,19031,0,969,0.04845,8357.709987463435,119.65,147.51953125,21.89453125,3.765625,19586,89950,3601.6749999999956,0.23799999999937427,0.2054658819416118,46,30.625,25.0,/work/ARIABC/AriaBC/Final_Results/OOM_100M/runs/det_merkle/b_s0.99_bcdb_det_w4_t1,8694,1,20000.0,9384.23,10.387,0.0,0.0,4.44397,0.0,6578.9473684210525,152.0,192.01171875,42.828125,18.1796875,26110,123465,3935.8020000000033,14.843999999999141,0.17652680440520616,1852,66.86328125,49.0,/work/ARIABC/AriaBC/Final_Results/OOM_100M/runs/det_merkle/b_s0.99_bcdb_merkle_w4_t1,25128,1,20000.0,11968.6,10.8268,0.0,0.0,4.43776,0.0,7471.049682480389,133.85,165.32421875,35.35546875,12.68359375,23591,108150,3433.7309999999998,8.975999999998749,0.16754403725450495,1071,54.0390625,39.0,/work/ARIABC/AriaBC/.bench_tmp/oom_s1024_20261001/merkle/run_20261001_041840_f2ede8c5/b_s0.99_bcdb_merkle_w4_t1,19418,1,20000.0,10410.1,11.0969,0.0,0.0,4.82748,0.0,0.8939110945087785,1.135599551737019,14.2,-8.397199999999794,293.0856553147575,-173.316821465424,11.067079463364292,18.815273477812177,14.224974200206399,9.424148606811146,24.743034055727556,4.13312693498452,18.782249742002065
b,0.99,8,969,19031,0,969,0.04845,10822.510822510823,92.4,147.40625,20.71875,4.71875,19556,90956,4966.754000000001,1.977999999999156,0.28529805955363907,218,30.48828125,30.0,/work/ARIABC/AriaBC/Final_Results/OOM_100M/runs/det_merkle/b_s0.99_bcdb_det_w8_t1,8693,1,20000.0,14546.9,10.8891,0.0,0.0,4.30211,0.0,8532.423208191127,117.2,185.515625,40.26953125,20.48828125,26101,125382,4757.145000000004,18.745999999999185,0.2110209508091505,2166,66.71484375,52.0,/work/ARIABC/AriaBC/Final_Results/OOM_100M/runs/det_merkle/b_s0.99_bcdb_merkle_w8_t1,25140,1,20000.0,18521.9,10.7378,0.0,0.0,4.15167,0.0,9675.858732462506,103.35,165.35546875,32.82421875,14.453125,23518,110040,4504.645999999979,12.028000000000247,0.22100202429149798,1328,53.7890625,40.0,/work/ARIABC/AriaBC/.bench_tmp/oom_s1024_20261001/merkle/run_20261001_041840_f2ede8c5/b_s0.99_bcdb_merkle_w8_t1,19431,1,20000.0,16406.5,10.5264,0.0,0.0,4.03465,0.0,0.8940493468795355,1.1340106434446056,10.95,-23.1054000000011,226.0061919504644,-476.8916408668958,11.081527347781218,18.968008255933952,12.792569659442725,10.28689370485036,24.62332301341589,4.0887512899896805,19.69453044375645
b,0.99,16,969,19031,0,969,0.04845,13821.7000691085,72.35,147.39453125,19.26953125,5.734375,19638,92362,6740.5,2.92200000000048,0.38595060577819196,314,29.84765625,28.0,/work/ARIABC/AriaBC/Final_Results/OOM_100M/runs/det_merkle/b_s0.99_bcdb_det_w16_t1,8692,1,20000.0,22815.8,11.0714,0.0,0.0,4.2169,0.0,10235.414534288639,97.7,185.65234375,38.43359375,21.21875,26091,129388,6224.5869999999995,21.436999999999898,0.27529993589156515,2261,66.03125,52.0,/work/ARIABC/AriaBC/Final_Results/OOM_100M/runs/det_merkle/b_s0.99_bcdb_merkle_w16_t1,25154,1,20000.0,30944.5,11.4586,0.0,0.0,3.79871,0.0,11210.762331838565,89.2,165.41015625,32.67578125,14.984375,23616,113113,6660.526000000013,13.125,0.3307859709499469,1371,53.55078125,44.0,/work/ARIABC/AriaBC/.bench_tmp/oom_s1024_20261001/merkle/run_20261001_041840_f2ede8c5/b_s0.99_bcdb_merkle_w16_t1,19445,1,20000.0,28276.3,11.108,0.0,0.0,3.74416,0.0,0.8110986547085203,1.095291479820628,16.85,-3.9986999999993715,347.781217750258,-82.53250773992511,11.097007223942208,19.038183694530442,14.1671826625387,9.775025799793601,25.048503611971103,4.105263157894737,21.41486068111455
d,0.99,1,0,18976,1024,1024,0.0512,3932.3633503735746,254.3,140.68359375,8.81640625,0.56640625,18388,83508,2526.286,0.02299999999922875,0.15023847376788554,35,14.28515625,9.0,/work/ARIABC/AriaBC/Final_Results/OOM_100M/runs/det_merkle/d_s0.99_bcdb_det_w1_t1,,2,20000.0,4896.55,18.8863,0.0,0.0,8.50945,0.0,3159.55766192733,316.5,193.0859375,52.03515625,8.21484375,26915,120916,3484.4490000000005,3.856999999999971,0.14699655993649113,490,65.6640625,24.0,/work/ARIABC/AriaBC/Final_Results/OOM_100M/runs/det_merkle/d_s0.99_bcdb_merkle_w1_t1,23273,1,20000.0,6133.52,20.0691,0.0,0.0,8.52139,0.0,3442.9333792391117,290.45,167.05859375,40.01953125,4.37890625,23894,103173,3112.845000000001,0.016999999999825377,0.1511581269427454,35,49.29296875,17.0,/work/ARIABC/AriaBC/.bench_tmp/oom_s1024_20261001/merkle/run_20261001_041840_f2ede8c5/d_s0.99_bcdb_merkle_w1_t1,15750,1,20000.0,5643.05,16.5449,0.0,0.0,6.40777,0.0,0.8755379583405061,1.0896884145291788,36.15,29.327950000000058,706.0546875,572.8115234375011,,26.375,31.203125,3.8125,35.0078125,5.376953125,19.2041015625
d,0.99,4,0,18976,1024,1024,0.0512,8517.887563884156,117.4,140.80859375,8.51953125,0.55859375,18467,82891,3491.408000000003,0.06199999999989814,0.20994069817203645,38,13.984375,10.0,/work/ARIABC/AriaBC/Final_Results/OOM_100M/runs/det_merkle/d_s0.99_bcdb_det_w4_t1,409,1,20000.0,9203.09,10.5957,0.0,0.0,4.54575,0.0,6437.07756678468,155.35,192.96875,41.16796875,16.41015625,26903,120970,3954.4860000000044,13.503999999998996,0.16751201870065716,1730,64.0078125,31.0,/work/ARIABC/AriaBC/Final_Results/OOM_100M/runs/det_merkle/d_s0.99_bcdb_merkle_w4_t1,23273,1,20000.0,12233.0,12.142,0.0,0.0,4.41226,0.0,7228.044813877846,138.35,167.421875,31.7421875,9.59765625,23861,102861,3711.494000000006,6.3770000000004075,0.18164503032429452,809,47.73828125,26.0,/work/ARIABC/AriaBC/.bench_tmp/oom_s1024_20261001/merkle/run_20261001_041840_f2ede8c5/d_s0.99_bcdb_merkle_w4_t1,15750,1,20000.0,10930.4,11.1223,0.0,0.0,4.42291,0.0,0.8485724611492591,1.1228767618359232,20.95,11.004300000000148,409.1796875,214.9277343750029,14.9814453125,26.61328125,23.22265625,9.0390625,33.75390625,5.267578125,19.501953125
d,0.99,8,0,18976,1024,1024,0.0512,11191.94180190263,89.35,140.9921875,8.3671875,0.5859375,18425,83426,4700.493999999999,0.030000000000654836,0.28381509940236616,38,13.953125,10.0,/work/ARIABC/AriaBC/Final_Results/OOM_100M/runs/det_merkle/d_s0.99_bcdb_det_w8_t1,409,1,20000.0,14071.3,9.73465,0.0,0.0,4.06025,0.0,7880.220646178093,126.9,193.31640625,38.5,18.6015625,26883,122243,4916.258999999998,16.868000000000393,0.209334037125011,2004,63.609375,34.0,/work/ARIABC/AriaBC/Final_Results/OOM_100M/runs/det_merkle/d_s0.99_bcdb_merkle_w8_t1,23273,1,20000.0,20066.7,11.1819,0.0,0.0,4.17132,0.0,9337.068160597571,107.1,167.140625,29.58984375,11.2734375,23819,104529,4589.537000000011,9.443999999999505,0.2249247743229689,1092,47.32421875,24.0,/work/ARIABC/AriaBC/.bench_tmp/oom_s1024_20261001/merkle/run_20261001_041840_f2ede8c5/d_s0.99_bcdb_merkle_w8_t1,15750,1,20000.0,16972.8,10.3092,0.0,0.0,3.8026,0.0,0.834267040149393,1.1848739495798317,17.75,-5.54784999999938,346.6796875,-108.35644531248789,14.9814453125,26.1484375,21.22265625,10.6875,33.37109375,5.267578125,20.6083984375
d,0.99,16,0,18976,1024,1024,0.0512,13422.818791946309,74.5,141.09375,8.0859375,0.6171875,18431,85167,6959.731,0.02900000000045111,0.4218425869432581,43,13.6015625,9.0,/work/ARIABC/AriaBC/Final_Results/OOM_100M/runs/det_merkle/d_s0.99_bcdb_det_w16_t1,409,1,20000.0,23488.2,11.6333,0.0,0.0,4.11993,0.0,9478.67298578199,105.5,193.20703125,37.96484375,19.26953125,26894,125519,6478.557000000001,19.05199999999968,0.2771588357039059,2112,63.63671875,37.0,/work/ARIABC/AriaBC/Final_Results/OOM_100M/runs/det_merkle/d_s0.99_bcdb_merkle_w16_t1,23273,1,20000.0,33425.3,11.6258,0.0,0.0,3.74959,0.0,11254.924029262802,88.85,167.12109375,29.5703125,11.82421875,23872,107376,6204.483000000007,10.725999999998749,0.3046749598715891,1179,46.80859375,25.0,/work/ARIABC/AriaBC/.bench_tmp/oom_s1024_20261001/merkle/run_20261001_041840_f2ede8c5/d_s0.99_bcdb_merkle_w16_t1,15750,1,20000.0,28246.9,11.109,0.0,0.0,3.48376,0.0,0.8384918401800787,1.1873944850872256,14.35,-37.762399999999616,280.2734375,-737.5468749999925,14.9814453125,26.02734375,21.484375,11.20703125,33.20703125,5.3134765625,21.6884765625
f,0.99,1,10008,9992,0,10008,0.5004,2013.2876988121602,496.7,147.1640625,179.41015625,41.60546875,19585,183877,2126.8989999999976,28.05199999999968,0.11856941508104299,3585,228.6328125,75.0,/work/ARIABC/AriaBC/Final_Results/OOM_100M/runs/det_merkle/f_s0.99_bcdb_det_w1_t1,71540,1,20000.0,9707.42,20.8195,0.0,0.0,8.69461,0.0,1298.532658096351,770.1,408.41015625,322.703125,157.28125,66745,502530,6389.254000000001,167.03299999999945,0.1353743123654628,24606,489.65234375,219.0,/work/ARIABC/AriaBC/Final_Results/OOM_100M/runs/det_merkle/f_s0.99_bcdb_merkle_w1_t1,190447,1,20000.0,15178.3,20.1256,0.0,0.0,9.19859,0.0,1549.5467575734099,645.35,225.6640625,253.265625,95.28125,41487,374842,4302.807000000001,104.92499999999927,0.15419694497997924,14206,358.14453125,435.0,/work/ARIABC/AriaBC/.bench_tmp/oom_s1024_20261001/merkle/run_20261001_041840_f2ede8c5/f_s0.99_bcdb_merkle_w1_t1,130894,1,20000.0,12749.1,20.1908,0.0,0.0,8.76662,0.0,0.7696598744867127,1.1933059580072831,148.65,108.79540000000016,297.06235011990407,217.4168665067949,5.9306554756195045,8.031974420463628,7.556754596322942,5.4920063948840925,13.251398880895284,2.188449240607514,19.081235011990408
f,0.99,4,10008,9992,0,10008,0.5004,3872.216844143272,258.25,146.63671875,149.30859375,52.296875,19702,183637,4982.691000000006,44.42100000000028,0.2864111907840602,5435,210.85546875,86.0,/work/ARIABC/AriaBC/Final_Results/OOM_100M/runs/det_merkle/f_s0.99_bcdb_det_w4_t1,71503,1,20000.0,20434.5,16.1687,0.0,0.0,5.04161,0.0,2191.060473269062,456.4,395.38671875,296.015625,175.19921875,66299,514047,12017.999000000003,203.19800000000032,0.25709716989398057,27438,480.734375,240.0,/work/ARIABC/AriaBC/Final_Results/OOM_100M/runs/det_merkle/f_s0.99_bcdb_merkle_w4_t1,190483,1,20000.0,36264.8,20.7076,0.0,0.0,6.17119,0.0,2921.8407596785974,342.25,225.640625,221.26171875,110.72265625,41380,376827,7701.473999999987,129.14799999999923,0.2823895641861844,16824,341.71484375,188.0,/work/ARIABC/AriaBC/.bench_tmp/oom_s1024_20261001/merkle/run_20261001_041840_f2ede8c5/f_s0.99_bcdb_merkle_w4_t1,130934,1,20000.0,27186.3,18.8369,0.0,0.0,5.35305,0.0,0.7545653761869978,1.333528122717312,84.0,135.93914999999907,167.86570743405275,271.6609712230197,5.938349320543566,8.08353317346123,7.3621103117506,5.978017585931255,13.389288569144684,2.1660671462829737,19.30355715427658
f,0.99,8,10008,9992,0,10008,0.5004,5275.6528620416775,189.55,146.39453125,124.12109375,55.640625,19678,184753,7126.800000000003,48.24499999999898,0.4143041995059405,5883,189.9140625,88.0,/work/ARIABC/AriaBC/Final_Results/OOM_100M/runs/det_merkle/f_s0.99_bcdb_det_w8_t1,71490,1,20000.0,30042.5,13.0302,0.0,0.0,3.79811,0.0,2683.4831611431637,372.65,393.1640625,280.10546875,179.1640625,66066,522229,18539.636,216.98500000000058,0.4019085225403093,28108,469.43359375,242.0,/work/ARIABC/AriaBC/Final_Results/OOM_100M/runs/det_merkle/f_s0.99_bcdb_merkle_w8_t1,190524,1,20000.0,59330.7,18.2276,0.0,0.0,4.96306,0.0,3954.1320680110716,252.9,225.8984375,197.57421875,115.84375,41207,381038,10901.956000000006,132.5669999999991,0.4045501704461242,17711,323.0234375,160.0,/work/ARIABC/AriaBC/.bench_tmp/oom_s1024_20261001/merkle/run_20261001_041840_f2ede8c5/f_s0.99_bcdb_merkle_w8_t1,130967,1,20000.0,40356.5,13.7435,0.0,0.0,3.88533,0.0,0.7495057334914986,1.4735073151443259,63.35,188.75780000000015,126.59872102318145,377.2138289368508,5.942945643485212,8.134692246203038,7.5155875299760195,6.159872102318145,13.619504396482814,2.1511790567545965,19.612809752198242
f,0.99,16,10008,9992,0,10008,0.5004,7499.062617172854,133.35,146.97265625,107.42578125,58.5390625,19713,189511,8399.378999999994,54.28199999999924,0.4872305529522024,6380,173.79296875,165.0,/work/ARIABC/AriaBC/Final_Results/OOM_100M/runs/det_merkle/f_s0.99_bcdb_det_w16_t1,71468,1,20000.0,42223.4,12.1047,0.0,0.0,3.43659,0.0,3269.5765898316167,305.85,393.0390625,260.42578125,184.30859375,66092,534311,29027.657999999996,226.19800000000032,0.6362719298245614,28877,454.3203125,247.0,/work/ARIABC/AriaBC/Final_Results/OOM_100M/runs/det_merkle/f_s0.99_bcdb_merkle_w16_t1,190653,1,20000.0,97463.4,16.8214,0.0,0.0,3.99126,0.0,5915.409642117716,169.05,226.0859375,176.51953125,119.40234375,41292,388347,12462.589999999997,141.8159999999989,0.4627230325016658,18360,306.07421875,192.0,/work/ARIABC/AriaBC/.bench_tmp/oom_s1024_20261001/merkle/run_20261001_041840_f2ede8c5/f_s0.99_bcdb_merkle_w16_t1,131082,1,20000.0,54009.6,13.2124,0.0,0.0,3.35517,0.0,0.7888198757763975,1.8092280390417037,35.7,203.16055000000014,71.34292565947243,405.99630295763416,5.956634692246203,8.094724220623501,7.069544364508393,6.227418065547562,13.534772182254196,2.156175059952038,19.867705835331734
