ariabc_internal,merkle_node_customer,0,47354,47354,0
ariabc_internal,merkle_node_district,0,17600,17600,0
ariabc_internal,merkle_node_history,0,25623,25623,0
ariabc_internal,merkle_node_new_order,1536,33827,33827,0
ariabc_internal,merkle_node_oorder,0,48911,48911,0
ariabc_internal,merkle_node_order_line,46592,422612,422612,0
ariabc_internal,merkle_node_stock,0,247786,247786,0
ariabc_internal,merkle_node_warehouse,0,8541,8541,0
public,customer,0,16431,390,0
public,district,0,17600,17400,0
public,history,8541,0,0,0
public,new_order,9059,0,0,7890
public,oorder,9059,7890,0,0
public,order_line,90643,71285,41113,0
public,stock,0,90643,8355,0
public,warehouse,0,8541,8499,0
