run_id,method,paper_style_total_ms,restore_repair_ms,audit_validation_ms,end_to_end_observed_ms,cleanup_ms,paper_end_before_audit_start,audit_validation_positive,end_to_end_covers_paper_and_audit,full_audit_skipped,audit_validation_skipped
size-scaling-k75-c300-n10000000-f32-k75-c300-fanout_f32_l16-merkle-r0,merkle,233.246,233.246,69165.945,71074.980,0.162,1,1,1,0,0
size-scaling-k75-c300-n10000000-f32-k75-c300-fanout_f32_l16-merkle-r1,merkle,239.244,239.244,66815.357,68730.766,0.145,1,1,1,0,0
size-scaling-k75-c300-n10000000-f32-k75-c300-fanout_f32_l16-merkle-r2,merkle,235.054,235.054,66945.511,68856.855,0.147,1,1,1,0,0
size-scaling-k75-c300-n10000000-f32-k75-c300-fanout_f32_l16-merkle-r3,merkle,233.262,233.262,66708.145,68616.942,0.144,1,1,1,0,0
size-scaling-k75-c300-n10000000-f32-k75-c300-fanout_f32_l16-merkle-r4,merkle,232.607,232.607,66900.511,68809.149,0.139,1,1,1,0,0
size-scaling-k75-c300-n10000000-f32-k75-c300-fanout_f32_l16-merkle-r5,merkle,235.866,235.866,67137.360,69049.124,0.145,1,1,1,0,0
size-scaling-k75-c300-n10000000-f32-k75-c300-fanout_f32_l16-merkle-r6,merkle,233.107,233.107,67047.007,68955.636,0.144,1,1,1,0,0
size-scaling-k75-c300-n10000000-f32-k75-c300-fanout_f32_l16-merkle-r7,merkle,222.550,222.550,67270.844,69219.798,0.144,1,1,1,0,0
size-scaling-k75-c300-n10000000-f32-k75-c300-fanout_f32_l16-merkle-r8,merkle,243.696,243.696,66953.095,68872.864,0.143,1,1,1,0,0
size-scaling-k75-c300-n10000000-f32-k75-c300-fanout_f32_l16-merkle-r9,merkle,243.524,243.524,66953.090,68872.814,0.141,1,1,1,0,0
size-scaling-k75-c300-n50000000-f32-k75-c300-fanout_f32_l16-merkle-r0,merkle,234.746,234.746,326491.113,328453.102,0.147,1,1,1,0,0
size-scaling-k75-c300-n50000000-f32-k75-c300-fanout_f32_l16-merkle-r1,merkle,234.295,234.295,326791.506,328753.128,0.146,1,1,1,0,0
size-scaling-k75-c300-n50000000-f32-k75-c300-fanout_f32_l16-merkle-r2,merkle,259.211,259.211,326910.728,328846.372,0.146,1,1,1,0,0
size-scaling-k75-c300-n50000000-f32-k75-c300-fanout_f32_l16-merkle-r3,merkle,234.938,234.938,326229.542,328191.890,0.142,1,1,1,0,0
size-scaling-k75-c300-n50000000-f32-k75-c300-fanout_f32_l16-merkle-r4,merkle,234.670,234.670,326531.808,328494.794,0.143,1,1,1,0,0
size-scaling-k75-c300-n50000000-f32-k75-c300-fanout_f32_l16-merkle-r5,merkle,236.844,236.844,326363.456,328328.025,0.145,1,1,1,0,0
size-scaling-k75-c300-n50000000-f32-k75-c300-fanout_f32_l16-merkle-r6,merkle,235.333,235.333,328111.782,330074.821,0.155,1,1,1,0,0
size-scaling-k75-c300-n50000000-f32-k75-c300-fanout_f32_l16-merkle-r7,merkle,233.963,233.963,326135.289,328097.157,0.140,1,1,1,0,0
size-scaling-k75-c300-n50000000-f32-k75-c300-fanout_f32_l16-merkle-r8,merkle,233.527,233.527,326477.007,328435.377,0.144,1,1,1,0,0
size-scaling-k75-c300-n50000000-f32-k75-c300-fanout_f32_l16-merkle-r9,merkle,236.738,236.738,326563.524,328527.291,0.145,1,1,1,0,0
size-scaling-k75-c300-n40000000-f32-k75-c300-fanout_f32_l16-merkle-r0,merkle,254.638,254.638,262352.790,264284.530,0.147,1,1,1,0,0
size-scaling-k75-c300-n40000000-f32-k75-c300-fanout_f32_l16-merkle-r1,merkle,253.852,253.852,261311.752,263242.770,0.144,1,1,1,0,0
size-scaling-k75-c300-n40000000-f32-k75-c300-fanout_f32_l16-merkle-r2,merkle,242.625,242.625,261941.270,263860.276,0.168,1,1,1,0,0
size-scaling-k75-c300-n40000000-f32-k75-c300-fanout_f32_l16-merkle-r3,merkle,232.092,232.092,264847.742,266807.466,0.146,1,1,1,0,0
size-scaling-k75-c300-n40000000-f32-k75-c300-fanout_f32_l16-merkle-r4,merkle,232.093,232.093,262291.218,264251.679,0.145,1,1,1,0,0
size-scaling-k75-c300-n40000000-f32-k75-c300-fanout_f32_l16-merkle-r5,merkle,232.059,232.059,261885.386,263845.357,0.146,1,1,1,0,0
size-scaling-k75-c300-n40000000-f32-k75-c300-fanout_f32_l16-merkle-r6,merkle,243.541,243.541,261626.369,263547.040,0.143,1,1,1,0,0
size-scaling-k75-c300-n40000000-f32-k75-c300-fanout_f32_l16-merkle-r7,merkle,233.323,233.323,265135.274,267096.563,0.146,1,1,1,0,0
size-scaling-k75-c300-n40000000-f32-k75-c300-fanout_f32_l16-merkle-r8,merkle,244.511,244.511,266044.625,267966.376,0.145,1,1,1,0,0
size-scaling-k75-c300-n40000000-f32-k75-c300-fanout_f32_l16-merkle-r9,merkle,237.499,237.499,262311.084,264276.689,0.144,1,1,1,0,0
size-scaling-k75-c300-n5000000-f32-k75-c300-fanout_f32_l16-merkle-r0,merkle,224.174,224.174,34587.903,36489.741,0.152,1,1,1,0,0
size-scaling-k75-c300-n5000000-f32-k75-c300-fanout_f32_l16-merkle-r1,merkle,213.763,213.763,34558.779,36450.792,0.148,1,1,1,0,0
size-scaling-k75-c300-n5000000-f32-k75-c300-fanout_f32_l16-merkle-r2,merkle,217.347,217.347,34591.448,36487.173,0.151,1,1,1,0,0
size-scaling-k75-c300-n5000000-f32-k75-c300-fanout_f32_l16-merkle-r3,merkle,218.364,218.364,34539.592,36435.758,0.150,1,1,1,0,0
size-scaling-k75-c300-n5000000-f32-k75-c300-fanout_f32_l16-merkle-r4,merkle,208.960,208.960,34631.434,36568.131,0.149,1,1,1,0,0
size-scaling-k75-c300-n5000000-f32-k75-c300-fanout_f32_l16-merkle-r5,merkle,214.471,214.471,34572.764,36465.379,0.147,1,1,1,0,0
size-scaling-k75-c300-n5000000-f32-k75-c300-fanout_f32_l16-merkle-r6,merkle,209.551,209.551,34636.160,36574.754,0.147,1,1,1,0,0
size-scaling-k75-c300-n5000000-f32-k75-c300-fanout_f32_l16-merkle-r7,merkle,216.356,216.356,34441.557,36336.482,0.148,1,1,1,0,0
size-scaling-k75-c300-n5000000-f32-k75-c300-fanout_f32_l16-merkle-r8,merkle,214.365,214.365,34580.182,36472.315,0.144,1,1,1,0,0
size-scaling-k75-c300-n5000000-f32-k75-c300-fanout_f32_l16-merkle-r9,merkle,229.235,229.235,34613.262,36520.885,0.151,1,1,1,0,0
size-scaling-k75-c300-n7000000-f32-k75-c300-fanout_f32_l16-merkle-r0,merkle,246.360,246.360,47489.294,49465.534,0.162,1,1,1,0,0
size-scaling-k75-c300-n7000000-f32-k75-c300-fanout_f32_l16-merkle-r1,merkle,226.532,226.532,47573.470,49529.006,0.141,1,1,1,0,0
size-scaling-k75-c300-n7000000-f32-k75-c300-fanout_f32_l16-merkle-r2,merkle,225.498,225.498,47693.454,49648.528,0.141,1,1,1,0,0
size-scaling-k75-c300-n7000000-f32-k75-c300-fanout_f32_l16-merkle-r3,merkle,225.686,225.686,47708.265,49663.700,0.141,1,1,1,0,0
size-scaling-k75-c300-n7000000-f32-k75-c300-fanout_f32_l16-merkle-r4,merkle,239.204,239.204,47582.352,49550.902,0.144,1,1,1,0,0
size-scaling-k75-c300-n7000000-f32-k75-c300-fanout_f32_l16-merkle-r5,merkle,233.526,233.526,47804.012,49766.281,0.147,1,1,1,0,0
size-scaling-k75-c300-n7000000-f32-k75-c300-fanout_f32_l16-merkle-r6,merkle,226.605,226.605,47570.248,49526.408,0.197,1,1,1,0,0
size-scaling-k75-c300-n7000000-f32-k75-c300-fanout_f32_l16-merkle-r7,merkle,240.134,240.134,47805.632,49775.523,0.144,1,1,1,0,0
size-scaling-k75-c300-n7000000-f32-k75-c300-fanout_f32_l16-merkle-r8,merkle,245.290,245.290,47483.309,49458.461,0.142,1,1,1,0,0
size-scaling-k75-c300-n7000000-f32-k75-c300-fanout_f32_l16-merkle-r9,merkle,227.668,227.668,47952.345,49909.228,0.145,1,1,1,0,0
size-scaling-k75-c300-n1000000-f32-k75-c300-fanout_f32_l16-merkle-r0,merkle,171.332,171.332,8381.790,10334.739,0.149,1,1,1,0,0
size-scaling-k75-c300-n1000000-f32-k75-c300-fanout_f32_l16-merkle-r1,merkle,170.953,170.953,8385.773,10337.553,0.145,1,1,1,0,0
size-scaling-k75-c300-n1000000-f32-k75-c300-fanout_f32_l16-merkle-r2,merkle,173.073,173.073,8373.046,10327.574,0.160,1,1,1,0,0
size-scaling-k75-c300-n1000000-f32-k75-c300-fanout_f32_l16-merkle-r3,merkle,171.988,171.988,8383.890,10337.475,0.146,1,1,1,0,0
size-scaling-k75-c300-n1000000-f32-k75-c300-fanout_f32_l16-merkle-r4,merkle,171.027,171.027,8388.912,10341.923,0.150,1,1,1,0,0
size-scaling-k75-c300-n1000000-f32-k75-c300-fanout_f32_l16-merkle-r5,merkle,170.682,170.682,8404.143,10356.176,0.145,1,1,1,0,0
size-scaling-k75-c300-n1000000-f32-k75-c300-fanout_f32_l16-merkle-r6,merkle,182.734,182.734,8369.140,10333.496,0.144,1,1,1,0,0
size-scaling-k75-c300-n1000000-f32-k75-c300-fanout_f32_l16-merkle-r7,merkle,171.927,171.927,8358.940,10311.501,0.147,1,1,1,0,0
size-scaling-k75-c300-n1000000-f32-k75-c300-fanout_f32_l16-merkle-r8,merkle,172.998,172.998,8394.974,10349.688,0.148,1,1,1,0,0
size-scaling-k75-c300-n1000000-f32-k75-c300-fanout_f32_l16-merkle-r9,merkle,171.784,171.784,8415.939,10369.214,0.146,1,1,1,0,0
size-scaling-k75-c300-n15000000-f32-k75-c300-fanout_f32_l16-merkle-r0,merkle,225.521,225.521,99583.033,101539.012,0.147,1,1,1,0,0
size-scaling-k75-c300-n15000000-f32-k75-c300-fanout_f32_l16-merkle-r1,merkle,226.941,226.941,100611.335,102571.408,0.147,1,1,1,0,0
size-scaling-k75-c300-n15000000-f32-k75-c300-fanout_f32_l16-merkle-r2,merkle,226.166,226.166,100249.313,102207.241,0.167,1,1,1,0,0
size-scaling-k75-c300-n15000000-f32-k75-c300-fanout_f32_l16-merkle-r3,merkle,238.592,238.592,100037.874,101956.403,0.147,1,1,1,0,0
size-scaling-k75-c300-n15000000-f32-k75-c300-fanout_f32_l16-merkle-r4,merkle,228.062,228.062,99921.388,101880.076,0.148,1,1,1,0,0
size-scaling-k75-c300-n15000000-f32-k75-c300-fanout_f32_l16-merkle-r5,merkle,238.573,238.573,99654.897,101573.636,0.146,1,1,1,0,0
size-scaling-k75-c300-n15000000-f32-k75-c300-fanout_f32_l16-merkle-r6,merkle,232.244,232.244,100406.505,102318.391,0.150,1,1,1,0,0
size-scaling-k75-c300-n15000000-f32-k75-c300-fanout_f32_l16-merkle-r7,merkle,226.977,226.977,99892.365,101850.347,0.146,1,1,1,0,0
size-scaling-k75-c300-n15000000-f32-k75-c300-fanout_f32_l16-merkle-r8,merkle,227.125,227.125,99906.909,101864.830,0.148,1,1,1,0,0
size-scaling-k75-c300-n15000000-f32-k75-c300-fanout_f32_l16-merkle-r9,merkle,243.156,243.156,99979.474,101902.893,0.149,1,1,1,0,0
size-scaling-k75-c300-n20000000-f32-k75-c300-fanout_f32_l16-merkle-r0,merkle,227.678,227.678,132464.234,134424.038,0.147,1,1,1,0,0
size-scaling-k75-c300-n20000000-f32-k75-c300-fanout_f32_l16-merkle-r1,merkle,246.879,246.879,132547.494,134474.457,0.194,1,1,1,0,0
size-scaling-k75-c300-n20000000-f32-k75-c300-fanout_f32_l16-merkle-r2,merkle,229.528,229.528,132837.174,134798.491,0.156,1,1,1,0,0
size-scaling-k75-c300-n20000000-f32-k75-c300-fanout_f32_l16-merkle-r3,merkle,228.561,228.561,132568.595,134528.053,0.146,1,1,1,0,0
size-scaling-k75-c300-n20000000-f32-k75-c300-fanout_f32_l16-merkle-r4,merkle,242.667,242.667,132445.254,134368.271,0.162,1,1,1,0,0
size-scaling-k75-c300-n20000000-f32-k75-c300-fanout_f32_l16-merkle-r5,merkle,229.973,229.973,133605.117,135565.996,0.147,1,1,1,0,0
size-scaling-k75-c300-n20000000-f32-k75-c300-fanout_f32_l16-merkle-r6,merkle,232.987,232.987,132557.312,134471.161,0.146,1,1,1,0,0
size-scaling-k75-c300-n20000000-f32-k75-c300-fanout_f32_l16-merkle-r7,merkle,231.727,231.727,132667.180,134630.509,0.146,1,1,1,0,0
size-scaling-k75-c300-n20000000-f32-k75-c300-fanout_f32_l16-merkle-r8,merkle,248.647,248.647,132338.155,134267.345,0.145,1,1,1,0,0
size-scaling-k75-c300-n20000000-f32-k75-c300-fanout_f32_l16-merkle-r9,merkle,230.208,230.208,132445.456,134407.134,0.147,1,1,1,0,0
size-scaling-k75-c300-n25000000-f32-k75-c300-fanout_f32_l16-merkle-r0,merkle,242.961,242.961,165117.453,167041.480,0.148,1,1,1,0,0
size-scaling-k75-c300-n25000000-f32-k75-c300-fanout_f32_l16-merkle-r1,merkle,237.403,237.403,165173.926,167092.513,0.145,1,1,1,0,0
size-scaling-k75-c300-n25000000-f32-k75-c300-fanout_f32_l16-merkle-r2,merkle,237.645,237.645,165303.098,167222.187,0.147,1,1,1,0,0
size-scaling-k75-c300-n25000000-f32-k75-c300-fanout_f32_l16-merkle-r3,merkle,236.660,236.660,165228.399,167146.621,0.146,1,1,1,0,0
size-scaling-k75-c300-n25000000-f32-k75-c300-fanout_f32_l16-merkle-r4,merkle,241.681,241.681,165664.183,167587.553,0.146,1,1,1,0,0
size-scaling-k75-c300-n25000000-f32-k75-c300-fanout_f32_l16-merkle-r5,merkle,228.503,228.503,165668.226,167628.662,0.144,1,1,1,0,0
size-scaling-k75-c300-n25000000-f32-k75-c300-fanout_f32_l16-merkle-r6,merkle,238.340,238.340,165837.941,167757.041,0.147,1,1,1,0,0
size-scaling-k75-c300-n25000000-f32-k75-c300-fanout_f32_l16-merkle-r7,merkle,239.887,239.887,172407.755,174330.198,0.143,1,1,1,0,0
size-scaling-k75-c300-n25000000-f32-k75-c300-fanout_f32_l16-merkle-r8,merkle,254.152,254.152,165879.651,167816.697,0.147,1,1,1,0,0
size-scaling-k75-c300-n25000000-f32-k75-c300-fanout_f32_l16-merkle-r9,merkle,240.124,240.124,165447.972,167369.388,0.145,1,1,1,0,0
size-scaling-k75-c300-n3000000-f32-k75-c300-fanout_f32_l16-merkle-r0,merkle,195.808,195.808,21671.368,23600.444,0.152,1,1,1,0,0
size-scaling-k75-c300-n3000000-f32-k75-c300-fanout_f32_l16-merkle-r1,merkle,189.605,189.605,21712.720,23686.951,0.150,1,1,1,0,0
size-scaling-k75-c300-n3000000-f32-k75-c300-fanout_f32_l16-merkle-r2,merkle,192.178,192.178,21674.790,23650.620,0.150,1,1,1,0,0
size-scaling-k75-c300-n3000000-f32-k75-c300-fanout_f32_l16-merkle-r3,merkle,195.917,195.917,21694.600,23624.575,0.149,1,1,1,0,0
size-scaling-k75-c300-n3000000-f32-k75-c300-fanout_f32_l16-merkle-r4,merkle,189.388,189.388,21697.092,23670.024,0.149,1,1,1,0,0
size-scaling-k75-c300-n3000000-f32-k75-c300-fanout_f32_l16-merkle-r5,merkle,202.443,202.443,21700.162,23686.757,0.153,1,1,1,0,0
size-scaling-k75-c300-n3000000-f32-k75-c300-fanout_f32_l16-merkle-r6,merkle,188.836,188.836,21654.540,23627.402,0.151,1,1,1,0,0
size-scaling-k75-c300-n3000000-f32-k75-c300-fanout_f32_l16-merkle-r7,merkle,195.078,195.078,21714.946,23642.926,0.154,1,1,1,0,0
size-scaling-k75-c300-n3000000-f32-k75-c300-fanout_f32_l16-merkle-r8,merkle,189.387,189.387,21663.788,23637.634,0.150,1,1,1,0,0
size-scaling-k75-c300-n3000000-f32-k75-c300-fanout_f32_l16-merkle-r9,merkle,191.512,191.512,21686.343,23661.610,0.155,1,1,1,0,0
size-scaling-k75-c300-n30000000-f32-k75-c300-fanout_f32_l16-merkle-r0,merkle,226.538,226.538,204424.395,206390.661,0.151,1,1,1,0,0
size-scaling-k75-c300-n30000000-f32-k75-c300-fanout_f32_l16-merkle-r1,merkle,251.339,251.339,210176.183,212116.733,0.146,1,1,1,0,0
size-scaling-k75-c300-n30000000-f32-k75-c300-fanout_f32_l16-merkle-r2,merkle,261.756,261.756,198443.168,200393.101,0.148,1,1,1,0,0
size-scaling-k75-c300-n30000000-f32-k75-c300-fanout_f32_l16-merkle-r3,merkle,230.819,230.819,198045.003,200015.438,0.164,1,1,1,0,0
size-scaling-k75-c300-n30000000-f32-k75-c300-fanout_f32_l16-merkle-r4,merkle,227.594,227.594,198544.023,200511.459,0.150,1,1,1,0,0
size-scaling-k75-c300-n30000000-f32-k75-c300-fanout_f32_l16-merkle-r5,merkle,238.789,238.789,198088.602,200016.232,0.146,1,1,1,0,0
size-scaling-k75-c300-n30000000-f32-k75-c300-fanout_f32_l16-merkle-r6,merkle,227.553,227.553,198718.096,200684.547,0.201,1,1,1,0,0
size-scaling-k75-c300-n30000000-f32-k75-c300-fanout_f32_l16-merkle-r7,merkle,227.683,227.683,198196.084,200163.178,0.148,1,1,1,0,0
size-scaling-k75-c300-n30000000-f32-k75-c300-fanout_f32_l16-merkle-r8,merkle,247.140,247.140,198599.978,200536.309,0.150,1,1,1,0,0
size-scaling-k75-c300-n30000000-f32-k75-c300-fanout_f32_l16-merkle-r9,merkle,240.365,240.365,201322.987,203251.424,0.149,1,1,1,0,0
