workload,skew,workers,mode,tps,v2_det_tps,relative_to_v2_det,device_read_kb_per_statement,device_write_kb_per_statement
a,0.0,1,pg,1554.6055188495918,1452.9604068289138,1.0699572483482316,16.8435712,10.457088
a,0.0,4,pg,2909.9374363451184,2972.209838014564,0.979048450458315,17.4604288,8.8809472
a,0.0,8,pg,4075.8100672508663,3805.899143672693,1.070919095170165,16.8505344,7.4469376
a,0.0,16,pg,5701.254275940707,5592.841163310962,1.0193842645381985,16.8419328,6.0643328
a,0.0,1,bcdb_det,1452.9604068289138,1452.9604068289138,1.0,16.8368128,10.5168896
a,0.0,4,bcdb_det,2972.209838014564,2972.209838014564,1.0,16.9168896,8.8041472
a,0.0,8,bcdb_det,3805.899143672693,3805.899143672693,1.0,16.850944,7.3039872
a,0.0,16,bcdb_det,5592.841163310962,5592.841163310962,1.0,16.8425472,6.0381184
a,0.0,1,bcdb_merkle,1327.756754962491,1452.9604068289138,0.9138285866029344,18.499584,12.0901632
a,0.0,4,bcdb_merkle,2636.0880453407144,2972.209838014564,0.8869118228548833,18.4354816,10.0087808
a,0.0,8,bcdb_merkle,3858.0246913580245,3805.899143672693,1.0136959876543208,18.4332288,8.5772288
a,0.0,16,bcdb_merkle,4656.577415599534,5592.841163310962,0.8325960419091968,18.4264704,7.507968
a,0.99,1,pg,2066.329166236181,2119.7668256491784,0.9747907841719186,7.4326016,7.8616576
a,0.99,4,pg,4442.47001332741,3644.9790413705123,1.218791648156375,7.4442752,5.96992
a,0.99,8,pg,6521.030322791001,5543.2372505543235,1.1763938702314967,7.440384,4.465664
a,0.99,16,pg,9881.422924901186,8006.405124099279,1.2341897233201582,7.4467328,3.424256
a,0.99,1,bcdb_det,2119.7668256491784,2119.7668256491784,1.0,7.4319872,7.6423168
a,0.99,4,bcdb_det,3644.9790413705123,3644.9790413705123,1.0,7.4194944,6.289408
a,0.99,8,bcdb_det,5543.2372505543235,5543.2372505543235,1.0,7.4315776,4.9260544
a,0.99,16,bcdb_det,8006.405124099279,8006.405124099279,1.0,7.4264576,3.9241728
a,0.99,1,bcdb_merkle,1853.9117538005191,2119.7668256491784,0.874582869855395,9.3046784,9.3609984
a,0.99,4,bcdb_merkle,3471.017007983339,3644.9790413705123,0.952273516140229,9.0120192,7.667712
a,0.99,8,bcdb_merkle,4757.373929590866,5543.2372505543235,0.8582302568981923,9.0079232,6.3629312
a,0.99,16,bcdb_merkle,6743.088334457181,8006.405124099279,0.8422117329737019,9.0200064,5.3612544
a,1.2,1,pg,2738.6005751061207,2603.4886748242643,1.051896480898261,2.0983808,4.9324032
a,1.2,4,pg,5868.544600938967,4626.416840157298,1.2684859154929577,2.1215232,3.4793472
a,1.2,8,pg,8061.265618702137,6622.516556291391,1.2172511084240227,2.412544,2.5831424
a,1.2,16,pg,10411.244143675169,8067.769261799112,1.2904737116085372,2.1225472,2.219008
a,1.2,1,bcdb_det,2603.4886748242643,2603.4886748242643,1.0,2.1252096,4.8574464
a,1.2,4,bcdb_det,4626.416840157298,4626.416840157298,1.0,2.113536,3.903488
a,1.2,8,bcdb_det,6622.516556291391,6622.516556291391,1.0,2.4098816,2.948096
a,1.2,16,bcdb_det,8067.769261799112,8067.769261799112,1.0,2.1194752,2.4399872
a,1.2,1,bcdb_merkle,2378.4040908550364,2603.4886748242643,0.9135450112974196,3.4617344,6.3973376
a,1.2,4,bcdb_merkle,4158.868787689748,4626.416840157298,0.8989394884591392,3.4871296,5.5144448
a,1.2,8,bcdb_merkle,5468.963631391851,6622.516556291391,0.8258135083401694,3.7773312,4.4826624
a,1.2,16,bcdb_merkle,6631.29973474801,8067.769261799112,0.821949602122016,3.5065856,3.9692288
b,0.99,1,pg,4124.561765312435,3943.217665615142,1.0459888636832337,7.4760192,0.8583168
b,0.99,4,pg,11806.37544273908,8438.818565400843,1.399055489964581,7.4856448,0.8011776
b,0.99,8,pg,15588.46453624318,11019.283746556473,1.4146531566640685,7.7852672,0.7340032
b,0.99,16,pg,17746.22892635315,13831.258644536652,1.2830523513753327,7.4887168,0.6508544
b,0.99,1,bcdb_det,3943.217665615142,3943.217665615142,1.0,7.4766336,0.8552448
b,0.99,4,bcdb_det,8438.818565400843,8438.818565400843,1.0,7.4754048,0.7921664
b,0.99,8,bcdb_det,11019.283746556473,11019.283746556473,1.0,7.7684736,0.7776256
b,0.99,16,bcdb_det,13831.258644536652,13831.258644536652,1.0,7.4708992,0.7305216
b,0.99,1,bcdb_merkle,3561.887800534283,3943.217665615142,0.9032947462154942,8.2049024,1.5497216
b,0.99,4,bcdb_merkle,7454.342154304883,8438.818565400843,0.8833395452851287,8.2044928,1.4053376
b,0.99,8,bcdb_merkle,10025.062656641605,11019.283746556473,0.9097744360902257,8.479744,1.297408
b,0.99,16,bcdb_merkle,12322.858903265558,13831.258644536652,0.8909426987060999,8.211456,1.229824
c,0.99,1,pg,4582.9514207149405,4281.738385784629,1.0703483043079742,7.4645504,0.0249856
c,0.99,4,pg,15649.452269170579,10075.566750629723,1.5532081377151798,7.4620928,0.0106496
c,0.99,8,pg,23980.815347721822,14598.540145985402,1.6426858513189448,7.45984,0.0055296
c,0.99,16,pg,30581.03975535168,18450.18450184502,1.657492354740061,7.7805568,0.0073728
c,0.99,1,bcdb_det,4281.738385784629,4281.738385784629,1.0,7.4569728,0.0280576
c,0.99,4,bcdb_det,10075.566750629723,10075.566750629723,1.0,7.455744,0.0178176
c,0.99,8,bcdb_det,14598.540145985402,14598.540145985402,1.0,7.4522624,0.0118784
c,0.99,16,bcdb_det,18450.18450184502,18450.18450184502,1.0,7.7418496,0.0139264
c,0.99,1,bcdb_merkle,4125.412541254125,4281.738385784629,0.9634900990099009,7.467008,0.0196608
c,0.99,4,bcdb_merkle,9794.31929480901,10075.566750629723,0.9720861900097943,7.461888,0.0108544
c,0.99,8,bcdb_merkle,14184.397163120568,14598.540145985402,0.9716312056737588,7.4584064,0.0075776
c,0.99,16,bcdb_merkle,18621.973929236497,18450.18450184502,1.0093109869646182,7.7846528,0.0086016
d,0.99,1,pg,4127.115146512588,3907.0130884938467,1.0563351217498969,7.1323648,0.4786176
d,0.99,4,pg,12262.41569589209,8496.176720475785,1.443286327406499,7.1419904,0.4466688
d,0.99,8,pg,15785.319652722968,11080.3324099723,1.4246250986582478,7.4160128,0.4087808
d,0.99,16,pg,17953.321364452422,13306.71989354624,1.3491921005385996,7.1387136,0.3497984
d,0.99,1,bcdb_det,3907.0130884938467,3907.0130884938467,1.0,7.124992,0.4661248
d,0.99,4,bcdb_det,8496.176720475785,8496.176720475785,1.0,7.1266304,0.4544512
d,0.99,8,bcdb_det,11080.3324099723,11080.3324099723,1.0,7.3949184,0.441344
d,0.99,16,bcdb_det,13306.71989354624,13306.71989354624,1.0,7.1268352,0.4169728
d,0.99,1,bcdb_merkle,3498.3382893125763,3907.0130884938467,0.8953996851495538,8.7597056,2.0996096
d,0.99,4,bcdb_merkle,6680.02672010688,8496.176720475785,0.7862391449565799,8.7638016,1.7485824
d,0.99,8,bcdb_merkle,9095.043201455206,11080.3324099723,0.8208276489313323,9.0888192,1.631232
d,0.99,16,bcdb_merkle,11198.208286674133,13306.71989354624,0.8415453527435611,8.7601152,1.5996928
f,0.99,1,pg,2001.6012810248199,1962.1308741293044,1.0201160928742994,7.43936,7.8870528
f,0.99,4,pg,4248.088360237893,3795.7866767887645,1.1191588785046729,7.438336,5.9232256
f,0.99,8,pg,6756.756756756757,5070.993914807303,1.3324324324324324,7.7144064,4.4361728
f,0.99,16,pg,9871.668311944719,7344.840249724569,1.3440276406712734,7.4500096,3.4605056
f,0.99,1,bcdb_det,1962.1308741293044,1962.1308741293044,1.0,7.4254336,7.857152
f,0.99,4,bcdb_det,3795.7866767887645,3795.7866767887645,1.0,7.4196992,6.2922752
f,0.99,8,bcdb_det,5070.993914807303,5070.993914807303,1.0,7.7064192,4.9897472
f,0.99,16,bcdb_det,7344.840249724569,7344.840249724569,1.0,7.4303488,3.9360512
f,0.99,1,bcdb_merkle,1789.228842368939,1962.1308741293044,0.9118804795133297,8.9960448,9.4470144
f,0.99,4,bcdb_merkle,3301.419610432486,3795.7866767887645,0.8697589963684385,9.009152,7.7228032
f,0.99,8,bcdb_merkle,4747.211013529552,5070.993914807303,0.9361500118680275,9.3001728,6.3899648
f,0.99,16,bcdb_merkle,6327.111673521038,7344.840249724569,0.8614362543498892,9.0109952,5.3751808
