configuration,workload,skew,workers,denominator_series,merkle_tps,denominator_tps,ratio
"Published Sept 29: split 32, ff100",a,0.0,1,det,907.3586788857635,1427.2461285948762,0.6357408583613102
"Published Sept 29: split 32, ff100",a,0.0,4,det,1786.3522686673812,3078.8177339901476,0.5802072168631655
"Published Sept 29: split 32, ff100",a,0.0,8,det,2165.2051531882644,3743.215422047539,0.5784345566742448
"Published Sept 29: split 32, ff100",a,0.0,16,det,2536.461636017755,4977.600796416127,0.509575142675967
Oct 1 rerun: split 1024; Sept det/pg bases,a,0.0,1,det,1170.1380762930025,1427.2461285948762,0.8198572431546922
Oct 1 rerun: split 1024; Sept det/pg bases,a,0.0,4,det,2302.8209556706965,3078.8177339901476,0.7479562464018422
Oct 1 rerun: split 1024; Sept det/pg bases,a,0.0,8,det,2989.0898221491557,3743.215422047539,0.7985353459871469
Oct 1 rerun: split 1024; Sept det/pg bases,a,0.0,16,det,3964.3211100099106,4977.600796416127,0.7964321110009911
"Fresh v2: split 1024, ff90, matched det/pg",a,0.0,1,det,1327.756754962491,1452.9604068289138,0.9138285866029344
"Fresh v2: split 1024, ff90, matched det/pg",a,0.0,4,det,2636.0880453407144,2972.209838014564,0.8869118228548833
"Fresh v2: split 1024, ff90, matched det/pg",a,0.0,8,det,3858.0246913580245,3805.899143672693,1.0136959876543208
"Fresh v2: split 1024, ff90, matched det/pg",a,0.0,16,det,4656.577415599534,5592.841163310962,0.8325960419091968
"Published Sept 29: split 32, ff100",a,0.0,1,pg_ser,907.3586788857635,1454.0167211922937,0.6240359314036839
"Published Sept 29: split 32, ff100",a,0.0,4,pg_ser,1786.3522686673812,2942.4746211563925,0.6070918185066095
"Published Sept 29: split 32, ff100",a,0.0,8,pg_ser,2165.2051531882644,4373.496610540127,0.4950741582764966
"Published Sept 29: split 32, ff100",a,0.0,16,pg_ser,2536.461636017755,5961.251862891208,0.4254914394419784
Oct 1 rerun: split 1024; Sept det/pg bases,a,0.0,1,pg_ser,1170.1380762930025,1454.0167211922937,0.8047624619705125
Oct 1 rerun: split 1024; Sept det/pg bases,a,0.0,4,pg_ser,2302.8209556706965,2942.4746211563925,0.7826137017846863
Oct 1 rerun: split 1024; Sept det/pg bases,a,0.0,8,pg_ser,2989.0898221491557,4373.496610540127,0.6834553878344044
Oct 1 rerun: split 1024; Sept det/pg bases,a,0.0,16,pg_ser,3964.3211100099106,5961.251862891208,0.6650148662041625
"Fresh v2: split 1024, ff90, matched det/pg",a,0.0,1,pg_ser,1327.756754962491,1554.6055188495918,0.8540795326296223
"Fresh v2: split 1024, ff90, matched det/pg",a,0.0,4,pg_ser,2636.0880453407144,2909.9374363451184,0.9058916567813365
"Fresh v2: split 1024, ff90, matched det/pg",a,0.0,8,pg_ser,3858.0246913580245,4075.8100672508663,0.9465663580246912
"Fresh v2: split 1024, ff90, matched det/pg",a,0.0,16,pg_ser,4656.577415599534,5701.254275940707,0.8167636786961583
"Published Sept 29: split 32, ff100",a,0.99,1,det,1318.652337311268,2149.38205265986,0.6135029999340674
"Published Sept 29: split 32, ff100",a,0.99,4,det,2272.4690376093627,3907.7764751856193,0.5815248267242359
"Published Sept 29: split 32, ff100",a,0.99,8,det,2916.7274318214963,5178.663904712585,0.5632200670847309
"Published Sept 29: split 32, ff100",a,0.99,16,det,3908.5401602501465,7296.607077708865,0.5356654289622826
Oct 1 rerun: split 1024; Sept det/pg bases,a,0.99,1,det,1794.2047187584103,2149.38205265986,0.8347537454023505
Oct 1 rerun: split 1024; Sept det/pg bases,a,0.99,4,det,2929.5444558371173,3907.7764751856193,0.7496704262487184
Oct 1 rerun: split 1024; Sept det/pg bases,a,0.99,8,det,4518.752824220515,5178.663904712585,0.8725711703569814
Oct 1 rerun: split 1024; Sept det/pg bases,a,0.99,16,det,5934.718100890208,7296.607077708865,0.813353115727003
"Fresh v2: split 1024, ff90, matched det/pg",a,0.99,1,det,1853.9117538005191,2119.7668256491784,0.874582869855395
"Fresh v2: split 1024, ff90, matched det/pg",a,0.99,4,det,3471.017007983339,3644.9790413705123,0.952273516140229
"Fresh v2: split 1024, ff90, matched det/pg",a,0.99,8,det,4757.373929590866,5543.2372505543235,0.8582302568981923
"Fresh v2: split 1024, ff90, matched det/pg",a,0.99,16,det,6743.088334457181,8006.405124099279,0.8422117329737019
"Published Sept 29: split 32, ff100",a,0.99,1,pg_ser,1318.652337311268,2208.7244616234125,0.5970198457176765
"Published Sept 29: split 32, ff100",a,0.99,4,pg_ser,2272.4690376093627,4470.272686633884,0.5083513237132145
"Published Sept 29: split 32, ff100",a,0.99,8,pg_ser,2916.7274318214963,6961.364427427776,0.41898789558115795
"Published Sept 29: split 32, ff100",a,0.99,16,pg_ser,3908.5401602501465,9779.9511002445,0.3996482313855774
Oct 1 rerun: split 1024; Sept det/pg bases,a,0.99,1,pg_ser,1794.2047187584103,2208.7244616234125,0.8123261864178702
Oct 1 rerun: split 1024; Sept det/pg bases,a,0.99,4,pg_ser,2929.5444558371173,4470.272686633884,0.6553390947707631
Oct 1 rerun: split 1024; Sept det/pg bases,a,0.99,8,pg_ser,4518.752824220515,6961.364427427776,0.649118843199277
Oct 1 rerun: split 1024; Sept det/pg bases,a,0.99,16,pg_ser,5934.718100890208,9779.9511002445,0.6068249258160238
"Fresh v2: split 1024, ff90, matched det/pg",a,0.99,1,pg_ser,1853.9117538005191,2066.329166236181,0.8972005932517614
"Fresh v2: split 1024, ff90, matched det/pg",a,0.99,4,pg_ser,3471.017007983339,4442.47001332741,0.7813259284970496
"Fresh v2: split 1024, ff90, matched det/pg",a,0.99,8,pg_ser,4757.373929590866,6521.030322791001,0.7295432921027594
"Fresh v2: split 1024, ff90, matched det/pg",a,0.99,16,pg_ser,6743.088334457181,9881.422924901186,0.6824005394470667
"Published Sept 29: split 32, ff100",a,1.2,1,det,1987.8739687903787,2641.658961828028,0.7525096908855978
"Published Sept 29: split 32, ff100",a,1.2,4,det,3000.3000300030003,4692.632566870014,0.6393639363936394
"Published Sept 29: split 32, ff100",a,1.2,8,det,3768.607499528924,6651.1473229132025,0.5666101375541738
"Published Sept 29: split 32, ff100",a,1.2,16,det,4531.037607612143,7880.220646178093,0.574988672405981
Oct 1 rerun: split 1024; Sept det/pg bases,a,1.2,1,det,2266.5457842248416,2641.658961828028,0.8580009066183137
Oct 1 rerun: split 1024; Sept det/pg bases,a,1.2,4,det,3770.739064856712,4692.632566870014,0.8035444947209653
Oct 1 rerun: split 1024; Sept det/pg bases,a,1.2,8,det,5064.573309698658,6651.1473229132025,0.7614585971131932
Oct 1 rerun: split 1024; Sept det/pg bases,a,1.2,16,det,6161.429451632779,7880.220646178093,0.7818853974121996
"Fresh v2: split 1024, ff90, matched det/pg",a,1.2,1,det,2378.4040908550364,2603.4886748242643,0.9135450112974196
"Fresh v2: split 1024, ff90, matched det/pg",a,1.2,4,det,4158.868787689748,4626.416840157298,0.8989394884591392
"Fresh v2: split 1024, ff90, matched det/pg",a,1.2,8,det,5468.963631391851,6622.516556291391,0.8258135083401694
"Fresh v2: split 1024, ff90, matched det/pg",a,1.2,16,det,6631.29973474801,8067.769261799112,0.821949602122016
"Published Sept 29: split 32, ff100",a,1.2,1,pg_ser,1987.8739687903787,2731.867231252561,0.7276612662757181
"Published Sept 29: split 32, ff100",a,1.2,4,pg_ser,3000.3000300030003,5849.66364434045,0.5129012901290129
"Published Sept 29: split 32, ff100",a,1.2,8,pg_ser,3768.607499528924,7908.264136022143,0.4765404183154324
"Published Sept 29: split 32, ff100",a,1.2,16,pg_ser,4531.037607612143,9803.921568627451,0.46216583597643857
Oct 1 rerun: split 1024; Sept det/pg bases,a,1.2,1,pg_ser,2266.5457842248416,2731.867231252561,0.8296690843155033
Oct 1 rerun: split 1024; Sept det/pg bases,a,1.2,4,pg_ser,3770.739064856712,5849.66364434045,0.6446078431372549
Oct 1 rerun: split 1024; Sept det/pg bases,a,1.2,8,pg_ser,5064.573309698658,7908.264136022143,0.6404152950113953
Oct 1 rerun: split 1024; Sept det/pg bases,a,1.2,16,pg_ser,6161.429451632779,9803.921568627451,0.6284658040665435
"Fresh v2: split 1024, ff90, matched det/pg",a,1.2,1,pg_ser,2378.4040908550364,2738.6005751061207,0.8684742537757166
"Fresh v2: split 1024, ff90, matched det/pg",a,1.2,4,pg_ser,4158.868787689748,5868.544600938967,0.7086712414223332
"Fresh v2: split 1024, ff90, matched det/pg",a,1.2,8,pg_ser,5468.963631391851,8061.265618702137,0.6784249384741591
"Fresh v2: split 1024, ff90, matched det/pg",a,1.2,16,pg_ser,6631.29973474801,10411.244143675169,0.6369363395225465
"Published Sept 29: split 32, ff100",b,0.99,1,det,3402.5178632187817,4030.6328093510683,0.8441646818645797
"Published Sept 29: split 32, ff100",b,0.99,4,det,6578.9473684210525,8357.709987463435,0.7871710526315789
"Published Sept 29: split 32, ff100",b,0.99,8,det,8532.423208191127,10822.510822510823,0.78839590443686
"Published Sept 29: split 32, ff100",b,0.99,16,det,10235.414534288639,13821.7000691085,0.740532241555783
Oct 1 rerun: split 1024; Sept det/pg bases,b,0.99,1,det,3478.2608695652175,4030.6328093510683,0.8629565217391304
Oct 1 rerun: split 1024; Sept det/pg bases,b,0.99,4,det,7471.049682480389,8357.709987463435,0.8939110945087785
Oct 1 rerun: split 1024; Sept det/pg bases,b,0.99,8,det,9675.858732462506,10822.510822510823,0.8940493468795355
Oct 1 rerun: split 1024; Sept det/pg bases,b,0.99,16,det,11210.762331838565,13821.7000691085,0.8110986547085203
"Fresh v2: split 1024, ff90, matched det/pg",b,0.99,1,det,3561.887800534283,3943.217665615142,0.9032947462154942
"Fresh v2: split 1024, ff90, matched det/pg",b,0.99,4,det,7454.342154304883,8438.818565400843,0.8833395452851287
"Fresh v2: split 1024, ff90, matched det/pg",b,0.99,8,det,10025.062656641605,11019.283746556473,0.9097744360902257
"Fresh v2: split 1024, ff90, matched det/pg",b,0.99,16,det,12322.858903265558,13831.258644536652,0.8909426987060999
"Published Sept 29: split 32, ff100",b,0.99,1,pg_ser,3402.5178632187817,4220.299641274531,0.8062266076896903
"Published Sept 29: split 32, ff100",b,0.99,4,pg_ser,6578.9473684210525,11092.623405435386,0.5930921052631578
"Published Sept 29: split 32, ff100",b,0.99,8,pg_ser,8532.423208191127,15772.870662460567,0.5409556313993175
"Published Sept 29: split 32, ff100",b,0.99,16,pg_ser,10235.414534288639,17683.465959328027,0.5788126919140225
Oct 1 rerun: split 1024; Sept det/pg bases,b,0.99,1,pg_ser,3478.2608695652175,4220.299641274531,0.8241739130434783
Oct 1 rerun: split 1024; Sept det/pg bases,b,0.99,4,pg_ser,7471.049682480389,11092.623405435386,0.6735151288756069
Oct 1 rerun: split 1024; Sept det/pg bases,b,0.99,8,pg_ser,9675.858732462506,15772.870662460567,0.6134494436381229
Oct 1 rerun: split 1024; Sept det/pg bases,b,0.99,16,pg_ser,11210.762331838565,17683.465959328027,0.6339686098654709
"Fresh v2: split 1024, ff90, matched det/pg",b,0.99,1,pg_ser,3561.887800534283,4124.561765312435,0.863579697239537
"Fresh v2: split 1024, ff90, matched det/pg",b,0.99,4,pg_ser,7454.342154304883,11806.37544273908,0.6313827804696235
"Fresh v2: split 1024, ff90, matched det/pg",b,0.99,8,pg_ser,10025.062656641605,15588.46453624318,0.643107769423559
"Fresh v2: split 1024, ff90, matched det/pg",b,0.99,16,pg_ser,12322.858903265558,17746.22892635315,0.6943930991990143
"Published Sept 29: split 32, ff100",c,0.99,1,det,4244.4821731748725,4561.003420752566,0.9306027164685907
"Published Sept 29: split 32, ff100",c,0.99,4,det,10101.0101010101,9828.009828009828,1.0277777777777777
"Published Sept 29: split 32, ff100",c,0.99,8,det,14224.75106685633,14144.271570014143,1.0056899004267426
"Published Sept 29: split 32, ff100",c,0.99,16,det,19029.495718363465,18298.26166514181,1.0399619410085634
"Fresh v2: split 1024, ff90, matched det/pg",c,0.99,1,det,4125.412541254125,4281.738385784629,0.9634900990099009
"Fresh v2: split 1024, ff90, matched det/pg",c,0.99,4,det,9794.31929480901,10075.566750629723,0.9720861900097943
"Fresh v2: split 1024, ff90, matched det/pg",c,0.99,8,det,14184.397163120568,14598.540145985402,0.9716312056737588
"Fresh v2: split 1024, ff90, matched det/pg",c,0.99,16,det,18621.973929236497,18450.18450184502,1.0093109869646182
"Published Sept 29: split 32, ff100",c,0.99,1,pg_ser,4244.4821731748725,4511.617414843221,0.9407894736842105
"Published Sept 29: split 32, ff100",c,0.99,4,pg_ser,10101.0101010101,15772.870662460567,0.6404040404040404
"Published Sept 29: split 32, ff100",c,0.99,8,pg_ser,14224.75106685633,23866.34844868735,0.5960170697012802
"Published Sept 29: split 32, ff100",c,0.99,16,pg_ser,19029.495718363465,32948.929159802305,0.5775451950523312
"Fresh v2: split 1024, ff90, matched det/pg",c,0.99,1,pg_ser,4125.412541254125,4582.9514207149405,0.9001650165016502
"Fresh v2: split 1024, ff90, matched det/pg",c,0.99,4,pg_ser,9794.31929480901,15649.452269170579,0.6258570029382958
"Fresh v2: split 1024, ff90, matched det/pg",c,0.99,8,pg_ser,14184.397163120568,23980.815347721822,0.5914893617021277
"Fresh v2: split 1024, ff90, matched det/pg",c,0.99,16,pg_ser,18621.973929236497,30581.03975535168,0.6089385474860335
"Published Sept 29: split 32, ff100",d,0.99,1,det,3159.55766192733,3932.3633503735746,0.8034755134281201
"Published Sept 29: split 32, ff100",d,0.99,4,det,6437.07756678468,8517.887563884156,0.7557129063405215
"Published Sept 29: split 32, ff100",d,0.99,8,det,7880.220646178093,11191.94180190263,0.7040977147360126
"Published Sept 29: split 32, ff100",d,0.99,16,det,9478.67298578199,13422.818791946309,0.7061611374407583
Oct 1 rerun: split 1024; Sept det/pg bases,d,0.99,1,det,3442.9333792391117,3932.3633503735746,0.8755379583405061
Oct 1 rerun: split 1024; Sept det/pg bases,d,0.99,4,det,7228.044813877846,8517.887563884156,0.8485724611492591
Oct 1 rerun: split 1024; Sept det/pg bases,d,0.99,8,det,9337.068160597571,11191.94180190263,0.834267040149393
Oct 1 rerun: split 1024; Sept det/pg bases,d,0.99,16,det,11254.924029262802,13422.818791946309,0.8384918401800787
"Fresh v2: split 1024, ff90, matched det/pg",d,0.99,1,det,3498.3382893125763,3907.0130884938467,0.8953996851495538
"Fresh v2: split 1024, ff90, matched det/pg",d,0.99,4,det,6680.02672010688,8496.176720475785,0.7862391449565799
"Fresh v2: split 1024, ff90, matched det/pg",d,0.99,8,det,9095.043201455206,11080.3324099723,0.8208276489313323
"Fresh v2: split 1024, ff90, matched det/pg",d,0.99,16,det,11198.208286674133,13306.71989354624,0.8415453527435611
"Published Sept 29: split 32, ff100",d,0.99,1,pg_ser,3159.55766192733,4145.077720207254,0.7622432859399684
"Published Sept 29: split 32, ff100",d,0.99,4,pg_ser,6437.07756678468,12217.470983506415,0.526874798841326
"Published Sept 29: split 32, ff100",d,0.99,8,pg_ser,7880.220646178093,15822.784810126583,0.4980299448384555
"Published Sept 29: split 32, ff100",d,0.99,16,pg_ser,9478.67298578199,18034.265103697024,0.5255924170616114
Oct 1 rerun: split 1024; Sept det/pg bases,d,0.99,1,pg_ser,3442.9333792391117,4145.077720207254,0.8306076777414356
Oct 1 rerun: split 1024; Sept det/pg bases,d,0.99,4,pg_ser,7228.044813877846,12217.470983506415,0.5916154680159016
Oct 1 rerun: split 1024; Sept det/pg bases,d,0.99,8,pg_ser,9337.068160597571,15822.784810126583,0.5901027077497665
Oct 1 rerun: split 1024; Sept det/pg bases,d,0.99,16,pg_ser,11254.924029262802,18034.265103697024,0.6240855374226224
"Fresh v2: split 1024, ff90, matched det/pg",d,0.99,1,pg_ser,3498.3382893125763,4127.115146512588,0.8476473675004372
"Fresh v2: split 1024, ff90, matched det/pg",d,0.99,4,pg_ser,6680.02672010688,12262.41569589209,0.5447561790247161
"Fresh v2: split 1024, ff90, matched det/pg",d,0.99,8,pg_ser,9095.043201455206,15785.319652722968,0.5761709868121873
"Fresh v2: split 1024, ff90, matched det/pg",d,0.99,16,pg_ser,11198.208286674133,17953.321364452422,0.6237402015677492
"Published Sept 29: split 32, ff100",f,0.99,1,det,1298.532658096351,2013.2876988121602,0.6449811712764576
"Published Sept 29: split 32, ff100",f,0.99,4,det,2191.060473269062,3872.216844143272,0.5658413672217354
"Published Sept 29: split 32, ff100",f,0.99,8,det,2683.4831611431637,5275.6528620416775,0.5086542331946867
"Published Sept 29: split 32, ff100",f,0.99,16,det,3269.5765898316167,7499.062617172854,0.4359980382540461
Oct 1 rerun: split 1024; Sept det/pg bases,f,0.99,1,det,1549.5467575734099,2013.2876988121602,0.7696598744867127
Oct 1 rerun: split 1024; Sept det/pg bases,f,0.99,4,det,2921.8407596785974,3872.216844143272,0.7545653761869978
Oct 1 rerun: split 1024; Sept det/pg bases,f,0.99,8,det,3954.1320680110716,5275.6528620416775,0.7495057334914986
Oct 1 rerun: split 1024; Sept det/pg bases,f,0.99,16,det,5915.409642117716,7499.062617172854,0.7888198757763975
"Fresh v2: split 1024, ff90, matched det/pg",f,0.99,1,det,1789.228842368939,1962.1308741293044,0.9118804795133297
"Fresh v2: split 1024, ff90, matched det/pg",f,0.99,4,det,3301.419610432486,3795.7866767887645,0.8697589963684385
"Fresh v2: split 1024, ff90, matched det/pg",f,0.99,8,det,4747.211013529552,5070.993914807303,0.9361500118680275
"Fresh v2: split 1024, ff90, matched det/pg",f,0.99,16,det,6327.111673521038,7344.840249724569,0.8614362543498892
"Published Sept 29: split 32, ff100",f,0.99,1,pg_ser,1298.532658096351,1937.046004842615,0.6703674847422412
"Published Sept 29: split 32, ff100",f,0.99,4,pg_ser,2191.060473269062,4501.462975467027,0.48674408413672215
"Published Sept 29: split 32, ff100",f,0.99,8,pg_ser,2683.4831611431637,6240.249609984399,0.430028176573192
"Published Sept 29: split 32, ff100",f,0.99,16,pg_ser,3269.5765898316167,8768.084173608067,0.37289521007029586
Oct 1 rerun: split 1024; Sept det/pg bases,f,0.99,1,pg_ser,1549.5467575734099,1937.046004842615,0.7999535135972728
Oct 1 rerun: split 1024; Sept det/pg bases,f,0.99,4,pg_ser,2921.8407596785974,4501.462975467027,0.6490869247626004
Oct 1 rerun: split 1024; Sept det/pg bases,f,0.99,8,pg_ser,3954.1320680110716,6240.249609984399,0.6336496638987742
Oct 1 rerun: split 1024; Sept det/pg bases,f,0.99,16,pg_ser,5915.409642117716,8768.084173608067,0.6746524696835255
"Fresh v2: split 1024, ff90, matched det/pg",f,0.99,1,pg_ser,1789.228842368939,2001.6012810248199,0.8938987296475219
"Fresh v2: split 1024, ff90, matched det/pg",f,0.99,4,pg_ser,3301.419610432486,4248.088360237893,0.7771541762958073
"Fresh v2: split 1024, ff90, matched det/pg",f,0.99,8,pg_ser,4747.211013529552,6756.756756756757,0.7025872300023737
"Fresh v2: split 1024, ff90, matched det/pg",f,0.99,16,pg_ser,6327.111673521038,9871.668311944719,0.6409364125276812
