mode,workload,server_workers,bcdb_workers,pool_size,total_queries,wall_time_ms,tps,merkle_pass,divergence_count,permanent_failures,run_id,shared_buffers,source_fingerprint,trial
bcdb_merkle,ycsb_workload_d_skew_1_20_20k.txt,4,4,4,20000,1104,18115.94,1,0,0,single_0c6d97c5ddd64a468779bd2f0f839ec5,32MB,bca6daed9b4548f4272d753402fd18992f457320befed0497d4cc835115221d0,1
cluster,ycsb_workload_d_skew_1_20_20k.txt,4,4,4,20000,1113.0,17969.45,1,0,0,cluster4_20260924_045203_a55d5e67,32MB,7bbdd971cc721402d9a9cf727f01e2df53a78e3cfd21bbb395f68342c399eab9,1
bcdb_det,ycsb_workload_d_skew_1_20_20k.txt,4,4,4,20000,1017,19665.68,1,0,0,single_91f3fedc26fd4388abdd1cac65ffb103,32MB,bca6daed9b4548f4272d753402fd18992f457320befed0497d4cc835115221d0,1
bcdb_merkle,ycsb_workload_d_skew_0_99_20k.txt,4,4,4,20000,1125,17777.78,1,0,0,single_b516061230984a7f97a501270bdffe40,32MB,bca6daed9b4548f4272d753402fd18992f457320befed0497d4cc835115221d0,1
cluster,ycsb_workload_d_skew_0_99_20k.txt,4,4,4,20000,1115.0,17937.22,1,0,0,cluster4_20260924_045355_bc8462f4,32MB,7bbdd971cc721402d9a9cf727f01e2df53a78e3cfd21bbb395f68342c399eab9,1
bcdb_det,ycsb_workload_d_skew_0_99_20k.txt,4,4,4,20000,1033,19361.08,1,0,0,single_8b36e20c61f24152bb7bad3f47ecdb20,32MB,bca6daed9b4548f4272d753402fd18992f457320befed0497d4cc835115221d0,1
cluster,ycsb_workload_c_skew_0_50_20k.txt,16,16,16,20000,460.0,43478.26,1,0,0,cluster4_20260924_045501_4d7a725b,32MB,7bbdd971cc721402d9a9cf727f01e2df53a78e3cfd21bbb395f68342c399eab9,1
bcdb_det,ycsb_workload_c_skew_0_50_20k.txt,16,16,16,20000,442,45248.87,1,0,0,single_573fe7bbc9a14c32a929f673c87b94ca,32MB,bca6daed9b4548f4272d753402fd18992f457320befed0497d4cc835115221d0,1
bcdb_merkle,ycsb_workload_c_skew_0_50_20k.txt,16,16,16,20000,438,45662.10,1,0,0,single_0259d26c6af040279763ae7521f92e2e,32MB,bca6daed9b4548f4272d753402fd18992f457320befed0497d4cc835115221d0,1
bcdb_merkle,ycsb_workload_b_skew_1_20_20k.txt,8,8,8,20000,955,20942.41,1,0,0,single_692fe0a0f1954fb2810d7215115b7220,32MB,bca6daed9b4548f4272d753402fd18992f457320befed0497d4cc835115221d0,1
cluster,ycsb_workload_b_skew_1_20_20k.txt,8,8,8,20000,989.0,20222.45,1,0,0,cluster4_20260924_045639_c54dfe4f,32MB,7bbdd971cc721402d9a9cf727f01e2df53a78e3cfd21bbb395f68342c399eab9,1
bcdb_det,ycsb_workload_b_skew_1_20_20k.txt,8,8,8,20000,871,22962.11,1,0,0,single_ee3dd32cc8464d98a770e98ecda48160,32MB,bca6daed9b4548f4272d753402fd18992f457320befed0497d4cc835115221d0,1
bcdb_det,ycsb_workload_d_skew_0_99_20k.txt,1,1,1,20000,2123,9420.63,1,0,0,single_dba268d9e6ea4fa3bde4c16cbefefd5d,32MB,bca6daed9b4548f4272d753402fd18992f457320befed0497d4cc835115221d0,1
bcdb_merkle,ycsb_workload_d_skew_0_99_20k.txt,1,1,1,20000,2289,8737.44,1,0,0,single_681d9629b9aa4f48b080cd554d8973dd,32MB,bca6daed9b4548f4272d753402fd18992f457320befed0497d4cc835115221d0,1
cluster,ycsb_workload_d_skew_0_99_20k.txt,1,1,1,20000,2200.0,9090.91,1,0,0,cluster4_20260924_045839_f07bbe95,32MB,7bbdd971cc721402d9a9cf727f01e2df53a78e3cfd21bbb395f68342c399eab9,1
bcdb_merkle,ycsb_workload_f_skew_0_00_20k.txt,4,4,4,20000,3924,5096.84,1,0,0,single_5bfd521f569e4459b73aeaf2bb126d20,32MB,bca6daed9b4548f4272d753402fd18992f457320befed0497d4cc835115221d0,1
cluster,ycsb_workload_f_skew_0_00_20k.txt,4,4,4,20000,3964.0,5045.41,1,0,0,cluster4_20260924_050004_fb77c536,32MB,7bbdd971cc721402d9a9cf727f01e2df53a78e3cfd21bbb395f68342c399eab9,1
bcdb_det,ycsb_workload_f_skew_0_00_20k.txt,4,4,4,20000,3776,5296.61,1,0,0,single_cd7fdc9ee7db4075a8422f22378d9f38,32MB,bca6daed9b4548f4272d753402fd18992f457320befed0497d4cc835115221d0,1
cluster,ycsb_workload_f_skew_1_20_20k.txt,16,16,16,20000,2828.0,7072.14,1,0,0,cluster4_20260924_050112_7a7d57be,32MB,7bbdd971cc721402d9a9cf727f01e2df53a78e3cfd21bbb395f68342c399eab9,1
bcdb_det,ycsb_workload_f_skew_1_20_20k.txt,16,16,16,20000,2542,7867.82,1,0,0,single_fcc491453284457dae2398970df038a0,32MB,bca6daed9b4548f4272d753402fd18992f457320befed0497d4cc835115221d0,1
bcdb_merkle,ycsb_workload_f_skew_1_20_20k.txt,16,16,16,20000,2762,7241.13,1,0,0,single_09031abe86f943c7bd7ba7f703dcbf5b,32MB,bca6daed9b4548f4272d753402fd18992f457320befed0497d4cc835115221d0,1
cluster,ycsb_workload_b_skew_0_00_20k.txt,16,16,16,20000,816.0,24509.8,1,0,0,cluster4_20260924_050252_9aa5163c,32MB,7bbdd971cc721402d9a9cf727f01e2df53a78e3cfd21bbb395f68342c399eab9,1
bcdb_det,ycsb_workload_b_skew_0_00_20k.txt,16,16,16,20000,755,26490.07,1,0,0,single_a61449138dba4e99b014e5bfc2aaf7f8,32MB,bca6daed9b4548f4272d753402fd18992f457320befed0497d4cc835115221d0,1
bcdb_merkle,ycsb_workload_b_skew_0_00_20k.txt,16,16,16,20000,780,25641.03,1,0,0,single_50881f23b72149c3a34eb09060c02d0c,32MB,bca6daed9b4548f4272d753402fd18992f457320befed0497d4cc835115221d0,1
bcdb_merkle,ycsb_workload_d_skew_1_20_20k.txt,8,8,8,20000,900,22222.22,1,0,0,single_de023fc7840945299b8e8d9bfd43e681,32MB,bca6daed9b4548f4272d753402fd18992f457320befed0497d4cc835115221d0,1
cluster,ycsb_workload_d_skew_1_20_20k.txt,8,8,8,20000,922.0,21691.97,1,0,0,cluster4_20260924_050432_a9ee3a62,32MB,7bbdd971cc721402d9a9cf727f01e2df53a78e3cfd21bbb395f68342c399eab9,1
bcdb_det,ycsb_workload_d_skew_1_20_20k.txt,8,8,8,20000,830,24096.39,1,0,0,single_407e7880571a42778052f1b08b93f78d,32MB,bca6daed9b4548f4272d753402fd18992f457320befed0497d4cc835115221d0,1
bcdb_merkle,ycsb_workload_b_skew_0_99_20k.txt,8,8,8,20000,915,21857.92,1,0,0,single_22aaf50c72a14269bafc0afe03c81a04,32MB,bca6daed9b4548f4272d753402fd18992f457320befed0497d4cc835115221d0,1
cluster,ycsb_workload_b_skew_0_99_20k.txt,8,8,8,20000,939.0,21299.25,1,0,0,cluster4_20260924_050600_9838209c,32MB,7bbdd971cc721402d9a9cf727f01e2df53a78e3cfd21bbb395f68342c399eab9,1
bcdb_det,ycsb_workload_b_skew_0_99_20k.txt,8,8,8,20000,841,23781.21,1,0,0,single_a60ff3a44e4a4e5b904c9fd9401328cf,32MB,bca6daed9b4548f4272d753402fd18992f457320befed0497d4cc835115221d0,1
bcdb_det,ycsb_workload_f_skew_0_99_20k.txt,1,1,1,20000,7617,2625.71,1,0,0,single_d9434bbc02ed4018bc6d19fdfdba0033,32MB,bca6daed9b4548f4272d753402fd18992f457320befed0497d4cc835115221d0,1
bcdb_merkle,ycsb_workload_f_skew_0_99_20k.txt,1,1,1,20000,8085,2473.72,1,0,0,single_e56ce91da0a94d659068c04320ff6313,32MB,bca6daed9b4548f4272d753402fd18992f457320befed0497d4cc835115221d0,1
cluster,ycsb_workload_f_skew_0_99_20k.txt,1,1,1,20000,7937.0,2519.84,1,0,0,cluster4_20260924_050816_165e6800,32MB,7bbdd971cc721402d9a9cf727f01e2df53a78e3cfd21bbb395f68342c399eab9,1
bcdb_merkle,ycsb_workload_f_skew_0_99_20k.txt,4,4,4,20000,3992,5010.02,1,0,0,single_4a04c6f2030d49f9b5421a0acd45d5ca,32MB,bca6daed9b4548f4272d753402fd18992f457320befed0497d4cc835115221d0,1
cluster,ycsb_workload_f_skew_0_99_20k.txt,4,4,4,20000,4025.0,4968.94,1,0,0,cluster4_20260924_050944_4cbdff54,32MB,7bbdd971cc721402d9a9cf727f01e2df53a78e3cfd21bbb395f68342c399eab9,1
bcdb_det,ycsb_workload_f_skew_0_99_20k.txt,4,4,4,20000,3847,5198.86,1,0,0,single_f43f5e0cb1b84069aa8dd4b0c0a1b0f7,32MB,bca6daed9b4548f4272d753402fd18992f457320befed0497d4cc835115221d0,1
bcdb_det,ycsb_workload_b_skew_0_50_20k.txt,1,1,1,20000,2182,9165.90,1,0,0,single_ca31c4797fae4ec2a857181f6da9f7f9,32MB,bca6daed9b4548f4272d753402fd18992f457320befed0497d4cc835115221d0,1
bcdb_merkle,ycsb_workload_b_skew_0_50_20k.txt,1,1,1,20000,2201,9086.78,1,0,0,single_871c5ad79e8b4301aae1b35e8c29379e,32MB,bca6daed9b4548f4272d753402fd18992f457320befed0497d4cc835115221d0,1
cluster,ycsb_workload_b_skew_0_50_20k.txt,1,1,1,20000,2216.0,9025.27,1,0,0,cluster4_20260924_051137_9410045a,32MB,7bbdd971cc721402d9a9cf727f01e2df53a78e3cfd21bbb395f68342c399eab9,1
bcdb_merkle,ycsb_workload_d_skew_0_00_20k.txt,8,8,8,20000,900,22222.22,1,0,0,single_ddc38f8f125541d08bed1fe983d91619,32MB,bca6daed9b4548f4272d753402fd18992f457320befed0497d4cc835115221d0,1
cluster,ycsb_workload_d_skew_0_00_20k.txt,8,8,8,20000,933.0,21436.23,1,0,0,cluster4_20260924_051242_44c2318e,32MB,7bbdd971cc721402d9a9cf727f01e2df53a78e3cfd21bbb395f68342c399eab9,1
bcdb_det,ycsb_workload_d_skew_0_00_20k.txt,8,8,8,20000,854,23419.20,1,0,0,single_32a14d1cbd374a85ae25bb5320accf64,32MB,bca6daed9b4548f4272d753402fd18992f457320befed0497d4cc835115221d0,1
cluster,ycsb_workload_a_skew_1_20_20k.txt,16,16,16,20000,2662.0,7513.15,1,0,0,cluster4_20260924_051358_202e7a01,32MB,7bbdd971cc721402d9a9cf727f01e2df53a78e3cfd21bbb395f68342c399eab9,1
bcdb_det,ycsb_workload_a_skew_1_20_20k.txt,16,16,16,20000,2450,8163.27,1,0,0,single_c1fe93bd673e49f28e473e3c33e033a2,32MB,bca6daed9b4548f4272d753402fd18992f457320befed0497d4cc835115221d0,1
bcdb_merkle,ycsb_workload_a_skew_1_20_20k.txt,16,16,16,20000,2588,7727.98,1,0,0,single_f1409d6c27cd4a02bb06f4a6302a28d0,32MB,bca6daed9b4548f4272d753402fd18992f457320befed0497d4cc835115221d0,1
bcdb_merkle,ycsb_workload_c_skew_0_00_20k.txt,4,4,4,20000,638,31347.96,1,0,0,single_c96a59af935b4c43bb9d51615e63478a,32MB,bca6daed9b4548f4272d753402fd18992f457320befed0497d4cc835115221d0,1
cluster,ycsb_workload_c_skew_0_00_20k.txt,4,4,4,20000,622.0,32154.34,1,0,0,cluster4_20260924_051603_482f2fcf,32MB,7bbdd971cc721402d9a9cf727f01e2df53a78e3cfd21bbb395f68342c399eab9,1
bcdb_det,ycsb_workload_c_skew_0_00_20k.txt,4,4,4,20000,607,32948.93,1,0,0,single_5e447b9a03a749dc8c438578b24aa84d,32MB,bca6daed9b4548f4272d753402fd18992f457320befed0497d4cc835115221d0,1
bcdb_merkle,ycsb_workload_f_skew_0_50_20k.txt,8,8,8,20000,2319,8624.41,1,0,0,single_88b6d7888fc0462daa5d45fac4d9f2e6,32MB,bca6daed9b4548f4272d753402fd18992f457320befed0497d4cc835115221d0,1
cluster,ycsb_workload_f_skew_0_50_20k.txt,8,8,8,20000,2358.0,8481.76,1,0,0,cluster4_20260924_051720_c0754416,32MB,7bbdd971cc721402d9a9cf727f01e2df53a78e3cfd21bbb395f68342c399eab9,1
bcdb_det,ycsb_workload_f_skew_0_50_20k.txt,8,8,8,20000,2212,9041.59,1,0,0,single_86cc7410b4194143bb85be009d00b648,32MB,bca6daed9b4548f4272d753402fd18992f457320befed0497d4cc835115221d0,1
bcdb_merkle,ycsb_workload_a_skew_1_20_20k.txt,8,8,8,20000,2962,6752.19,1,0,0,single_71d08512d1dd45aa8b794d823f800bd4,32MB,bca6daed9b4548f4272d753402fd18992f457320befed0497d4cc835115221d0,1
cluster,ycsb_workload_a_skew_1_20_20k.txt,8,8,8,20000,3011.0,6642.31,1,0,0,cluster4_20260924_051856_88e1ebfc,32MB,7bbdd971cc721402d9a9cf727f01e2df53a78e3cfd21bbb395f68342c399eab9,1
bcdb_det,ycsb_workload_a_skew_1_20_20k.txt,8,8,8,20000,2828,7072.14,1,0,0,single_99204bb0300749d99d7c11b8d1773795,32MB,bca6daed9b4548f4272d753402fd18992f457320befed0497d4cc835115221d0,1
bcdb_det,ycsb_workload_a_skew_0_99_20k.txt,1,1,1,20000,7032,2844.14,1,0,0,single_4704d9a777e643e9910878c7e5144c63,32MB,bca6daed9b4548f4272d753402fd18992f457320befed0497d4cc835115221d0,1
bcdb_merkle,ycsb_workload_a_skew_0_99_20k.txt,1,1,1,20000,7522,2658.87,1,0,0,single_c3da0f44982e461096474783f524a05a,32MB,bca6daed9b4548f4272d753402fd18992f457320befed0497d4cc835115221d0,1
cluster,ycsb_workload_a_skew_0_99_20k.txt,1,1,1,20000,7318.0,2732.99,1,0,0,cluster4_20260924_052123_36bfec1f,32MB,7bbdd971cc721402d9a9cf727f01e2df53a78e3cfd21bbb395f68342c399eab9,1
bcdb_det,ycsb_workload_a_skew_1_20_20k.txt,1,1,1,20000,7044,2839.30,1,0,0,single_c4dd4ca0cd734190bec565feb5034239,32MB,bca6daed9b4548f4272d753402fd18992f457320befed0497d4cc835115221d0,1
bcdb_merkle,ycsb_workload_a_skew_1_20_20k.txt,1,1,1,20000,7507,2664.18,1,0,0,single_3cdf4de007b843b5bf2532eca0fb8240,32MB,bca6daed9b4548f4272d753402fd18992f457320befed0497d4cc835115221d0,1
cluster,ycsb_workload_a_skew_1_20_20k.txt,1,1,1,20000,7328.0,2729.26,1,0,0,cluster4_20260924_052318_6d2aae59,32MB,7bbdd971cc721402d9a9cf727f01e2df53a78e3cfd21bbb395f68342c399eab9,1
bcdb_merkle,ycsb_workload_f_skew_0_00_20k.txt,8,8,8,20000,2333,8572.65,1,0,0,single_abd6e9f0a12b4f03b2bed7ae0b076ce0,32MB,bca6daed9b4548f4272d753402fd18992f457320befed0497d4cc835115221d0,1
cluster,ycsb_workload_f_skew_0_00_20k.txt,8,8,8,20000,2366.0,8453.09,1,0,0,cluster4_20260924_052430_3d2f69d2,32MB,7bbdd971cc721402d9a9cf727f01e2df53a78e3cfd21bbb395f68342c399eab9,1
bcdb_det,ycsb_workload_f_skew_0_00_20k.txt,8,8,8,20000,2236,8944.54,1,0,0,single_32fedb1d7ce0484ea440d70c9b17e68a,32MB,bca6daed9b4548f4272d753402fd18992f457320befed0497d4cc835115221d0,1
bcdb_det,ycsb_workload_c_skew_0_50_20k.txt,1,1,1,20000,1629,12277.47,1,0,0,single_689534b7ad4346a8a4865ef182445021,32MB,bca6daed9b4548f4272d753402fd18992f457320befed0497d4cc835115221d0,1
bcdb_merkle,ycsb_workload_c_skew_0_50_20k.txt,1,1,1,20000,1660,12048.19,1,0,0,single_4afe3046999e4e5d9b90a69f034814b4,32MB,bca6daed9b4548f4272d753402fd18992f457320befed0497d4cc835115221d0,1
cluster,ycsb_workload_c_skew_0_50_20k.txt,1,1,1,20000,1604.0,12468.83,1,0,0,cluster4_20260924_052634_0e04081e,32MB,7bbdd971cc721402d9a9cf727f01e2df53a78e3cfd21bbb395f68342c399eab9,1
bcdb_det,ycsb_workload_d_skew_0_50_20k.txt,1,1,1,20000,2027,9866.80,1,0,0,single_8057cfda61194c0ebc6221a1544c7fcc,32MB,bca6daed9b4548f4272d753402fd18992f457320befed0497d4cc835115221d0,1
bcdb_merkle,ycsb_workload_d_skew_0_50_20k.txt,1,1,1,20000,2183,9161.70,1,0,0,single_ea9f46bf925f488faafae65870cfb398,32MB,bca6daed9b4548f4272d753402fd18992f457320befed0497d4cc835115221d0,1
cluster,ycsb_workload_d_skew_0_50_20k.txt,1,1,1,20000,2236.0,8944.54,1,0,0,cluster4_20260924_052808_f119b8e3,32MB,7bbdd971cc721402d9a9cf727f01e2df53a78e3cfd21bbb395f68342c399eab9,1
bcdb_merkle,ycsb_workload_d_skew_0_00_20k.txt,4,4,4,20000,1105,18099.55,1,0,0,single_2382e8beb532457c8587efc80435df77,32MB,bca6daed9b4548f4272d753402fd18992f457320befed0497d4cc835115221d0,1
cluster,ycsb_workload_d_skew_0_00_20k.txt,4,4,4,20000,1135.0,17621.15,1,0,0,cluster4_20260924_052925_77d6b72e,32MB,7bbdd971cc721402d9a9cf727f01e2df53a78e3cfd21bbb395f68342c399eab9,1
bcdb_det,ycsb_workload_d_skew_0_00_20k.txt,4,4,4,20000,1012,19762.85,1,0,0,single_1e5ecbe1c7d74e30a171f69d188a1d23,32MB,bca6daed9b4548f4272d753402fd18992f457320befed0497d4cc835115221d0,1
cluster,ycsb_workload_c_skew_0_00_20k.txt,16,16,16,20000,463.0,43196.54,1,0,0,cluster4_20260924_053028_0fd29f71,32MB,7bbdd971cc721402d9a9cf727f01e2df53a78e3cfd21bbb395f68342c399eab9,1
bcdb_det,ycsb_workload_c_skew_0_00_20k.txt,16,16,16,20000,434,46082.95,1,0,0,single_c0012ab6254a4925be284f480c354489,32MB,bca6daed9b4548f4272d753402fd18992f457320befed0497d4cc835115221d0,1
bcdb_merkle,ycsb_workload_c_skew_0_00_20k.txt,16,16,16,20000,436,45871.56,1,0,0,single_50e4225b76a8426e87ab0a598fe098da,32MB,bca6daed9b4548f4272d753402fd18992f457320befed0497d4cc835115221d0,1
cluster,ycsb_workload_c_skew_1_20_20k.txt,16,16,16,20000,431.0,46403.71,1,0,0,cluster4_20260924_053156_86e183fe,32MB,7bbdd971cc721402d9a9cf727f01e2df53a78e3cfd21bbb395f68342c399eab9,1
bcdb_det,ycsb_workload_c_skew_1_20_20k.txt,16,16,16,20000,437,45766.59,1,0,0,single_2daff777f11945d098dfbcb92142db0b,32MB,bca6daed9b4548f4272d753402fd18992f457320befed0497d4cc835115221d0,1
bcdb_merkle,ycsb_workload_c_skew_1_20_20k.txt,16,16,16,20000,444,45045.05,1,0,0,single_15727184bd754cfab1e6d255a82f86d4,32MB,bca6daed9b4548f4272d753402fd18992f457320befed0497d4cc835115221d0,1
bcdb_merkle,ycsb_workload_a_skew_0_00_20k.txt,4,4,4,20000,3835,5215.12,1,0,0,single_7f2fca55c66245b79e266350aa31f551,32MB,bca6daed9b4548f4272d753402fd18992f457320befed0497d4cc835115221d0,1
cluster,ycsb_workload_a_skew_0_00_20k.txt,4,4,4,20000,4011.0,4986.29,1,0,0,cluster4_20260924_053356_6bac7523,32MB,7bbdd971cc721402d9a9cf727f01e2df53a78e3cfd21bbb395f68342c399eab9,1
bcdb_det,ycsb_workload_a_skew_0_00_20k.txt,4,4,4,20000,3707,5395.20,1,0,0,single_abfb0c4d18de4d26a391a22a9f0c7c26,32MB,bca6daed9b4548f4272d753402fd18992f457320befed0497d4cc835115221d0,1
bcdb_det,ycsb_workload_c_skew_0_99_20k.txt,1,1,1,20000,1514,13210.04,1,0,0,single_8f511237b7264862be0bc86bf60fd4da,32MB,bca6daed9b4548f4272d753402fd18992f457320befed0497d4cc835115221d0,1
bcdb_merkle,ycsb_workload_c_skew_0_99_20k.txt,1,1,1,20000,1610,12422.36,1,0,0,single_d880c076c6444d929c398359e62c8d3c,32MB,bca6daed9b4548f4272d753402fd18992f457320befed0497d4cc835115221d0,1
cluster,ycsb_workload_c_skew_0_99_20k.txt,1,1,1,20000,1662.0,12033.69,1,0,0,cluster4_20260924_053545_92492b29,32MB,7bbdd971cc721402d9a9cf727f01e2df53a78e3cfd21bbb395f68342c399eab9,1
bcdb_merkle,ycsb_workload_c_skew_0_99_20k.txt,4,4,4,20000,631,31695.72,1,0,0,single_d171ec5ace3c44f3b3d0f8400eedbb62,32MB,bca6daed9b4548f4272d753402fd18992f457320befed0497d4cc835115221d0,1
cluster,ycsb_workload_c_skew_0_99_20k.txt,4,4,4,20000,623.0,32102.73,1,0,0,cluster4_20260924_053702_4d393104,32MB,7bbdd971cc721402d9a9cf727f01e2df53a78e3cfd21bbb395f68342c399eab9,1
bcdb_det,ycsb_workload_c_skew_0_99_20k.txt,4,4,4,20000,657,30441.40,1,0,0,single_d93ed98735074e8f85d338866daa8caa,32MB,bca6daed9b4548f4272d753402fd18992f457320befed0497d4cc835115221d0,1
cluster,ycsb_workload_c_skew_0_99_20k.txt,16,16,16,20000,436.0,45871.56,1,0,0,cluster4_20260924_053803_769445d7,32MB,7bbdd971cc721402d9a9cf727f01e2df53a78e3cfd21bbb395f68342c399eab9,1
bcdb_det,ycsb_workload_c_skew_0_99_20k.txt,16,16,16,20000,436,45871.56,1,0,0,single_290c350f3891485882fbe010878cfc2e,32MB,bca6daed9b4548f4272d753402fd18992f457320befed0497d4cc835115221d0,1
bcdb_merkle,ycsb_workload_c_skew_0_99_20k.txt,16,16,16,20000,448,44642.86,1,0,0,single_0dc0ba1f3b624801be865226234d237b,32MB,bca6daed9b4548f4272d753402fd18992f457320befed0497d4cc835115221d0,1
bcdb_det,ycsb_workload_c_skew_0_00_20k.txt,1,1,1,20000,1534,13037.81,1,0,0,single_d60a906429ba4b2dbd530869898b5e19,32MB,bca6daed9b4548f4272d753402fd18992f457320befed0497d4cc835115221d0,1
bcdb_merkle,ycsb_workload_c_skew_0_00_20k.txt,1,1,1,20000,1631,12262.42,1,0,0,single_4b34fe6ca42941c6adf728548f334f56,32MB,bca6daed9b4548f4272d753402fd18992f457320befed0497d4cc835115221d0,1
cluster,ycsb_workload_c_skew_0_00_20k.txt,1,1,1,20000,1697.0,11785.5,1,0,0,cluster4_20260924_054011_b074b59c,32MB,7bbdd971cc721402d9a9cf727f01e2df53a78e3cfd21bbb395f68342c399eab9,1
cluster,ycsb_workload_b_skew_0_50_20k.txt,16,16,16,20000,825.0,24242.42,1,0,0,cluster4_20260924_054104_deb4a87f,32MB,7bbdd971cc721402d9a9cf727f01e2df53a78e3cfd21bbb395f68342c399eab9,1
bcdb_det,ycsb_workload_b_skew_0_50_20k.txt,16,16,16,20000,724,27624.31,1,0,0,single_244266517da14ae1975d81179d4dc6b5,32MB,bca6daed9b4548f4272d753402fd18992f457320befed0497d4cc835115221d0,1
bcdb_merkle,ycsb_workload_b_skew_0_50_20k.txt,16,16,16,20000,786,25445.29,1,0,0,single_4b6281084aab4e94a6a1972fd8009b2a,32MB,bca6daed9b4548f4272d753402fd18992f457320befed0497d4cc835115221d0,1
bcdb_merkle,ycsb_workload_b_skew_0_00_20k.txt,8,8,8,20000,908,22026.43,1,0,0,single_afaba7600a8b4c61adbdaffe123fb911,32MB,bca6daed9b4548f4272d753402fd18992f457320befed0497d4cc835115221d0,1
cluster,ycsb_workload_b_skew_0_00_20k.txt,8,8,8,20000,955.0,20942.41,1,0,0,cluster4_20260924_054246_d9e107be,32MB,7bbdd971cc721402d9a9cf727f01e2df53a78e3cfd21bbb395f68342c399eab9,1
bcdb_det,ycsb_workload_b_skew_0_00_20k.txt,8,8,8,20000,856,23364.49,1,0,0,single_a2256a969f8946e99f2a444e695490b5,32MB,bca6daed9b4548f4272d753402fd18992f457320befed0497d4cc835115221d0,1
bcdb_merkle,ycsb_workload_c_skew_1_20_20k.txt,4,4,4,20000,635,31496.06,1,0,0,single_1df8f16679f8401f8090a9a83de05cdb,32MB,bca6daed9b4548f4272d753402fd18992f457320befed0497d4cc835115221d0,1
cluster,ycsb_workload_c_skew_1_20_20k.txt,4,4,4,20000,614.0,32573.29,1,0,0,cluster4_20260924_054427_1bc6e066,32MB,7bbdd971cc721402d9a9cf727f01e2df53a78e3cfd21bbb395f68342c399eab9,1
bcdb_det,ycsb_workload_c_skew_1_20_20k.txt,4,4,4,20000,592,33783.78,1,0,0,single_5f118af5b71e4c92b1b1d6ba9f611bc4,32MB,bca6daed9b4548f4272d753402fd18992f457320befed0497d4cc835115221d0,1
cluster,ycsb_workload_f_skew_0_00_20k.txt,16,16,16,20000,1453.0,13764.62,1,0,0,cluster4_20260924_054531_6cc06309,32MB,7bbdd971cc721402d9a9cf727f01e2df53a78e3cfd21bbb395f68342c399eab9,1
bcdb_det,ycsb_workload_f_skew_0_00_20k.txt,16,16,16,20000,1283,15588.46,1,0,0,single_01c85b55477d4ff4bfeeefe9ad9d665f,32MB,bca6daed9b4548f4272d753402fd18992f457320befed0497d4cc835115221d0,1
bcdb_merkle,ycsb_workload_f_skew_0_00_20k.txt,16,16,16,20000,1425,14035.09,1,0,0,single_c223267fa0a74204add0b41c300b9d39,32MB,bca6daed9b4548f4272d753402fd18992f457320befed0497d4cc835115221d0,1
cluster,ycsb_workload_a_skew_0_50_20k.txt,16,16,16,20000,1410.0,14184.4,1,0,0,cluster4_20260924_054704_fdc7e470,32MB,7bbdd971cc721402d9a9cf727f01e2df53a78e3cfd21bbb395f68342c399eab9,1
bcdb_det,ycsb_workload_a_skew_0_50_20k.txt,16,16,16,20000,1238,16155.09,1,0,0,single_8486f7008da842daa890ca660e7e0485,32MB,bca6daed9b4548f4272d753402fd18992f457320befed0497d4cc835115221d0,1
bcdb_merkle,ycsb_workload_a_skew_0_50_20k.txt,16,16,16,20000,1368,14619.88,1,0,0,single_1e8037572ecb4de3bb8df28e4140eb88,32MB,bca6daed9b4548f4272d753402fd18992f457320befed0497d4cc835115221d0,1
bcdb_merkle,ycsb_workload_c_skew_0_00_20k.txt,8,8,8,20000,445,44943.82,1,0,0,single_ad08a575c35a4e8e871dadd34aa5b511,32MB,bca6daed9b4548f4272d753402fd18992f457320befed0497d4cc835115221d0,1
cluster,ycsb_workload_c_skew_0_00_20k.txt,8,8,8,20000,468.0,42735.04,1,0,0,cluster4_20260924_054848_321a023a,32MB,7bbdd971cc721402d9a9cf727f01e2df53a78e3cfd21bbb395f68342c399eab9,1
bcdb_det,ycsb_workload_c_skew_0_00_20k.txt,8,8,8,20000,449,44543.43,1,0,0,single_ac328995e80746b3b7efac285f74ede0,32MB,bca6daed9b4548f4272d753402fd18992f457320befed0497d4cc835115221d0,1
bcdb_det,ycsb_workload_f_skew_0_50_20k.txt,1,1,1,20000,7549,2649.36,1,0,0,single_9127edcc99584f6f874b00028c2b8305,32MB,bca6daed9b4548f4272d753402fd18992f457320befed0497d4cc835115221d0,1
bcdb_merkle,ycsb_workload_f_skew_0_50_20k.txt,1,1,1,20000,8071,2478.01,1,0,0,single_4567c3838651407a93f278f38ef7ce1d,32MB,bca6daed9b4548f4272d753402fd18992f457320befed0497d4cc835115221d0,1
cluster,ycsb_workload_f_skew_0_50_20k.txt,1,1,1,20000,7906.0,2529.72,1,0,0,cluster4_20260924_055102_ad8f8e61,32MB,7bbdd971cc721402d9a9cf727f01e2df53a78e3cfd21bbb395f68342c399eab9,1
bcdb_merkle,ycsb_workload_a_skew_0_00_20k.txt,8,8,8,20000,2292,8726.00,1,0,0,single_67a67d73ffaa49559bbbac266814aa8e,32MB,bca6daed9b4548f4272d753402fd18992f457320befed0497d4cc835115221d0,1
cluster,ycsb_workload_a_skew_0_00_20k.txt,8,8,8,20000,2332.0,8576.33,1,0,0,cluster4_20260924_055215_5821b75a,32MB,7bbdd971cc721402d9a9cf727f01e2df53a78e3cfd21bbb395f68342c399eab9,1
bcdb_det,ycsb_workload_a_skew_0_00_20k.txt,8,8,8,20000,2198,9099.18,1,0,0,single_154ec66fc0d14c879a62394b40653f5d,32MB,bca6daed9b4548f4272d753402fd18992f457320befed0497d4cc835115221d0,1
bcdb_det,ycsb_workload_b_skew_0_00_20k.txt,1,1,1,20000,2053,9741.84,1,0,0,single_c4dd24d55e0a4930b00aeb99173b3dc4,32MB,bca6daed9b4548f4272d753402fd18992f457320befed0497d4cc835115221d0,1
bcdb_merkle,ycsb_workload_b_skew_0_00_20k.txt,1,1,1,20000,2221,9004.95,1,0,0,single_e24104eed12746188f40643a02b68853,32MB,bca6daed9b4548f4272d753402fd18992f457320befed0497d4cc835115221d0,1
cluster,ycsb_workload_b_skew_0_00_20k.txt,1,1,1,20000,2202.0,9082.65,1,0,0,cluster4_20260924_055414_4bdb7975,32MB,7bbdd971cc721402d9a9cf727f01e2df53a78e3cfd21bbb395f68342c399eab9,1
bcdb_merkle,ycsb_workload_c_skew_0_50_20k.txt,8,8,8,20000,427,46838.41,1,0,0,single_0a8c7f44352f4f77bcf0df8a7b1b0f70,32MB,bca6daed9b4548f4272d753402fd18992f457320befed0497d4cc835115221d0,1
cluster,ycsb_workload_c_skew_0_50_20k.txt,8,8,8,20000,460.0,43478.26,1,0,0,cluster4_20260924_055519_4c6a906b,32MB,7bbdd971cc721402d9a9cf727f01e2df53a78e3cfd21bbb395f68342c399eab9,1
bcdb_det,ycsb_workload_c_skew_0_50_20k.txt,8,8,8,20000,407,49140.05,1,0,0,single_1c8de34bb7b149fba42270794bc623c7,32MB,bca6daed9b4548f4272d753402fd18992f457320befed0497d4cc835115221d0,1
bcdb_merkle,ycsb_workload_c_skew_0_99_20k.txt,8,8,8,20000,427,46838.41,1,0,0,single_7af47b6c9aef478e9acb7be36247926d,32MB,bca6daed9b4548f4272d753402fd18992f457320befed0497d4cc835115221d0,1
cluster,ycsb_workload_c_skew_0_99_20k.txt,8,8,8,20000,465.0,43010.75,1,0,0,cluster4_20260924_055647_91cea9cc,32MB,7bbdd971cc721402d9a9cf727f01e2df53a78e3cfd21bbb395f68342c399eab9,1
bcdb_det,ycsb_workload_c_skew_0_99_20k.txt,8,8,8,20000,433,46189.38,1,0,0,single_9ed9e6332f23405c9a1f51cdd3fa484b,32MB,bca6daed9b4548f4272d753402fd18992f457320befed0497d4cc835115221d0,1
bcdb_merkle,ycsb_workload_b_skew_0_50_20k.txt,8,8,8,20000,909,22002.20,1,0,0,single_095da0e1de394051bf73193c63defdba,32MB,bca6daed9b4548f4272d753402fd18992f457320befed0497d4cc835115221d0,1
cluster,ycsb_workload_b_skew_0_50_20k.txt,8,8,8,20000,926.0,21598.27,1,0,0,cluster4_20260924_055816_0bb2720f,32MB,7bbdd971cc721402d9a9cf727f01e2df53a78e3cfd21bbb395f68342c399eab9,1
bcdb_det,ycsb_workload_b_skew_0_50_20k.txt,8,8,8,20000,837,23894.86,1,0,0,single_13126839e1ff4d29aa6654e6cfdc3f94,32MB,bca6daed9b4548f4272d753402fd18992f457320befed0497d4cc835115221d0,1
bcdb_merkle,ycsb_workload_c_skew_1_20_20k.txt,8,8,8,20000,459,43572.98,1,0,0,single_657be1690c0245d383a46c6509d37d57,32MB,bca6daed9b4548f4272d753402fd18992f457320befed0497d4cc835115221d0,1
cluster,ycsb_workload_c_skew_1_20_20k.txt,8,8,8,20000,465.0,43010.75,1,0,0,cluster4_20260924_055945_5f84fbf4,32MB,7bbdd971cc721402d9a9cf727f01e2df53a78e3cfd21bbb395f68342c399eab9,1
bcdb_det,ycsb_workload_c_skew_1_20_20k.txt,8,8,8,20000,413,48426.15,1,0,0,single_e78ca820e74b44fa962685df6e00621c,32MB,bca6daed9b4548f4272d753402fd18992f457320befed0497d4cc835115221d0,1
bcdb_det,ycsb_workload_b_skew_0_99_20k.txt,1,1,1,20000,2037,9818.36,1,0,0,single_0657710e0d844796a63c2479cf9893af,32MB,bca6daed9b4548f4272d753402fd18992f457320befed0497d4cc835115221d0,1
bcdb_merkle,ycsb_workload_b_skew_0_99_20k.txt,1,1,1,20000,2135,9367.68,1,0,0,single_d23f269877024099a0e4e64032eded43,32MB,bca6daed9b4548f4272d753402fd18992f457320befed0497d4cc835115221d0,1
cluster,ycsb_workload_b_skew_0_99_20k.txt,1,1,1,20000,2171.0,9212.34,1,0,0,cluster4_20260924_060141_2c07c13b,32MB,7bbdd971cc721402d9a9cf727f01e2df53a78e3cfd21bbb395f68342c399eab9,1
bcdb_merkle,ycsb_workload_a_skew_0_50_20k.txt,4,4,4,20000,3845,5201.56,1,0,0,single_c5f7eebb016b480bae5c1e7e5d8b0ee7,32MB,bca6daed9b4548f4272d753402fd18992f457320befed0497d4cc835115221d0,1
cluster,ycsb_workload_a_skew_0_50_20k.txt,4,4,4,20000,3841.0,5206.98,1,0,0,cluster4_20260924_060306_40f263d0,32MB,7bbdd971cc721402d9a9cf727f01e2df53a78e3cfd21bbb395f68342c399eab9,1
bcdb_det,ycsb_workload_a_skew_0_50_20k.txt,4,4,4,20000,3690,5420.05,1,0,0,single_c52458c680e14dd087166dee30d1c2a3,32MB,bca6daed9b4548f4272d753402fd18992f457320befed0497d4cc835115221d0,1
bcdb_merkle,ycsb_workload_a_skew_0_50_20k.txt,8,8,8,20000,2287,8745.08,1,0,0,single_ce252c2a3502484190081693f2a95403,32MB,bca6daed9b4548f4272d753402fd18992f457320befed0497d4cc835115221d0,1
cluster,ycsb_workload_a_skew_0_50_20k.txt,8,8,8,20000,2324.0,8605.85,1,0,0,cluster4_20260924_060428_249c5cf2,32MB,7bbdd971cc721402d9a9cf727f01e2df53a78e3cfd21bbb395f68342c399eab9,1
bcdb_det,ycsb_workload_a_skew_0_50_20k.txt,8,8,8,20000,2191,9128.25,1,0,0,single_f9d23d6eadb24055ae366abf79a5f205,32MB,bca6daed9b4548f4272d753402fd18992f457320befed0497d4cc835115221d0,1
bcdb_merkle,ycsb_workload_d_skew_0_99_20k.txt,8,8,8,20000,906,22075.06,1,0,0,single_c830174136d54801ae72c12156c427cf,32MB,bca6daed9b4548f4272d753402fd18992f457320befed0497d4cc835115221d0,1
cluster,ycsb_workload_d_skew_0_99_20k.txt,8,8,8,20000,938.0,21321.96,1,0,0,cluster4_20260924_060559_27109b77,32MB,7bbdd971cc721402d9a9cf727f01e2df53a78e3cfd21bbb395f68342c399eab9,1
bcdb_det,ycsb_workload_d_skew_0_99_20k.txt,8,8,8,20000,850,23529.41,1,0,0,single_675bbbcd773c42a4bbf95b05bcbe657b,32MB,bca6daed9b4548f4272d753402fd18992f457320befed0497d4cc835115221d0,1
bcdb_det,ycsb_workload_f_skew_1_20_20k.txt,1,1,1,20000,7678,2604.85,1,0,0,single_f09d6f52fd034066ab657f185f27c036,32MB,bca6daed9b4548f4272d753402fd18992f457320befed0497d4cc835115221d0,1
bcdb_merkle,ycsb_workload_f_skew_1_20_20k.txt,1,1,1,20000,8101,2468.83,1,0,0,single_fee6b0c056c349ba8459329bd27f428b,32MB,bca6daed9b4548f4272d753402fd18992f457320befed0497d4cc835115221d0,1
cluster,ycsb_workload_f_skew_1_20_20k.txt,1,1,1,20000,7944.0,2517.62,1,0,0,cluster4_20260924_060814_d785384c,32MB,7bbdd971cc721402d9a9cf727f01e2df53a78e3cfd21bbb395f68342c399eab9,1
bcdb_merkle,ycsb_workload_a_skew_0_99_20k.txt,4,4,4,20000,3896,5133.47,1,0,0,single_93aac90245c54aac9efed19d9f73b7f2,32MB,bca6daed9b4548f4272d753402fd18992f457320befed0497d4cc835115221d0,1
cluster,ycsb_workload_a_skew_0_99_20k.txt,4,4,4,20000,3933.0,5085.18,1,0,0,cluster4_20260924_060942_df9268cf,32MB,7bbdd971cc721402d9a9cf727f01e2df53a78e3cfd21bbb395f68342c399eab9,1
bcdb_det,ycsb_workload_a_skew_0_99_20k.txt,4,4,4,20000,3751,5331.91,1,0,0,single_b84a114a84494ad6879c7bf0deacd3a4,32MB,bca6daed9b4548f4272d753402fd18992f457320befed0497d4cc835115221d0,1
bcdb_det,ycsb_workload_d_skew_1_20_20k.txt,1,1,1,20000,2123,9420.63,1,0,0,single_5051ae0962384ec3b08389d1d92a270d,32MB,bca6daed9b4548f4272d753402fd18992f457320befed0497d4cc835115221d0,1
bcdb_merkle,ycsb_workload_d_skew_1_20_20k.txt,1,1,1,20000,2160,9259.26,1,0,0,single_ee6e640fff4141e4b3014e715f2b9a0b,32MB,bca6daed9b4548f4272d753402fd18992f457320befed0497d4cc835115221d0,1
cluster,ycsb_workload_d_skew_1_20_20k.txt,1,1,1,20000,2153.0,9289.36,1,0,0,cluster4_20260924_061136_ca9d1790,32MB,7bbdd971cc721402d9a9cf727f01e2df53a78e3cfd21bbb395f68342c399eab9,1
bcdb_merkle,ycsb_workload_b_skew_0_50_20k.txt,4,4,4,20000,1080,18518.52,1,0,0,single_ec83e74d329849d6ab38565e377748b2,32MB,bca6daed9b4548f4272d753402fd18992f457320befed0497d4cc835115221d0,1
cluster,ycsb_workload_b_skew_0_50_20k.txt,4,4,4,20000,1121.0,17841.21,1,0,0,cluster4_20260924_061252_8eb122b6,32MB,7bbdd971cc721402d9a9cf727f01e2df53a78e3cfd21bbb395f68342c399eab9,1
bcdb_det,ycsb_workload_b_skew_0_50_20k.txt,4,4,4,20000,1037,19286.40,1,0,0,single_1ea3d3aae3ff40b099ba15901ebb5f86,32MB,bca6daed9b4548f4272d753402fd18992f457320befed0497d4cc835115221d0,1
cluster,ycsb_workload_f_skew_0_99_20k.txt,16,16,16,20000,1932.0,10351.97,1,0,0,cluster4_20260924_061354_9dd207ab,32MB,7bbdd971cc721402d9a9cf727f01e2df53a78e3cfd21bbb395f68342c399eab9,1
bcdb_det,ycsb_workload_f_skew_0_99_20k.txt,16,16,16,20000,1696,11792.45,1,0,0,single_7033708db79844098e12620c63f52448,32MB,bca6daed9b4548f4272d753402fd18992f457320befed0497d4cc835115221d0,1
bcdb_merkle,ycsb_workload_f_skew_0_99_20k.txt,16,16,16,20000,1861,10746.91,1,0,0,single_c07e1eff424a4ad59940521a6979f599,32MB,bca6daed9b4548f4272d753402fd18992f457320befed0497d4cc835115221d0,1
bcdb_det,ycsb_workload_c_skew_1_20_20k.txt,1,1,1,20000,1550,12903.23,1,0,0,single_e5e1f4e3fca144d597add109fc237de0,32MB,bca6daed9b4548f4272d753402fd18992f457320befed0497d4cc835115221d0,1
bcdb_merkle,ycsb_workload_c_skew_1_20_20k.txt,1,1,1,20000,1732,11547.34,1,0,0,single_379bc9dcad6f4014acbe83d4bab843a6,32MB,bca6daed9b4548f4272d753402fd18992f457320befed0497d4cc835115221d0,1
cluster,ycsb_workload_c_skew_1_20_20k.txt,1,1,1,20000,1612.0,12406.95,1,0,0,cluster4_20260924_061615_9505e741,32MB,7bbdd971cc721402d9a9cf727f01e2df53a78e3cfd21bbb395f68342c399eab9,1
bcdb_merkle,ycsb_workload_a_skew_0_99_20k.txt,8,8,8,20000,2483,8054.77,1,0,0,single_fd76fea3bfbf4ed686a88cce9886ecbe,32MB,bca6daed9b4548f4272d753402fd18992f457320befed0497d4cc835115221d0,1
cluster,ycsb_workload_a_skew_0_99_20k.txt,8,8,8,20000,2523.0,7927.07,1,0,0,cluster4_20260924_061719_4fdc1775,32MB,7bbdd971cc721402d9a9cf727f01e2df53a78e3cfd21bbb395f68342c399eab9,1
bcdb_det,ycsb_workload_a_skew_0_99_20k.txt,8,8,8,20000,2371,8435.26,1,0,0,single_e804316f5ea04395913a6d4385f1742f,32MB,bca6daed9b4548f4272d753402fd18992f457320befed0497d4cc835115221d0,1
cluster,ycsb_workload_d_skew_0_99_20k.txt,16,16,16,20000,826.0,24213.08,1,0,0,cluster4_20260924_061840_f026ce9b,32MB,7bbdd971cc721402d9a9cf727f01e2df53a78e3cfd21bbb395f68342c399eab9,1
bcdb_det,ycsb_workload_d_skew_0_99_20k.txt,16,16,16,20000,738,27100.27,1,0,0,single_74f223d68cb84ab9ad09e5c9a924077c,32MB,bca6daed9b4548f4272d753402fd18992f457320befed0497d4cc835115221d0,1
bcdb_merkle,ycsb_workload_d_skew_0_99_20k.txt,16,16,16,20000,786,25445.29,1,0,0,single_a15cf6d88b56489487f08bb00199655b,32MB,bca6daed9b4548f4272d753402fd18992f457320befed0497d4cc835115221d0,1
bcdb_det,ycsb_workload_d_skew_0_00_20k.txt,1,1,1,20000,2097,9537.43,1,0,0,single_b0e62a1c827a495a946d5a88a3606a21,32MB,bca6daed9b4548f4272d753402fd18992f457320befed0497d4cc835115221d0,1
bcdb_merkle,ycsb_workload_d_skew_0_00_20k.txt,1,1,1,20000,2358,8481.76,1,0,0,single_a84b2dcf3b2f453085c63c423d648eab,32MB,bca6daed9b4548f4272d753402fd18992f457320befed0497d4cc835115221d0,1
cluster,ycsb_workload_d_skew_0_00_20k.txt,1,1,1,20000,2205.0,9070.29,1,0,0,cluster4_20260924_062053_f5178f19,32MB,7bbdd971cc721402d9a9cf727f01e2df53a78e3cfd21bbb395f68342c399eab9,1
bcdb_det,ycsb_workload_a_skew_0_00_20k.txt,1,1,1,20000,6876,2908.67,1,0,0,single_99989d83b27a494a9294ec25e457e22a,32MB,bca6daed9b4548f4272d753402fd18992f457320befed0497d4cc835115221d0,1
bcdb_merkle,ycsb_workload_a_skew_0_00_20k.txt,1,1,1,20000,7499,2667.02,1,0,0,single_1715be235d814c0cbfa3fe7366fc7923,32MB,bca6daed9b4548f4272d753402fd18992f457320befed0497d4cc835115221d0,1
cluster,ycsb_workload_a_skew_0_00_20k.txt,1,1,1,20000,7450.0,2684.56,1,0,0,cluster4_20260924_062245_29736537,32MB,7bbdd971cc721402d9a9cf727f01e2df53a78e3cfd21bbb395f68342c399eab9,1
cluster,ycsb_workload_d_skew_0_50_20k.txt,16,16,16,20000,808.0,24752.48,1,0,0,cluster4_20260924_062343_cca25f7b,32MB,7bbdd971cc721402d9a9cf727f01e2df53a78e3cfd21bbb395f68342c399eab9,1
bcdb_det,ycsb_workload_d_skew_0_50_20k.txt,16,16,16,20000,721,27739.25,1,0,0,single_ca673f1801644319a10bdde2800fd3f5,32MB,bca6daed9b4548f4272d753402fd18992f457320befed0497d4cc835115221d0,1
bcdb_merkle,ycsb_workload_d_skew_0_50_20k.txt,16,16,16,20000,762,26246.72,1,0,0,single_dd604da5ddcd4dafafe28ffc2a7b49de,32MB,bca6daed9b4548f4272d753402fd18992f457320befed0497d4cc835115221d0,1
cluster,ycsb_workload_d_skew_0_00_20k.txt,16,16,16,20000,799.0,25031.29,1,0,0,cluster4_20260924_062511_5b97393e,32MB,7bbdd971cc721402d9a9cf727f01e2df53a78e3cfd21bbb395f68342c399eab9,1
bcdb_det,ycsb_workload_d_skew_0_00_20k.txt,16,16,16,20000,716,27932.96,1,0,0,single_3794a3b8bb47460c8ed49e37d8d39be2,32MB,bca6daed9b4548f4272d753402fd18992f457320befed0497d4cc835115221d0,1
bcdb_merkle,ycsb_workload_d_skew_0_00_20k.txt,16,16,16,20000,781,25608.19,1,0,0,single_a6696a09f83f4a24b52cf17192c20907,32MB,bca6daed9b4548f4272d753402fd18992f457320befed0497d4cc835115221d0,1
bcdb_merkle,ycsb_workload_f_skew_1_20_20k.txt,4,4,4,20000,4233,4724.78,1,0,0,single_9d573b658f6a4d7487606b8f4ff36480,32MB,bca6daed9b4548f4272d753402fd18992f457320befed0497d4cc835115221d0,1
cluster,ycsb_workload_f_skew_1_20_20k.txt,4,4,4,20000,4259.0,4695.94,1,0,0,cluster4_20260924_062715_918cca58,32MB,7bbdd971cc721402d9a9cf727f01e2df53a78e3cfd21bbb395f68342c399eab9,1
bcdb_det,ycsb_workload_f_skew_1_20_20k.txt,4,4,4,20000,4045,4944.38,1,0,0,single_af355a6ffd594d5abbb4b8e293de8a0b,32MB,bca6daed9b4548f4272d753402fd18992f457320befed0497d4cc835115221d0,1
bcdb_merkle,ycsb_workload_c_skew_0_50_20k.txt,4,4,4,20000,648,30864.20,1,0,0,single_f518c61a3a2d4c2e879092017151e28e,32MB,bca6daed9b4548f4272d753402fd18992f457320befed0497d4cc835115221d0,1
cluster,ycsb_workload_c_skew_0_50_20k.txt,4,4,4,20000,612.0,32679.74,1,0,0,cluster4_20260924_062852_7c6f9b74,32MB,7bbdd971cc721402d9a9cf727f01e2df53a78e3cfd21bbb395f68342c399eab9,1
bcdb_det,ycsb_workload_c_skew_0_50_20k.txt,4,4,4,20000,577,34662.05,1,0,0,single_f3206cce9980473fb37f3b6d442d332a,32MB,bca6daed9b4548f4272d753402fd18992f457320befed0497d4cc835115221d0,1
cluster,ycsb_workload_d_skew_1_20_20k.txt,16,16,16,20000,811.0,24660.91,1,0,0,cluster4_20260924_062957_7ad58238,32MB,7bbdd971cc721402d9a9cf727f01e2df53a78e3cfd21bbb395f68342c399eab9,1
bcdb_det,ycsb_workload_d_skew_1_20_20k.txt,16,16,16,20000,725,27586.21,1,0,0,single_a65434a204ea42e1a1f530fa60950aa9,32MB,bca6daed9b4548f4272d753402fd18992f457320befed0497d4cc835115221d0,1
bcdb_merkle,ycsb_workload_d_skew_1_20_20k.txt,16,16,16,20000,788,25380.71,1,0,0,single_51ef4a0cf9d541aca9d558aa8fa207fc,32MB,bca6daed9b4548f4272d753402fd18992f457320befed0497d4cc835115221d0,1
bcdb_merkle,ycsb_workload_f_skew_1_20_20k.txt,8,8,8,20000,3076,6501.95,1,0,0,single_480980a7fb3a430e827108f698b8cc10,32MB,bca6daed9b4548f4272d753402fd18992f457320befed0497d4cc835115221d0,1
cluster,ycsb_workload_f_skew_1_20_20k.txt,8,8,8,20000,3125.0,6400.0,1,0,0,cluster4_20260924_063140_cad8f068,32MB,7bbdd971cc721402d9a9cf727f01e2df53a78e3cfd21bbb395f68342c399eab9,1
bcdb_det,ycsb_workload_f_skew_1_20_20k.txt,8,8,8,20000,2913,6865.77,1,0,0,single_52b26db4e7174a2ea49ad440c8dd433e,32MB,bca6daed9b4548f4272d753402fd18992f457320befed0497d4cc835115221d0,1
bcdb_merkle,ycsb_workload_d_skew_0_50_20k.txt,4,4,4,20000,1129,17714.79,1,0,0,single_ad0296288b88458ea84f6b259cb751a1,32MB,bca6daed9b4548f4272d753402fd18992f457320befed0497d4cc835115221d0,1
cluster,ycsb_workload_d_skew_0_50_20k.txt,4,4,4,20000,1115.0,17937.22,1,0,0,cluster4_20260924_063335_7eb7637f,32MB,7bbdd971cc721402d9a9cf727f01e2df53a78e3cfd21bbb395f68342c399eab9,1
bcdb_det,ycsb_workload_d_skew_0_50_20k.txt,4,4,4,20000,1047,19102.20,1,0,0,single_b4f4f7b1960d432a9f53c6ac635f4f21,32MB,bca6daed9b4548f4272d753402fd18992f457320befed0497d4cc835115221d0,1
bcdb_merkle,ycsb_workload_b_skew_0_99_20k.txt,4,4,4,20000,1113,17969.45,1,0,0,single_4e3880b347614f3caa11cd17a7432285,32MB,bca6daed9b4548f4272d753402fd18992f457320befed0497d4cc835115221d0,1
cluster,ycsb_workload_b_skew_0_99_20k.txt,4,4,4,20000,1128.0,17730.5,1,0,0,cluster4_20260924_063506_34e6ec3b,32MB,7bbdd971cc721402d9a9cf727f01e2df53a78e3cfd21bbb395f68342c399eab9,1
bcdb_det,ycsb_workload_b_skew_0_99_20k.txt,4,4,4,20000,1026,19493.18,1,0,0,single_9776d9033de6418a89e261dfe7824a97,32MB,bca6daed9b4548f4272d753402fd18992f457320befed0497d4cc835115221d0,1
cluster,ycsb_workload_f_skew_0_50_20k.txt,16,16,16,20000,1452.0,13774.1,1,0,0,cluster4_20260924_063609_5c58eb7e,32MB,7bbdd971cc721402d9a9cf727f01e2df53a78e3cfd21bbb395f68342c399eab9,1
bcdb_det,ycsb_workload_f_skew_0_50_20k.txt,16,16,16,20000,1262,15847.86,1,0,0,single_20d21633ae25460a8bb9afdeb73d945f,32MB,bca6daed9b4548f4272d753402fd18992f457320befed0497d4cc835115221d0,1
bcdb_merkle,ycsb_workload_f_skew_0_50_20k.txt,16,16,16,20000,1402,14265.34,1,0,0,single_815b73138ce84b56a502a67baec903f6,32MB,bca6daed9b4548f4272d753402fd18992f457320befed0497d4cc835115221d0,1
bcdb_det,ycsb_workload_f_skew_0_00_20k.txt,1,1,1,20000,7669,2607.90,1,0,0,single_022dfd0f7f564d44a61273412d956c32,32MB,bca6daed9b4548f4272d753402fd18992f457320befed0497d4cc835115221d0,1
bcdb_merkle,ycsb_workload_f_skew_0_00_20k.txt,1,1,1,20000,8146,2455.19,1,0,0,single_fcaeb3513d3742f28b112e228ab6c92b,32MB,bca6daed9b4548f4272d753402fd18992f457320befed0497d4cc835115221d0,1
cluster,ycsb_workload_f_skew_0_00_20k.txt,1,1,1,20000,7990.0,2503.13,1,0,0,cluster4_20260924_063844_c06fd38d,32MB,7bbdd971cc721402d9a9cf727f01e2df53a78e3cfd21bbb395f68342c399eab9,1
bcdb_merkle,ycsb_workload_b_skew_1_20_20k.txt,4,4,4,20000,1134,17636.68,1,0,0,single_5b5ac9de34c2422181be93a9c4311426,32MB,bca6daed9b4548f4272d753402fd18992f457320befed0497d4cc835115221d0,1
cluster,ycsb_workload_b_skew_1_20_20k.txt,4,4,4,20000,1147.0,17436.79,1,0,0,cluster4_20260924_064008_3c045473,32MB,7bbdd971cc721402d9a9cf727f01e2df53a78e3cfd21bbb395f68342c399eab9,1
bcdb_det,ycsb_workload_b_skew_1_20_20k.txt,4,4,4,20000,1065,18779.34,1,0,0,single_4681aeb6d0804ca1a439d83b523413a8,32MB,bca6daed9b4548f4272d753402fd18992f457320befed0497d4cc835115221d0,1
cluster,ycsb_workload_b_skew_0_99_20k.txt,16,16,16,20000,845.0,23668.64,1,0,0,cluster4_20260924_064111_4b950ac9,32MB,7bbdd971cc721402d9a9cf727f01e2df53a78e3cfd21bbb395f68342c399eab9,1
bcdb_det,ycsb_workload_b_skew_0_99_20k.txt,16,16,16,20000,742,26954.18,1,0,0,single_ad12341c8f354208ac5efb66318c8020,32MB,bca6daed9b4548f4272d753402fd18992f457320befed0497d4cc835115221d0,1
bcdb_merkle,ycsb_workload_b_skew_0_99_20k.txt,16,16,16,20000,800,25000.00,1,0,0,single_c1013f71c1ff4d53a5786011c638fa66,32MB,bca6daed9b4548f4272d753402fd18992f457320befed0497d4cc835115221d0,1
bcdb_merkle,ycsb_workload_f_skew_0_99_20k.txt,8,8,8,20000,2549,7846.21,1,0,0,single_684db8a33760451b90f89e7ac531b5f5,32MB,bca6daed9b4548f4272d753402fd18992f457320befed0497d4cc835115221d0,1
cluster,ycsb_workload_f_skew_0_99_20k.txt,8,8,8,20000,2591.0,7719.03,1,0,0,cluster4_20260924_064255_114288bb,32MB,7bbdd971cc721402d9a9cf727f01e2df53a78e3cfd21bbb395f68342c399eab9,1
bcdb_det,ycsb_workload_f_skew_0_99_20k.txt,8,8,8,20000,2414,8285.00,1,0,0,single_be6150cbe39e47f0841204f442c7fbd5,32MB,bca6daed9b4548f4272d753402fd18992f457320befed0497d4cc835115221d0,1
cluster,ycsb_workload_a_skew_0_00_20k.txt,16,16,16,20000,1420.0,14084.51,1,0,0,cluster4_20260924_064419_7be2c274,32MB,7bbdd971cc721402d9a9cf727f01e2df53a78e3cfd21bbb395f68342c399eab9,1
bcdb_det,ycsb_workload_a_skew_0_00_20k.txt,16,16,16,20000,1251,15987.21,1,0,0,single_88b1d2f2ec844aaeb8116e6a913a76fe,32MB,bca6daed9b4548f4272d753402fd18992f457320befed0497d4cc835115221d0,1
bcdb_merkle,ycsb_workload_a_skew_0_00_20k.txt,16,16,16,20000,1355,14760.15,1,0,0,single_80e8363e51d9439ea564ef2b5e191bd5,32MB,bca6daed9b4548f4272d753402fd18992f457320befed0497d4cc835115221d0,1
bcdb_det,ycsb_workload_a_skew_0_50_20k.txt,1,1,1,20000,6952,2876.87,1,0,0,single_37513277740e41b19bd2d0bb0fa4876f,32MB,bca6daed9b4548f4272d753402fd18992f457320befed0497d4cc835115221d0,1
bcdb_merkle,ycsb_workload_a_skew_0_50_20k.txt,1,1,1,20000,7467,2678.45,1,0,0,single_f9b72b75d18a4d569c6eb9ee68df11b2,32MB,bca6daed9b4548f4272d753402fd18992f457320befed0497d4cc835115221d0,1
cluster,ycsb_workload_a_skew_0_50_20k.txt,1,1,1,20000,7299.0,2740.1,1,0,0,cluster4_20260924_064649_8bc9c3f8,32MB,7bbdd971cc721402d9a9cf727f01e2df53a78e3cfd21bbb395f68342c399eab9,1
bcdb_merkle,ycsb_workload_d_skew_0_50_20k.txt,8,8,8,20000,911,21953.90,1,0,0,single_73fa9f819e0b40578b47d870af4c6707,32MB,bca6daed9b4548f4272d753402fd18992f457320befed0497d4cc835115221d0,1
cluster,ycsb_workload_d_skew_0_50_20k.txt,8,8,8,20000,935.0,21390.37,1,0,0,cluster4_20260924_064801_b5f0982a,32MB,7bbdd971cc721402d9a9cf727f01e2df53a78e3cfd21bbb395f68342c399eab9,1
bcdb_det,ycsb_workload_d_skew_0_50_20k.txt,8,8,8,20000,855,23391.81,1,0,0,single_827acc54bc7449728fbecc5e38be2e0a,32MB,bca6daed9b4548f4272d753402fd18992f457320befed0497d4cc835115221d0,1
cluster,ycsb_workload_a_skew_0_99_20k.txt,16,16,16,20000,1828.0,10940.92,1,0,0,cluster4_20260924_064919_7fcdc470,32MB,7bbdd971cc721402d9a9cf727f01e2df53a78e3cfd21bbb395f68342c399eab9,1
bcdb_det,ycsb_workload_a_skew_0_99_20k.txt,16,16,16,20000,1648,12135.92,1,0,0,single_fbcb349607fd45df8d1d2b3ced1e0276,32MB,bca6daed9b4548f4272d753402fd18992f457320befed0497d4cc835115221d0,1
bcdb_merkle,ycsb_workload_a_skew_0_99_20k.txt,16,16,16,20000,1780,11235.96,1,0,0,single_2638c68d2f8a4067b069e3d468b60cdc,32MB,bca6daed9b4548f4272d753402fd18992f457320befed0497d4cc835115221d0,1
bcdb_merkle,ycsb_workload_f_skew_0_50_20k.txt,4,4,4,20000,3927,5092.95,1,0,0,single_9fc7fab4691d401a8b2d35d79d8e3b6f,32MB,bca6daed9b4548f4272d753402fd18992f457320befed0497d4cc835115221d0,1
cluster,ycsb_workload_f_skew_0_50_20k.txt,4,4,4,20000,3946.0,5068.42,1,0,0,cluster4_20260924_065128_8aa00698,32MB,7bbdd971cc721402d9a9cf727f01e2df53a78e3cfd21bbb395f68342c399eab9,1
bcdb_det,ycsb_workload_f_skew_0_50_20k.txt,4,4,4,20000,3777,5295.21,1,0,0,single_4fb8207bf9e444da8e81e577256c9d02,32MB,bca6daed9b4548f4272d753402fd18992f457320befed0497d4cc835115221d0,1
bcdb_merkle,ycsb_workload_a_skew_1_20_20k.txt,4,4,4,20000,4085,4895.96,1,0,0,single_a76faf70ba354dd08e6c22483a80c5a5,32MB,bca6daed9b4548f4272d753402fd18992f457320befed0497d4cc835115221d0,1
cluster,ycsb_workload_a_skew_1_20_20k.txt,4,4,4,20000,4109.0,4867.36,1,0,0,cluster4_20260924_065312_4a474e36,32MB,7bbdd971cc721402d9a9cf727f01e2df53a78e3cfd21bbb395f68342c399eab9,1
bcdb_det,ycsb_workload_a_skew_1_20_20k.txt,4,4,4,20000,3949,5064.57,1,0,0,single_86842d7d5610474b8dc8de4e354b8987,32MB,bca6daed9b4548f4272d753402fd18992f457320befed0497d4cc835115221d0,1
bcdb_merkle,ycsb_workload_b_skew_0_00_20k.txt,4,4,4,20000,1123,17809.44,1,0,0,single_954fd064ebe04a1585d78bc5c5065532,32MB,bca6daed9b4548f4272d753402fd18992f457320befed0497d4cc835115221d0,1
cluster,ycsb_workload_b_skew_0_00_20k.txt,4,4,4,20000,1134.0,17636.68,1,0,0,cluster4_20260924_065445_c23feca7,32MB,7bbdd971cc721402d9a9cf727f01e2df53a78e3cfd21bbb395f68342c399eab9,1
bcdb_det,ycsb_workload_b_skew_0_00_20k.txt,4,4,4,20000,1062,18832.39,1,0,0,single_da02a23873834d239015f33cf858ce28,32MB,bca6daed9b4548f4272d753402fd18992f457320befed0497d4cc835115221d0,1
bcdb_det,ycsb_workload_b_skew_1_20_20k.txt,1,1,1,20000,2143,9332.71,1,0,0,single_5b05bb564b774abfb23b5c1ff5490c67,32MB,bca6daed9b4548f4272d753402fd18992f457320befed0497d4cc835115221d0,1
bcdb_merkle,ycsb_workload_b_skew_1_20_20k.txt,1,1,1,20000,2176,9191.18,1,0,0,single_8fe46086f0f749ee97bd0151d813c254,32MB,bca6daed9b4548f4272d753402fd18992f457320befed0497d4cc835115221d0,1
cluster,ycsb_workload_b_skew_1_20_20k.txt,1,1,1,20000,2183.0,9161.7,1,0,0,cluster4_20260924_065633_4f5917bd,32MB,7bbdd971cc721402d9a9cf727f01e2df53a78e3cfd21bbb395f68342c399eab9,1
cluster,ycsb_workload_b_skew_1_20_20k.txt,16,16,16,20000,919.0,21762.79,1,0,0,cluster4_20260924_065724_8738633c,32MB,7bbdd971cc721402d9a9cf727f01e2df53a78e3cfd21bbb395f68342c399eab9,1
bcdb_det,ycsb_workload_b_skew_1_20_20k.txt,16,16,16,20000,838,23866.35,1,0,0,single_c33923bb22964afca6f71f6503561fee,32MB,bca6daed9b4548f4272d753402fd18992f457320befed0497d4cc835115221d0,1
bcdb_merkle,ycsb_workload_b_skew_1_20_20k.txt,16,16,16,20000,891,22446.69,1,0,0,single_44e6d682b86d46c9a373ea15940eeb42,32MB,bca6daed9b4548f4272d753402fd18992f457320befed0497d4cc835115221d0,1
pg,ycsb_workload_d_skew_0_00_20k.txt,4,1,4,20000,564,35460.99,1,0,0,single_3eaa9301ea594f73844aee285a3dcda1,32MB,70f240feadb449c9de44507c65581a3be27ecfcbca9286396e2813a40623d390,1
pg,ycsb_workload_d_skew_1_20_20k.txt,16,1,16,20000,325,61538.46,1,0,0,single_f5d8a68937f6414583b4ed7390cae2ef,32MB,70f240feadb449c9de44507c65581a3be27ecfcbca9286396e2813a40623d390,1
pg,ycsb_workload_b_skew_0_50_20k.txt,16,1,16,20000,330,60606.06,1,0,0,single_3e6e3e63c90248b0b92de3a2d509e225,32MB,70f240feadb449c9de44507c65581a3be27ecfcbca9286396e2813a40623d390,1
pg,ycsb_workload_d_skew_0_00_20k.txt,8,1,8,20000,368,54347.83,1,0,0,single_395b9aa8f324417bbb97be2bd2065c0f,32MB,70f240feadb449c9de44507c65581a3be27ecfcbca9286396e2813a40623d390,1
pg,ycsb_workload_b_skew_1_20_20k.txt,8,1,8,20000,527,37950.66,1,0,0,single_e3a2690d06284b1cbf21bc484d9e6ec1,32MB,70f240feadb449c9de44507c65581a3be27ecfcbca9286396e2813a40623d390,1
pg,ycsb_workload_d_skew_0_50_20k.txt,16,1,16,20000,321,62305.30,1,0,0,single_dc4291fd9d534eee8659a2fd672600d3,32MB,70f240feadb449c9de44507c65581a3be27ecfcbca9286396e2813a40623d390,1
pg,ycsb_workload_a_skew_0_99_20k.txt,1,1,1,20000,6791,2945.07,1,0,0,single_143f74f878694e1b99aef7e71b4c8cbd,32MB,70f240feadb449c9de44507c65581a3be27ecfcbca9286396e2813a40623d390,1
pg,ycsb_workload_c_skew_1_20_20k.txt,8,1,8,20000,299,66889.63,1,0,0,single_18ed5acbc7e14f39982edcedc9943c9a,32MB,70f240feadb449c9de44507c65581a3be27ecfcbca9286396e2813a40623d390,1
pg,ycsb_workload_d_skew_0_99_20k.txt,4,1,4,20000,572,34965.03,1,0,0,single_9a5fefed6a914adb8ad863cce86411ef,32MB,70f240feadb449c9de44507c65581a3be27ecfcbca9286396e2813a40623d390,1
pg,ycsb_workload_c_skew_0_50_20k.txt,16,1,16,20000,317,63091.48,1,0,0,single_435d4652b84d48ad9677f25635e2e8d7,32MB,70f240feadb449c9de44507c65581a3be27ecfcbca9286396e2813a40623d390,1
pg,ycsb_workload_a_skew_1_20_20k.txt,16,1,16,20000,1938,10319.92,1,0,0,single_340cde612cd84745b28e9f62d5097157,32MB,70f240feadb449c9de44507c65581a3be27ecfcbca9286396e2813a40623d390,1
pg,ycsb_workload_f_skew_0_99_20k.txt,1,1,1,20000,7362,2716.65,1,0,0,single_53a8bcfaff624cf7934ec6c8937836cb,32MB,70f240feadb449c9de44507c65581a3be27ecfcbca9286396e2813a40623d390,1
pg,ycsb_workload_d_skew_0_99_20k.txt,16,1,16,20000,322,62111.80,1,0,0,single_8d7b56a8de574903b92a2ff0fd79d4a1,32MB,70f240feadb449c9de44507c65581a3be27ecfcbca9286396e2813a40623d390,1
pg,ycsb_workload_c_skew_0_50_20k.txt,8,1,8,20000,307,65146.58,1,0,0,single_3d605213874649838849b3fbefea0dfc,32MB,70f240feadb449c9de44507c65581a3be27ecfcbca9286396e2813a40623d390,1
pg,ycsb_workload_c_skew_0_99_20k.txt,8,1,8,20000,304,65789.47,1,0,0,single_300d2f103a32437ca0ff61cb77493f17,32MB,70f240feadb449c9de44507c65581a3be27ecfcbca9286396e2813a40623d390,1
pg,ycsb_workload_d_skew_1_20_20k.txt,8,1,8,20000,370,54054.05,1,0,0,single_a70fee71142f4e18bd5fd1bf34a2cef3,32MB,70f240feadb449c9de44507c65581a3be27ecfcbca9286396e2813a40623d390,1
pg,ycsb_workload_b_skew_0_99_20k.txt,4,1,4,20000,651,30721.97,1,0,0,single_309b30a6435847a3ab67e5016d5bee29,32MB,70f240feadb449c9de44507c65581a3be27ecfcbca9286396e2813a40623d390,1
pg,ycsb_workload_d_skew_0_99_20k.txt,1,1,1,20000,1922,10405.83,1,0,0,single_5f198c5d5f6b4aedb19fa1760ed7a63c,32MB,70f240feadb449c9de44507c65581a3be27ecfcbca9286396e2813a40623d390,1
pg,ycsb_workload_f_skew_1_20_20k.txt,1,1,1,20000,7373,2712.60,1,0,0,single_85e7136147c14b9e96805fd94217f258,32MB,70f240feadb449c9de44507c65581a3be27ecfcbca9286396e2813a40623d390,1
pg,ycsb_workload_a_skew_0_00_20k.txt,4,1,4,20000,2560,7812.50,1,0,0,single_3ce6f859f0424c769655ad023f01fefa,32MB,70f240feadb449c9de44507c65581a3be27ecfcbca9286396e2813a40623d390,1
pg,ycsb_workload_f_skew_0_50_20k.txt,8,1,8,20000,1355,14760.15,1,0,0,single_91df86f0e89c4714aaa8a4633240b3f5,32MB,70f240feadb449c9de44507c65581a3be27ecfcbca9286396e2813a40623d390,1
pg,ycsb_workload_d_skew_0_50_20k.txt,4,1,4,20000,581,34423.41,1,0,0,single_c529f4cf739c49f49f54de5c57da6362,32MB,70f240feadb449c9de44507c65581a3be27ecfcbca9286396e2813a40623d390,1
pg,ycsb_workload_b_skew_0_00_20k.txt,8,1,8,20000,533,37523.45,1,0,0,single_2ac26c8662954b99a82dc85869a077dc,32MB,70f240feadb449c9de44507c65581a3be27ecfcbca9286396e2813a40623d390,1
pg,ycsb_workload_f_skew_0_00_20k.txt,16,1,16,20000,793,25220.68,1,0,0,single_accf59498e3d47f6ba49b682f5bdf8ca,32MB,70f240feadb449c9de44507c65581a3be27ecfcbca9286396e2813a40623d390,1
pg,ycsb_workload_b_skew_0_00_20k.txt,16,1,16,20000,417,47961.63,1,0,0,single_27c0ce3aa3174c18bc79f095f5e7d49a,32MB,70f240feadb449c9de44507c65581a3be27ecfcbca9286396e2813a40623d390,1
pg,ycsb_workload_b_skew_0_50_20k.txt,1,1,1,20000,1884,10615.71,1,0,0,single_dec66c46d1b24e618d73261d5b1d63ee,32MB,70f240feadb449c9de44507c65581a3be27ecfcbca9286396e2813a40623d390,1
pg,ycsb_workload_c_skew_0_99_20k.txt,16,1,16,20000,318,62893.08,1,0,0,single_35a4ef90fc794940addae518b841c085,32MB,70f240feadb449c9de44507c65581a3be27ecfcbca9286396e2813a40623d390,1
pg,ycsb_workload_c_skew_1_20_20k.txt,16,1,16,20000,290,68965.52,1,0,0,single_664c57d0a4ff43a7b73a57e97f358e62,32MB,70f240feadb449c9de44507c65581a3be27ecfcbca9286396e2813a40623d390,1
pg,ycsb_workload_c_skew_0_00_20k.txt,4,1,4,20000,375,53333.33,1,0,0,single_dde2633e10c241c09b341ab5cc20eb0f,32MB,70f240feadb449c9de44507c65581a3be27ecfcbca9286396e2813a40623d390,1
pg,ycsb_workload_d_skew_1_20_20k.txt,4,1,4,20000,582,34364.26,1,0,0,single_1ec815ec31774f6eb001b05f76fb2ed8,32MB,70f240feadb449c9de44507c65581a3be27ecfcbca9286396e2813a40623d390,1
pg,ycsb_workload_c_skew_0_00_20k.txt,1,1,1,20000,1334,14992.50,1,0,0,single_e3032b82006e436fa5d7e943b4e8a9a6,32MB,70f240feadb449c9de44507c65581a3be27ecfcbca9286396e2813a40623d390,1
pg,ycsb_workload_a_skew_0_50_20k.txt,16,1,16,20000,775,25806.45,1,0,0,single_648d6a7691a7404fbc38ff6a63794bb4,32MB,70f240feadb449c9de44507c65581a3be27ecfcbca9286396e2813a40623d390,1
pg,ycsb_workload_f_skew_0_00_20k.txt,4,1,4,20000,2572,7776.05,1,0,0,single_4e0754dbd97b4a169a07a3c185c951ff,32MB,70f240feadb449c9de44507c65581a3be27ecfcbca9286396e2813a40623d390,1
pg,ycsb_workload_a_skew_0_00_20k.txt,8,1,8,20000,1311,15255.53,1,0,0,single_07d03b70ebf2487ca99f18323c5cb9e6,32MB,70f240feadb449c9de44507c65581a3be27ecfcbca9286396e2813a40623d390,1
pg,ycsb_workload_b_skew_0_00_20k.txt,1,1,1,20000,1836,10893.25,1,0,0,single_a6cd0f5153bd4cf6861430d2b1c908ad,32MB,70f240feadb449c9de44507c65581a3be27ecfcbca9286396e2813a40623d390,1
pg,ycsb_workload_c_skew_0_50_20k.txt,1,1,1,20000,1311,15255.53,1,0,0,single_4445c7cfea9244199ce81e888d8a2272,32MB,70f240feadb449c9de44507c65581a3be27ecfcbca9286396e2813a40623d390,1
pg,ycsb_workload_b_skew_0_50_20k.txt,8,1,8,20000,420,47619.05,1,0,0,single_47d33d10ae77446eab68e79f2bed1642,32MB,70f240feadb449c9de44507c65581a3be27ecfcbca9286396e2813a40623d390,1
pg,ycsb_workload_c_skew_0_99_20k.txt,1,1,1,20000,1316,15197.57,1,0,0,single_c6b893c87f2c4fcba77e42d2cb6a7b7d,32MB,70f240feadb449c9de44507c65581a3be27ecfcbca9286396e2813a40623d390,1
pg,ycsb_workload_b_skew_0_99_20k.txt,1,1,1,20000,1901,10520.78,1,0,0,single_9d5e6b85c19c4cf78cd59aaa63ea3d97,32MB,70f240feadb449c9de44507c65581a3be27ecfcbca9286396e2813a40623d390,1
pg,ycsb_workload_a_skew_0_50_20k.txt,4,1,4,20000,2548,7849.29,1,0,0,single_a83f85bc3ed744b393627b980b7dd643,32MB,70f240feadb449c9de44507c65581a3be27ecfcbca9286396e2813a40623d390,1
pg,ycsb_workload_a_skew_0_50_20k.txt,8,1,8,20000,1308,15290.52,1,0,0,single_adf5a2982b764238a9236b5d6edf4002,32MB,70f240feadb449c9de44507c65581a3be27ecfcbca9286396e2813a40623d390,1
pg,ycsb_workload_d_skew_1_20_20k.txt,1,1,1,20000,1844,10845.99,1,0,0,single_e7cf71f02bfc461391f427e4e9f13a0f,32MB,70f240feadb449c9de44507c65581a3be27ecfcbca9286396e2813a40623d390,1
pg,ycsb_workload_f_skew_0_99_20k.txt,4,1,4,20000,2696,7418.40,1,0,0,single_341e1193c7c84c53a6305c6870e67d97,32MB,70f240feadb449c9de44507c65581a3be27ecfcbca9286396e2813a40623d390,1
pg,ycsb_workload_a_skew_0_99_20k.txt,4,1,4,20000,2744,7288.63,1,0,0,single_88c1c24ebc394572b4d67ab4e5ded288,32MB,70f240feadb449c9de44507c65581a3be27ecfcbca9286396e2813a40623d390,1
pg,ycsb_workload_d_skew_0_50_20k.txt,1,1,1,20000,1980,10101.01,1,0,0,single_2b0eee7525b8486dad3b7d2f61637420,32MB,70f240feadb449c9de44507c65581a3be27ecfcbca9286396e2813a40623d390,1
pg,ycsb_workload_b_skew_0_50_20k.txt,4,1,4,20000,610,32786.89,1,0,0,single_c76df667214647ec97de261129c277b2,32MB,70f240feadb449c9de44507c65581a3be27ecfcbca9286396e2813a40623d390,1
pg,ycsb_workload_f_skew_0_00_20k.txt,8,1,8,20000,1354,14771.05,1,0,0,single_adbc12722aee4a37b358490e29aa8237,32MB,70f240feadb449c9de44507c65581a3be27ecfcbca9286396e2813a40623d390,1
pg,ycsb_workload_d_skew_0_99_20k.txt,8,1,8,20000,369,54200.54,1,0,0,single_8b41c92cac91460bb3d0028ba205f03a,32MB,70f240feadb449c9de44507c65581a3be27ecfcbca9286396e2813a40623d390,1
pg,ycsb_workload_a_skew_0_99_20k.txt,8,1,8,20000,1608,12437.81,1,0,0,single_56bd27aa28ab4fb4b0f3e1411815c0e4,32MB,70f240feadb449c9de44507c65581a3be27ecfcbca9286396e2813a40623d390,1
pg,ycsb_workload_d_skew_0_00_20k.txt,1,1,1,20000,1874,10672.36,1,0,0,single_136d400c5d8f4bf48ebde762f686cf67,32MB,70f240feadb449c9de44507c65581a3be27ecfcbca9286396e2813a40623d390,1
pg,ycsb_workload_a_skew_0_00_20k.txt,1,1,1,20000,6826,2929.97,1,0,0,single_161f29ef5c2742e98a3fc86053662413,32MB,70f240feadb449c9de44507c65581a3be27ecfcbca9286396e2813a40623d390,1
pg,ycsb_workload_d_skew_0_00_20k.txt,16,1,16,20000,324,61728.40,1,0,0,single_1dd4f891674344e6adb448abab4a0f6f,32MB,70f240feadb449c9de44507c65581a3be27ecfcbca9286396e2813a40623d390,1
pg,ycsb_workload_f_skew_0_99_20k.txt,8,1,8,20000,1700,11764.71,1,0,0,single_e32baf4ad9004af69d4c2da9fe00edbc,32MB,70f240feadb449c9de44507c65581a3be27ecfcbca9286396e2813a40623d390,1
pg,ycsb_workload_c_skew_0_50_20k.txt,4,1,4,20000,419,47732.70,1,0,0,single_d1a3aade99964e1b86a4609d0906ae41,32MB,70f240feadb449c9de44507c65581a3be27ecfcbca9286396e2813a40623d390,1
pg,ycsb_workload_f_skew_0_99_20k.txt,16,1,16,20000,1296,15432.10,1,0,0,single_144773661a3b4633a5a8e0e94d3c6d5e,32MB,70f240feadb449c9de44507c65581a3be27ecfcbca9286396e2813a40623d390,1
pg,ycsb_workload_f_skew_1_20_20k.txt,16,1,16,20000,1996,10020.04,1,0,0,single_ab505df093124e3c802074ff96a20abb,32MB,70f240feadb449c9de44507c65581a3be27ecfcbca9286396e2813a40623d390,1
pg,ycsb_workload_b_skew_0_99_20k.txt,8,1,8,20000,462,43290.04,1,0,0,single_59f00894e87048fa95d0cc7bc1486733,32MB,70f240feadb449c9de44507c65581a3be27ecfcbca9286396e2813a40623d390,1
pg,ycsb_workload_c_skew_0_00_20k.txt,8,1,8,20000,314,63694.27,1,0,0,single_651ef7856645444d8628faf84877854c,32MB,70f240feadb449c9de44507c65581a3be27ecfcbca9286396e2813a40623d390,1
pg,ycsb_workload_c_skew_1_20_20k.txt,1,1,1,20000,1334,14992.50,1,0,0,single_1dd200f13f504adb8a430ff44063155f,32MB,70f240feadb449c9de44507c65581a3be27ecfcbca9286396e2813a40623d390,1
pg,ycsb_workload_c_skew_0_99_20k.txt,4,1,4,20000,387,51679.59,1,0,0,single_08713b77ec5d4066b2b2c93488c969f6,32MB,70f240feadb449c9de44507c65581a3be27ecfcbca9286396e2813a40623d390,1
pg,ycsb_workload_c_skew_1_20_20k.txt,4,1,4,20000,386,51813.47,1,0,0,single_435368802daa4a7c8aeb91bcbf20f220,32MB,70f240feadb449c9de44507c65581a3be27ecfcbca9286396e2813a40623d390,1
pg,ycsb_workload_a_skew_1_20_20k.txt,1,1,1,20000,6758,2959.46,1,0,0,single_c3919aff3d65490d9cd80dd24ab6554f,32MB,70f240feadb449c9de44507c65581a3be27ecfcbca9286396e2813a40623d390,1
pg,ycsb_workload_f_skew_1_20_20k.txt,4,1,4,20000,3000,6666.67,1,0,0,single_c0f64bfc41fc48a2aef25884f2802fcd,32MB,70f240feadb449c9de44507c65581a3be27ecfcbca9286396e2813a40623d390,1
pg,ycsb_workload_f_skew_0_50_20k.txt,1,1,1,20000,7269,2751.41,1,0,0,single_439f42d14e3b4301a975280f712f893f,32MB,70f240feadb449c9de44507c65581a3be27ecfcbca9286396e2813a40623d390,1
pg,ycsb_workload_f_skew_0_00_20k.txt,1,1,1,20000,7437,2689.26,1,0,0,single_34b6bdc9718f4d5f90bd532b2300ad27,32MB,70f240feadb449c9de44507c65581a3be27ecfcbca9286396e2813a40623d390,1
pg,ycsb_workload_b_skew_1_20_20k.txt,4,1,4,20000,660,30303.03,1,0,0,single_4964e671b4704c789fbbaf1e140f9ba0,32MB,70f240feadb449c9de44507c65581a3be27ecfcbca9286396e2813a40623d390,1
pg,ycsb_workload_b_skew_0_99_20k.txt,16,1,16,20000,417,47961.63,1,0,0,single_bc0dd464981c476793920f48d02f1456,32MB,70f240feadb449c9de44507c65581a3be27ecfcbca9286396e2813a40623d390,1
pg,ycsb_workload_f_skew_0_50_20k.txt,16,1,16,20000,785,25477.71,1,0,0,single_3314a2372b2e46348f13a6e901a24104,32MB,70f240feadb449c9de44507c65581a3be27ecfcbca9286396e2813a40623d390,1
pg,ycsb_workload_f_skew_1_20_20k.txt,8,1,8,20000,2256,8865.25,1,0,0,single_dcd2ad181ef34339a181d0347776f46c,32MB,70f240feadb449c9de44507c65581a3be27ecfcbca9286396e2813a40623d390,1
pg,ycsb_workload_a_skew_0_50_20k.txt,1,1,1,20000,6697,2986.41,1,0,0,single_5d6d7fea6feb461eb56d609aa759224a,32MB,70f240feadb449c9de44507c65581a3be27ecfcbca9286396e2813a40623d390,1
pg,ycsb_workload_d_skew_0_50_20k.txt,8,1,8,20000,374,53475.94,1,0,0,single_6dc73876e27e499e95f38072019cb79f,32MB,70f240feadb449c9de44507c65581a3be27ecfcbca9286396e2813a40623d390,1
pg,ycsb_workload_a_skew_0_99_20k.txt,16,1,16,20000,1251,15987.21,1,0,0,single_60600425967440379e73fce1834c52ae,32MB,70f240feadb449c9de44507c65581a3be27ecfcbca9286396e2813a40623d390,1
pg,ycsb_workload_f_skew_0_50_20k.txt,4,1,4,20000,2566,7794.23,1,0,0,single_e8cc5a7491ff41f9a8fd07dbcb04bc38,32MB,70f240feadb449c9de44507c65581a3be27ecfcbca9286396e2813a40623d390,1
pg,ycsb_workload_a_skew_1_20_20k.txt,4,1,4,20000,3011,6642.31,1,0,0,single_0994f5b8dbd14372bfbc6fbdd7f5a14e,32MB,70f240feadb449c9de44507c65581a3be27ecfcbca9286396e2813a40623d390,1
pg,ycsb_workload_b_skew_0_00_20k.txt,4,1,4,20000,577,34662.05,1,0,0,single_b3ca7e14db73431bac91c5b72a5c9a64,32MB,70f240feadb449c9de44507c65581a3be27ecfcbca9286396e2813a40623d390,1
pg,ycsb_workload_b_skew_1_20_20k.txt,1,1,1,20000,1872,10683.76,1,0,0,single_fedd3f17b1db4ef28a6116527474e305,32MB,70f240feadb449c9de44507c65581a3be27ecfcbca9286396e2813a40623d390,1
pg,ycsb_workload_b_skew_1_20_20k.txt,16,1,16,20000,548,36496.35,1,0,0,single_bd6017518b864fbf87307d0fd4b8cd0d,32MB,70f240feadb449c9de44507c65581a3be27ecfcbca9286396e2813a40623d390,1
pg,ycsb_workload_c_skew_0_00_20k.txt,16,1,16,20000,294,68027.21,1,0,0,single_cf0c3b3b3387415ea18065503f1fc751,32MB,70f240feadb449c9de44507c65581a3be27ecfcbca9286396e2813a40623d390,1
pg,ycsb_workload_a_skew_0_00_20k.txt,16,1,16,20000,761,26281.21,1,0,0,single_4eea39f2ad2e40ee9a8a9d5a1400e268,32MB,70f240feadb449c9de44507c65581a3be27ecfcbca9286396e2813a40623d390,1
pg,ycsb_workload_a_skew_1_20_20k.txt,8,1,8,20000,2121,9429.51,1,0,0,single_3882d8ae785f4aee9d45da9056f9e8ed,32MB,70f240feadb449c9de44507c65581a3be27ecfcbca9286396e2813a40623d390,1
pg,ycsb_workload_d_skew_1_20_20k.txt,4,1,4,20000,590,33898.31,1,0,0,single_74b3de36c20a49038bbc639b3b6e4a95,32MB,70f240feadb449c9de44507c65581a3be27ecfcbca9286396e2813a40623d390,2
pg,ycsb_workload_c_skew_1_20_20k.txt,8,1,8,20000,280,71428.57,1,0,0,single_680af11cd838495a880f9ee660c81880,32MB,70f240feadb449c9de44507c65581a3be27ecfcbca9286396e2813a40623d390,2
pg,ycsb_workload_b_skew_0_99_20k.txt,1,1,1,20000,1873,10678.06,1,0,0,single_20eaa9dd78f64ad1ad675449b89e16cf,32MB,70f240feadb449c9de44507c65581a3be27ecfcbca9286396e2813a40623d390,2
pg,ycsb_workload_c_skew_0_99_20k.txt,8,1,8,20000,286,69930.07,1,0,0,single_2e478699de634d53bf136d4894a4a5bb,32MB,70f240feadb449c9de44507c65581a3be27ecfcbca9286396e2813a40623d390,2
pg,ycsb_workload_a_skew_0_50_20k.txt,8,1,8,20000,1300,15384.62,1,0,0,single_8fe76fb7d6a14c908a1fe081b18cfbdb,32MB,70f240feadb449c9de44507c65581a3be27ecfcbca9286396e2813a40623d390,2
pg,ycsb_workload_b_skew_0_99_20k.txt,8,1,8,20000,474,42194.09,1,0,0,single_dcff2072013641b08ca2f2a4ec708597,32MB,70f240feadb449c9de44507c65581a3be27ecfcbca9286396e2813a40623d390,2
pg,ycsb_workload_c_skew_1_20_20k.txt,16,1,16,20000,306,65359.48,1,0,0,single_4102acd274f244479c30234020055e67,32MB,70f240feadb449c9de44507c65581a3be27ecfcbca9286396e2813a40623d390,2
pg,ycsb_workload_a_skew_0_99_20k.txt,16,1,16,20000,1202,16638.94,1,0,0,single_0ac59f1b4e234fd986226f8c0fb71507,32MB,70f240feadb449c9de44507c65581a3be27ecfcbca9286396e2813a40623d390,2
pg,ycsb_workload_a_skew_0_00_20k.txt,4,1,4,20000,2549,7846.21,1,0,0,single_6280a27b278c4e9b9daee6b6f3c4be48,32MB,70f240feadb449c9de44507c65581a3be27ecfcbca9286396e2813a40623d390,2
pg,ycsb_workload_f_skew_0_00_20k.txt,8,1,8,20000,1345,14869.89,1,0,0,single_94810c5d1cc746358c4e37cd81567a07,32MB,70f240feadb449c9de44507c65581a3be27ecfcbca9286396e2813a40623d390,2
pg,ycsb_workload_b_skew_1_20_20k.txt,8,1,8,20000,501,39920.16,1,0,0,single_3a62d5c622de4c18896f9fe839a54143,32MB,70f240feadb449c9de44507c65581a3be27ecfcbca9286396e2813a40623d390,2
pg,ycsb_workload_f_skew_1_20_20k.txt,16,1,16,20000,1969,10157.44,1,0,0,single_7c2c96bc16164f31932f6e7b4fd10944,32MB,70f240feadb449c9de44507c65581a3be27ecfcbca9286396e2813a40623d390,2
pg,ycsb_workload_b_skew_0_50_20k.txt,8,1,8,20000,440,45454.55,1,0,0,single_0ce726e46e7a4c9fa2f27e842c7c1ce1,32MB,70f240feadb449c9de44507c65581a3be27ecfcbca9286396e2813a40623d390,2
pg,ycsb_workload_b_skew_0_00_20k.txt,8,1,8,20000,478,41841.00,1,0,0,single_645028309c77476f83a15978edc0de58,32MB,70f240feadb449c9de44507c65581a3be27ecfcbca9286396e2813a40623d390,2
pg,ycsb_workload_a_skew_0_99_20k.txt,8,1,8,20000,1649,12128.56,1,0,0,single_59e72f10dd804245941a41f884fad162,32MB,70f240feadb449c9de44507c65581a3be27ecfcbca9286396e2813a40623d390,2
pg,ycsb_workload_c_skew_0_00_20k.txt,4,1,4,20000,405,49382.72,1,0,0,single_66e2a91299944231b5e24866806439c9,32MB,70f240feadb449c9de44507c65581a3be27ecfcbca9286396e2813a40623d390,2
pg,ycsb_workload_a_skew_0_00_20k.txt,1,1,1,20000,6739,2967.80,1,0,0,single_151ab6af4e2d46cb892f1c7ca3cf7b38,32MB,70f240feadb449c9de44507c65581a3be27ecfcbca9286396e2813a40623d390,2
pg,ycsb_workload_b_skew_0_00_20k.txt,4,1,4,20000,673,29717.68,1,0,0,single_fa7a1572cd8f4c34a75c243b52fe40b0,32MB,70f240feadb449c9de44507c65581a3be27ecfcbca9286396e2813a40623d390,2
pg,ycsb_workload_d_skew_0_50_20k.txt,1,1,1,20000,1823,10970.93,1,0,0,single_81e263ae175f43af8ae90730359e2ab7,32MB,70f240feadb449c9de44507c65581a3be27ecfcbca9286396e2813a40623d390,2
pg,ycsb_workload_c_skew_1_20_20k.txt,1,1,1,20000,1366,14641.29,1,0,0,single_c5820e2d9b5d47e0bd9f66b89c0db310,32MB,70f240feadb449c9de44507c65581a3be27ecfcbca9286396e2813a40623d390,2
pg,ycsb_workload_c_skew_0_50_20k.txt,8,1,8,20000,309,64724.92,1,0,0,single_e11b98bb713b4e3ab5e790caefef0d0c,32MB,70f240feadb449c9de44507c65581a3be27ecfcbca9286396e2813a40623d390,2
pg,ycsb_workload_f_skew_0_99_20k.txt,1,1,1,20000,7301,2739.35,1,0,0,single_6df4dcf147c44dc0887e439597e2da2d,32MB,70f240feadb449c9de44507c65581a3be27ecfcbca9286396e2813a40623d390,2
pg,ycsb_workload_c_skew_0_50_20k.txt,16,1,16,20000,313,63897.76,1,0,0,single_87b7bcb0a81945adab346f569c83038c,32MB,70f240feadb449c9de44507c65581a3be27ecfcbca9286396e2813a40623d390,2
pg,ycsb_workload_a_skew_1_20_20k.txt,1,1,1,20000,6701,2984.63,1,0,0,single_d2ba2ad885f34bf99e205ecfe60b0f3a,32MB,70f240feadb449c9de44507c65581a3be27ecfcbca9286396e2813a40623d390,2
pg,ycsb_workload_a_skew_0_00_20k.txt,8,1,8,20000,1354,14771.05,1,0,0,single_1cf3b7b0c6cb4a8687ecf7a227b22b18,32MB,70f240feadb449c9de44507c65581a3be27ecfcbca9286396e2813a40623d390,2
pg,ycsb_workload_b_skew_0_00_20k.txt,16,1,16,20000,411,48661.80,1,0,0,single_7d94cc8d1aeb44a9b14f51b08b4865a5,32MB,70f240feadb449c9de44507c65581a3be27ecfcbca9286396e2813a40623d390,2
pg,ycsb_workload_f_skew_1_20_20k.txt,1,1,1,20000,7469,2677.73,1,0,0,single_a632718a9bb346f38ba219cb94380e31,32MB,70f240feadb449c9de44507c65581a3be27ecfcbca9286396e2813a40623d390,2
pg,ycsb_workload_b_skew_0_50_20k.txt,4,1,4,20000,594,33670.03,1,0,0,single_8b4db89f80b040a0a3e333e2859efbe1,32MB,70f240feadb449c9de44507c65581a3be27ecfcbca9286396e2813a40623d390,2
pg,ycsb_workload_f_skew_0_00_20k.txt,16,1,16,20000,812,24630.54,1,0,0,single_3f04ca28a7a7491986ddf83bf5fad2e6,32MB,70f240feadb449c9de44507c65581a3be27ecfcbca9286396e2813a40623d390,2
pg,ycsb_workload_d_skew_1_20_20k.txt,8,1,8,20000,372,53763.44,1,0,0,single_8f4569b690ca44d1b99af52eaeea0a0a,32MB,70f240feadb449c9de44507c65581a3be27ecfcbca9286396e2813a40623d390,2
pg,ycsb_workload_d_skew_0_99_20k.txt,4,1,4,20000,574,34843.21,1,0,0,single_80e9f52625ed43119948bded2d06ded3,32MB,70f240feadb449c9de44507c65581a3be27ecfcbca9286396e2813a40623d390,2
pg,ycsb_workload_d_skew_0_00_20k.txt,8,1,8,20000,387,51679.59,1,0,0,single_f9ff179e21034782a0c5652b71ea9ede,32MB,70f240feadb449c9de44507c65581a3be27ecfcbca9286396e2813a40623d390,2
pg,ycsb_workload_f_skew_0_50_20k.txt,8,1,8,20000,1403,14255.17,1,0,0,single_ae6eb8cf22c940f4a7eca8afa0a9be40,32MB,70f240feadb449c9de44507c65581a3be27ecfcbca9286396e2813a40623d390,2
pg,ycsb_workload_a_skew_0_00_20k.txt,16,1,16,20000,753,26560.42,1,0,0,single_2fbbeb53c19d42e0b0993c10d14e242b,32MB,70f240feadb449c9de44507c65581a3be27ecfcbca9286396e2813a40623d390,2
pg,ycsb_workload_a_skew_0_50_20k.txt,4,1,4,20000,2554,7830.85,1,0,0,single_0623e6d0a0354815b213c34838bb95f3,32MB,70f240feadb449c9de44507c65581a3be27ecfcbca9286396e2813a40623d390,2
pg,ycsb_workload_d_skew_0_50_20k.txt,8,1,8,20000,358,55865.92,1,0,0,single_2516badc118942768a6b4d46cab97cf1,32MB,70f240feadb449c9de44507c65581a3be27ecfcbca9286396e2813a40623d390,2
pg,ycsb_workload_c_skew_0_00_20k.txt,1,1,1,20000,1326,15082.96,1,0,0,single_b63a3eebfd0d4034872ec97d45b5827f,32MB,70f240feadb449c9de44507c65581a3be27ecfcbca9286396e2813a40623d390,2
pg,ycsb_workload_f_skew_0_99_20k.txt,16,1,16,20000,1293,15467.90,1,0,0,single_fd17c5de717c453b9081224f1b6eeec2,32MB,70f240feadb449c9de44507c65581a3be27ecfcbca9286396e2813a40623d390,2
pg,ycsb_workload_a_skew_1_20_20k.txt,8,1,8,20000,2167,9229.35,1,0,0,single_295139f30448426799a26ee1c13f3581,32MB,70f240feadb449c9de44507c65581a3be27ecfcbca9286396e2813a40623d390,2
pg,ycsb_workload_b_skew_0_50_20k.txt,16,1,16,20000,369,54200.54,1,0,0,single_697236d7a4074023b5a3b551c8743bde,32MB,70f240feadb449c9de44507c65581a3be27ecfcbca9286396e2813a40623d390,2
pg,ycsb_workload_d_skew_0_50_20k.txt,4,1,4,20000,573,34904.01,1,0,0,single_ea2d838d07ae40068ef4084d8ae0b2aa,32MB,70f240feadb449c9de44507c65581a3be27ecfcbca9286396e2813a40623d390,2
pg,ycsb_workload_c_skew_0_99_20k.txt,16,1,16,20000,288,69444.44,1,0,0,single_cd6a461709224f64a882a2f9a93319ba,32MB,70f240feadb449c9de44507c65581a3be27ecfcbca9286396e2813a40623d390,2
pg,ycsb_workload_d_skew_1_20_20k.txt,16,1,16,20000,318,62893.08,1,0,0,single_c41ac01a502649d6bcd31c1612ea5fcc,32MB,70f240feadb449c9de44507c65581a3be27ecfcbca9286396e2813a40623d390,2
pg,ycsb_workload_c_skew_0_50_20k.txt,4,1,4,20000,398,50251.26,1,0,0,single_26655db28e2b47ccbcee7c3f1ad90acd,32MB,70f240feadb449c9de44507c65581a3be27ecfcbca9286396e2813a40623d390,2
pg,ycsb_workload_d_skew_0_00_20k.txt,4,1,4,20000,584,34246.58,1,0,0,single_6b60c8f1180042cebd344e890e1d9640,32MB,70f240feadb449c9de44507c65581a3be27ecfcbca9286396e2813a40623d390,2
pg,ycsb_workload_f_skew_0_00_20k.txt,4,1,4,20000,2583,7742.93,1,0,0,single_626673b485964645a91162644ebefe79,32MB,70f240feadb449c9de44507c65581a3be27ecfcbca9286396e2813a40623d390,2
pg,ycsb_workload_c_skew_0_00_20k.txt,16,1,16,20000,325,61538.46,1,0,0,single_357ebf7ec1d74fbda01a3df350da8a2c,32MB,70f240feadb449c9de44507c65581a3be27ecfcbca9286396e2813a40623d390,2
pg,ycsb_workload_a_skew_1_20_20k.txt,16,1,16,20000,1915,10443.86,1,0,0,single_926e5b877f3a4bd18dfab042f3f0ac0d,32MB,70f240feadb449c9de44507c65581a3be27ecfcbca9286396e2813a40623d390,2
pg,ycsb_workload_f_skew_0_00_20k.txt,1,1,1,20000,7483,2672.72,1,0,0,single_c4efbcfa4f8b4094870ddc8957a7a35d,32MB,70f240feadb449c9de44507c65581a3be27ecfcbca9286396e2813a40623d390,2
pg,ycsb_workload_b_skew_0_00_20k.txt,1,1,1,20000,1813,11031.44,1,0,0,single_8e4bf27b779b4b4d9ce8c3d3cec73b18,32MB,70f240feadb449c9de44507c65581a3be27ecfcbca9286396e2813a40623d390,2
pg,ycsb_workload_a_skew_0_99_20k.txt,4,1,4,20000,2660,7518.80,1,0,0,single_67a6553b87014611867edcc214138ea2,32MB,70f240feadb449c9de44507c65581a3be27ecfcbca9286396e2813a40623d390,2
pg,ycsb_workload_f_skew_0_50_20k.txt,4,1,4,20000,2563,7803.36,1,0,0,single_1a53b7c8ddd14012a7aa744337e51413,32MB,70f240feadb449c9de44507c65581a3be27ecfcbca9286396e2813a40623d390,2
pg,ycsb_workload_d_skew_0_50_20k.txt,16,1,16,20000,328,60975.61,1,0,0,single_f4e1231b04654a6e844108facb9f7a8e,32MB,70f240feadb449c9de44507c65581a3be27ecfcbca9286396e2813a40623d390,2
pg,ycsb_workload_b_skew_0_99_20k.txt,4,1,4,20000,654,30581.04,1,0,0,single_17d64ae7be3641b49cf55df3668fb786,32MB,70f240feadb449c9de44507c65581a3be27ecfcbca9286396e2813a40623d390,2
pg,ycsb_workload_f_skew_1_20_20k.txt,8,1,8,20000,2263,8837.83,1,0,0,single_96ff500678d44687abf3bbc3023d8c5a,32MB,70f240feadb449c9de44507c65581a3be27ecfcbca9286396e2813a40623d390,2
pg,ycsb_workload_f_skew_0_99_20k.txt,4,1,4,20000,2747,7280.67,1,0,0,single_6bb23016181140a6905b04e7cb507143,32MB,70f240feadb449c9de44507c65581a3be27ecfcbca9286396e2813a40623d390,2
pg,ycsb_workload_a_skew_1_20_20k.txt,4,1,4,20000,3051,6555.23,1,0,0,single_ce6931d4f8654123a71bd70508471acc,32MB,70f240feadb449c9de44507c65581a3be27ecfcbca9286396e2813a40623d390,2
pg,ycsb_workload_f_skew_1_20_20k.txt,4,1,4,20000,3111,6428.80,1,0,0,single_e86f762d800942e18ac4d2e8584963e8,32MB,70f240feadb449c9de44507c65581a3be27ecfcbca9286396e2813a40623d390,2
pg,ycsb_workload_c_skew_1_20_20k.txt,4,1,4,20000,416,48076.92,1,0,0,single_84f01472b5b443c5876b299a542b2b8d,32MB,70f240feadb449c9de44507c65581a3be27ecfcbca9286396e2813a40623d390,2
pg,ycsb_workload_d_skew_0_99_20k.txt,1,1,1,20000,1827,10946.91,1,0,0,single_833d788c7fdf4b39ac78707f93863d99,32MB,70f240feadb449c9de44507c65581a3be27ecfcbca9286396e2813a40623d390,2
pg,ycsb_workload_c_skew_0_50_20k.txt,1,1,1,20000,1375,14545.45,1,0,0,single_df90f9c04e8447d58d20133583732e3f,32MB,70f240feadb449c9de44507c65581a3be27ecfcbca9286396e2813a40623d390,2
pg,ycsb_workload_d_skew_1_20_20k.txt,1,1,1,20000,1867,10712.37,1,0,0,single_b12f3c71e1584169a40aee940e144b7f,32MB,70f240feadb449c9de44507c65581a3be27ecfcbca9286396e2813a40623d390,2
pg,ycsb_workload_d_skew_0_99_20k.txt,8,1,8,20000,376,53191.49,1,0,0,single_bd710801d09b4503902d1b6bde97a195,32MB,70f240feadb449c9de44507c65581a3be27ecfcbca9286396e2813a40623d390,2
pg,ycsb_workload_b_skew_0_99_20k.txt,16,1,16,20000,428,46728.97,1,0,0,single_8517d561d96a466ca821e8f120af86cc,32MB,70f240feadb449c9de44507c65581a3be27ecfcbca9286396e2813a40623d390,2
pg,ycsb_workload_a_skew_0_99_20k.txt,1,1,1,20000,6775,2952.03,1,0,0,single_6dd587f841914bf0a02b1000fd18d6df,32MB,70f240feadb449c9de44507c65581a3be27ecfcbca9286396e2813a40623d390,2
pg,ycsb_workload_f_skew_0_99_20k.txt,8,1,8,20000,1660,12048.19,1,0,0,single_ead00b4164864a169d19bf50d201c85d,32MB,70f240feadb449c9de44507c65581a3be27ecfcbca9286396e2813a40623d390,2
pg,ycsb_workload_d_skew_0_00_20k.txt,16,1,16,20000,324,61728.40,1,0,0,single_e892f2b54e824326bf72d3480f075462,32MB,70f240feadb449c9de44507c65581a3be27ecfcbca9286396e2813a40623d390,2
pg,ycsb_workload_c_skew_0_99_20k.txt,1,1,1,20000,1313,15232.29,1,0,0,single_a1cebf63ced2419dae0395fa386793af,32MB,70f240feadb449c9de44507c65581a3be27ecfcbca9286396e2813a40623d390,2
pg,ycsb_workload_a_skew_0_50_20k.txt,1,1,1,20000,6688,2990.43,1,0,0,single_04be7e6aa1694755904e2d6dad7d17d8,32MB,70f240feadb449c9de44507c65581a3be27ecfcbca9286396e2813a40623d390,2
pg,ycsb_workload_b_skew_1_20_20k.txt,4,1,4,20000,687,29112.08,1,0,0,single_a6c89663c28949a192679cea3246f768,32MB,70f240feadb449c9de44507c65581a3be27ecfcbca9286396e2813a40623d390,2
pg,ycsb_workload_a_skew_0_50_20k.txt,16,1,16,20000,737,27137.04,1,0,0,single_dc2bebb0c17b47c0b90ba50de3811446,32MB,70f240feadb449c9de44507c65581a3be27ecfcbca9286396e2813a40623d390,2
pg,ycsb_workload_c_skew_0_99_20k.txt,4,1,4,20000,397,50377.83,1,0,0,single_d56914722b274baba3649d52cbd63c96,32MB,70f240feadb449c9de44507c65581a3be27ecfcbca9286396e2813a40623d390,2
pg,ycsb_workload_b_skew_1_20_20k.txt,1,1,1,20000,1864,10729.61,1,0,0,single_de3d511cb1284186a2a9a3c5f5c81c48,32MB,70f240feadb449c9de44507c65581a3be27ecfcbca9286396e2813a40623d390,2
pg,ycsb_workload_f_skew_0_50_20k.txt,16,1,16,20000,787,25412.96,1,0,0,single_28d828b7bafb49c58d9010ea03a0c071,32MB,70f240feadb449c9de44507c65581a3be27ecfcbca9286396e2813a40623d390,2
pg,ycsb_workload_c_skew_0_00_20k.txt,8,1,8,20000,320,62500.00,1,0,0,single_f1577e1909a84a5e8cd5f1f9a9b8c7f3,32MB,70f240feadb449c9de44507c65581a3be27ecfcbca9286396e2813a40623d390,2
pg,ycsb_workload_d_skew_0_00_20k.txt,1,1,1,20000,1834,10905.13,1,0,0,single_397b134d7dd94d599c766c63cf9b08b0,32MB,70f240feadb449c9de44507c65581a3be27ecfcbca9286396e2813a40623d390,2
pg,ycsb_workload_d_skew_0_99_20k.txt,16,1,16,20000,329,60790.27,1,0,0,single_d409c1dfe11441538f37f22d0607d2f4,32MB,70f240feadb449c9de44507c65581a3be27ecfcbca9286396e2813a40623d390,2
pg,ycsb_workload_b_skew_0_50_20k.txt,1,1,1,20000,1858,10764.26,1,0,0,single_1e1659999b2a438aa41240b421d65bdc,32MB,70f240feadb449c9de44507c65581a3be27ecfcbca9286396e2813a40623d390,2
pg,ycsb_workload_b_skew_1_20_20k.txt,16,1,16,20000,476,42016.81,1,0,0,single_dcd2d1a88e90443ebeb41ac93c527678,32MB,70f240feadb449c9de44507c65581a3be27ecfcbca9286396e2813a40623d390,2
pg,ycsb_workload_f_skew_0_50_20k.txt,1,1,1,20000,7365,2715.55,1,0,0,single_0485f2e74671483aa265df0ada6cf413,32MB,70f240feadb449c9de44507c65581a3be27ecfcbca9286396e2813a40623d390,2
pg,ycsb_workload_c_skew_1_20_20k.txt,4,1,4,20000,415,48192.77,1,0,0,single_52fb59fa5aac4d9ca2beab592f7ef586,32MB,70f240feadb449c9de44507c65581a3be27ecfcbca9286396e2813a40623d390,3
pg,ycsb_workload_a_skew_0_50_20k.txt,8,1,8,20000,1331,15026.30,1,0,0,single_b7388cdeba44487cb53c1fd11534b499,32MB,70f240feadb449c9de44507c65581a3be27ecfcbca9286396e2813a40623d390,3
pg,ycsb_workload_a_skew_0_99_20k.txt,4,1,4,20000,2726,7336.76,1,0,0,single_d2427c66e9034bd289f57a99fd383b3b,32MB,70f240feadb449c9de44507c65581a3be27ecfcbca9286396e2813a40623d390,3
pg,ycsb_workload_c_skew_0_50_20k.txt,4,1,4,20000,405,49382.72,1,0,0,single_74b7498b2efe4b0181feee1b7661c481,32MB,70f240feadb449c9de44507c65581a3be27ecfcbca9286396e2813a40623d390,3
pg,ycsb_workload_d_skew_0_50_20k.txt,8,1,8,20000,358,55865.92,1,0,0,single_64b198b3857a4f2c81d36c87c7aad71b,32MB,70f240feadb449c9de44507c65581a3be27ecfcbca9286396e2813a40623d390,3
pg,ycsb_workload_c_skew_0_50_20k.txt,16,1,16,20000,297,67340.07,1,0,0,single_849eee029405443580d764c1d36c250e,32MB,70f240feadb449c9de44507c65581a3be27ecfcbca9286396e2813a40623d390,3
pg,ycsb_workload_d_skew_0_00_20k.txt,1,1,1,20000,2046,9775.17,1,0,0,single_5c844c4027b14fcf81629d1c73ece21c,32MB,70f240feadb449c9de44507c65581a3be27ecfcbca9286396e2813a40623d390,3
pg,ycsb_workload_f_skew_0_00_20k.txt,4,1,4,20000,2573,7773.03,1,0,0,single_a989be05ed11427daa182645ecd6df0a,32MB,70f240feadb449c9de44507c65581a3be27ecfcbca9286396e2813a40623d390,3
pg,ycsb_workload_d_skew_0_99_20k.txt,8,1,8,20000,387,51679.59,1,0,0,single_4b05ea5e961c434bb32d6102ce2f3eab,32MB,70f240feadb449c9de44507c65581a3be27ecfcbca9286396e2813a40623d390,3
pg,ycsb_workload_c_skew_1_20_20k.txt,1,1,1,20000,1334,14992.50,1,0,0,single_d5de7694acb742089f13e398a922e359,32MB,70f240feadb449c9de44507c65581a3be27ecfcbca9286396e2813a40623d390,3
pg,ycsb_workload_a_skew_0_00_20k.txt,4,1,4,20000,2548,7849.29,1,0,0,single_236bce309914488ba04a315b17dcbeb1,32MB,70f240feadb449c9de44507c65581a3be27ecfcbca9286396e2813a40623d390,3
pg,ycsb_workload_b_skew_0_99_20k.txt,8,1,8,20000,444,45045.05,1,0,0,single_a3e13d1aa20e42fabbe3a0e6163c3d9b,32MB,70f240feadb449c9de44507c65581a3be27ecfcbca9286396e2813a40623d390,3
pg,ycsb_workload_b_skew_1_20_20k.txt,4,1,4,20000,657,30441.40,1,0,0,single_625b6800e5c347b2bdab4c14a3ac35d0,32MB,70f240feadb449c9de44507c65581a3be27ecfcbca9286396e2813a40623d390,3
pg,ycsb_workload_f_skew_1_20_20k.txt,8,1,8,20000,2219,9013.07,1,0,0,single_d22805235f654f43ac988216c53601e6,32MB,70f240feadb449c9de44507c65581a3be27ecfcbca9286396e2813a40623d390,3
pg,ycsb_workload_a_skew_0_99_20k.txt,16,1,16,20000,1189,16820.86,1,0,0,single_d9b8cd43a9a04d19afd5e37b0d54f660,32MB,70f240feadb449c9de44507c65581a3be27ecfcbca9286396e2813a40623d390,3
pg,ycsb_workload_d_skew_0_00_20k.txt,4,1,4,20000,603,33167.50,1,0,0,single_28a0f434e35d4089be61f5da264c6bee,32MB,70f240feadb449c9de44507c65581a3be27ecfcbca9286396e2813a40623d390,3
pg,ycsb_workload_b_skew_0_50_20k.txt,4,1,4,20000,579,34542.31,1,0,0,single_d0efd13669b7474cbdef16535af9efaf,32MB,70f240feadb449c9de44507c65581a3be27ecfcbca9286396e2813a40623d390,3
pg,ycsb_workload_f_skew_0_50_20k.txt,8,1,8,20000,1344,14880.95,1,0,0,single_787adf5f6eeb41cabd9eacf5707bf111,32MB,70f240feadb449c9de44507c65581a3be27ecfcbca9286396e2813a40623d390,3
pg,ycsb_workload_b_skew_0_99_20k.txt,1,1,1,20000,1821,10982.98,1,0,0,single_fa6636147ebf48f6bfeeca1d199b1771,32MB,70f240feadb449c9de44507c65581a3be27ecfcbca9286396e2813a40623d390,3
pg,ycsb_workload_b_skew_0_00_20k.txt,4,1,4,20000,599,33388.98,1,0,0,single_67f4bc99274f465a8d093a48c9685084,32MB,70f240feadb449c9de44507c65581a3be27ecfcbca9286396e2813a40623d390,3
pg,ycsb_workload_b_skew_0_00_20k.txt,8,1,8,20000,421,47505.94,1,0,0,single_5f827e5697074b1391f90c10c10a7d17,32MB,70f240feadb449c9de44507c65581a3be27ecfcbca9286396e2813a40623d390,3
pg,ycsb_workload_f_skew_0_50_20k.txt,1,1,1,20000,7408,2699.78,1,0,0,single_53f5aa67e44046a1aac742333f43c8e9,32MB,70f240feadb449c9de44507c65581a3be27ecfcbca9286396e2813a40623d390,3
pg,ycsb_workload_f_skew_0_00_20k.txt,8,1,8,20000,1353,14781.97,1,0,0,single_603e665b263c4b1c8d9db63f8d39c749,32MB,70f240feadb449c9de44507c65581a3be27ecfcbca9286396e2813a40623d390,3
pg,ycsb_workload_f_skew_0_99_20k.txt,8,1,8,20000,1678,11918.95,1,0,0,single_25a64c2b78154a1793a04aca129cf1f4,32MB,70f240feadb449c9de44507c65581a3be27ecfcbca9286396e2813a40623d390,3
pg,ycsb_workload_c_skew_0_00_20k.txt,1,1,1,20000,1336,14970.06,1,0,0,single_2c1cc0b2bf894acd800f89b139724e5a,32MB,70f240feadb449c9de44507c65581a3be27ecfcbca9286396e2813a40623d390,3
pg,ycsb_workload_a_skew_0_50_20k.txt,16,1,16,20000,753,26560.42,1,0,0,single_e0e19456c2b5481487a6f889d8f69a92,32MB,70f240feadb449c9de44507c65581a3be27ecfcbca9286396e2813a40623d390,3
pg,ycsb_workload_d_skew_0_50_20k.txt,16,1,16,20000,331,60422.96,1,0,0,single_0ef7a52d867a427ea19a9c7e4dffca1b,32MB,70f240feadb449c9de44507c65581a3be27ecfcbca9286396e2813a40623d390,3
pg,ycsb_workload_c_skew_0_99_20k.txt,16,1,16,20000,285,70175.44,1,0,0,single_74a4cf1f72574a17b0717c7b3f7bbae9,32MB,70f240feadb449c9de44507c65581a3be27ecfcbca9286396e2813a40623d390,3
pg,ycsb_workload_c_skew_0_99_20k.txt,1,1,1,20000,1415,14134.28,1,0,0,single_468374dee5134953b13fad311b1da12c,32MB,70f240feadb449c9de44507c65581a3be27ecfcbca9286396e2813a40623d390,3
pg,ycsb_workload_b_skew_1_20_20k.txt,1,1,1,20000,1830,10928.96,1,0,0,single_0cbf9f6ea1ec47ebaefc825535592b14,32MB,70f240feadb449c9de44507c65581a3be27ecfcbca9286396e2813a40623d390,3
pg,ycsb_workload_d_skew_1_20_20k.txt,16,1,16,20000,337,59347.18,1,0,0,single_3977d1a3ea574424a04fd5c511ed3b04,32MB,70f240feadb449c9de44507c65581a3be27ecfcbca9286396e2813a40623d390,3
pg,ycsb_workload_d_skew_1_20_20k.txt,4,1,4,20000,577,34662.05,1,0,0,single_9cd92477f8d9462f93d009c9a6f6387d,32MB,70f240feadb449c9de44507c65581a3be27ecfcbca9286396e2813a40623d390,3
pg,ycsb_workload_f_skew_0_99_20k.txt,4,1,4,20000,2696,7418.40,1,0,0,single_8cd5d2fcd1614e79bf2ba447e0dd6cd5,32MB,70f240feadb449c9de44507c65581a3be27ecfcbca9286396e2813a40623d390,3
pg,ycsb_workload_d_skew_0_99_20k.txt,4,1,4,20000,584,34246.58,1,0,0,single_753a7e173a6f404e97458d4b916c2056,32MB,70f240feadb449c9de44507c65581a3be27ecfcbca9286396e2813a40623d390,3
pg,ycsb_workload_a_skew_1_20_20k.txt,1,1,1,20000,6782,2948.98,1,0,0,single_40fc1ddde0e743ba982509c706794cdf,32MB,70f240feadb449c9de44507c65581a3be27ecfcbca9286396e2813a40623d390,3
pg,ycsb_workload_f_skew_0_50_20k.txt,16,1,16,20000,802,24937.66,1,0,0,single_73085cd91b2c4047a62d0f1dfbb98efc,32MB,70f240feadb449c9de44507c65581a3be27ecfcbca9286396e2813a40623d390,3
pg,ycsb_workload_f_skew_1_20_20k.txt,1,1,1,20000,7344,2723.31,1,0,0,single_8b795220c5ab483cbf8e1c58694cd01a,32MB,70f240feadb449c9de44507c65581a3be27ecfcbca9286396e2813a40623d390,3
pg,ycsb_workload_b_skew_0_99_20k.txt,16,1,16,20000,419,47732.70,1,0,0,single_f9858781b1d54999b7e2dcd3a9000455,32MB,70f240feadb449c9de44507c65581a3be27ecfcbca9286396e2813a40623d390,3
pg,ycsb_workload_f_skew_0_99_20k.txt,16,1,16,20000,1283,15588.46,1,0,0,single_6798c1dfac9c477faee991be20c324d2,32MB,70f240feadb449c9de44507c65581a3be27ecfcbca9286396e2813a40623d390,3
pg,ycsb_workload_c_skew_0_00_20k.txt,4,1,4,20000,401,49875.31,1,0,0,single_6c449efc757145188c639b3a6fec7089,32MB,70f240feadb449c9de44507c65581a3be27ecfcbca9286396e2813a40623d390,3
pg,ycsb_workload_b_skew_0_00_20k.txt,1,1,1,20000,1873,10678.06,1,0,0,single_5e171061013d485a817f3eb192d3e165,32MB,70f240feadb449c9de44507c65581a3be27ecfcbca9286396e2813a40623d390,3
pg,ycsb_workload_a_skew_0_99_20k.txt,8,1,8,20000,1634,12239.90,1,0,0,single_afe550d9c3844b7ebc7880c9bb366988,32MB,70f240feadb449c9de44507c65581a3be27ecfcbca9286396e2813a40623d390,3
pg,ycsb_workload_c_skew_0_00_20k.txt,16,1,16,20000,308,64935.06,1,0,0,single_5527384a1c2e46b496e80100e45f759b,32MB,70f240feadb449c9de44507c65581a3be27ecfcbca9286396e2813a40623d390,3
pg,ycsb_workload_b_skew_1_20_20k.txt,8,1,8,20000,536,37313.43,1,0,0,single_7df37375e1ca4d36bdbb3a49e3d25e73,32MB,70f240feadb449c9de44507c65581a3be27ecfcbca9286396e2813a40623d390,3
pg,ycsb_workload_c_skew_0_99_20k.txt,8,1,8,20000,289,69204.15,1,0,0,single_e07fa9cc16974b47bca27295b87684e7,32MB,70f240feadb449c9de44507c65581a3be27ecfcbca9286396e2813a40623d390,3
pg,ycsb_workload_d_skew_0_00_20k.txt,8,1,8,20000,361,55401.66,1,0,0,single_733f75cc69aa475fada05d0212849a12,32MB,70f240feadb449c9de44507c65581a3be27ecfcbca9286396e2813a40623d390,3
pg,ycsb_workload_a_skew_0_99_20k.txt,1,1,1,20000,6704,2983.29,1,0,0,single_6b8192ad588a4002821f29e937a518ea,32MB,70f240feadb449c9de44507c65581a3be27ecfcbca9286396e2813a40623d390,3
pg,ycsb_workload_c_skew_0_00_20k.txt,8,1,8,20000,303,66006.60,1,0,0,single_882cbf44d3ee467eb82e43d465b205c5,32MB,70f240feadb449c9de44507c65581a3be27ecfcbca9286396e2813a40623d390,3
pg,ycsb_workload_a_skew_0_50_20k.txt,1,1,1,20000,6675,2996.25,1,0,0,single_c436c4a56ce74c66ac3f989429eebaa8,32MB,70f240feadb449c9de44507c65581a3be27ecfcbca9286396e2813a40623d390,3
pg,ycsb_workload_b_skew_1_20_20k.txt,16,1,16,20000,514,38910.51,1,0,0,single_2a1c42ad002541e395c5559b4385f556,32MB,70f240feadb449c9de44507c65581a3be27ecfcbca9286396e2813a40623d390,3
pg,ycsb_workload_c_skew_1_20_20k.txt,8,1,8,20000,295,67796.61,1,0,0,single_f50fe3596a504f8cb87e393517c2c8e4,32MB,70f240feadb449c9de44507c65581a3be27ecfcbca9286396e2813a40623d390,3
pg,ycsb_workload_d_skew_0_50_20k.txt,1,1,1,20000,1810,11049.72,1,0,0,single_a6ae216ad181456c887de9bd376f7049,32MB,70f240feadb449c9de44507c65581a3be27ecfcbca9286396e2813a40623d390,3
pg,ycsb_workload_a_skew_0_50_20k.txt,4,1,4,20000,2569,7785.13,1,0,0,single_455ec2a844c54dcb8ed696f9e4355d2b,32MB,70f240feadb449c9de44507c65581a3be27ecfcbca9286396e2813a40623d390,3
pg,ycsb_workload_c_skew_0_50_20k.txt,1,1,1,20000,1311,15255.53,1,0,0,single_2ff4598096014861a28f4f4a8e1f72f5,32MB,70f240feadb449c9de44507c65581a3be27ecfcbca9286396e2813a40623d390,3
pg,ycsb_workload_d_skew_1_20_20k.txt,1,1,1,20000,1896,10548.52,1,0,0,single_89f089c3c86a41148c667bbfc5d16c19,32MB,70f240feadb449c9de44507c65581a3be27ecfcbca9286396e2813a40623d390,3
pg,ycsb_workload_a_skew_0_00_20k.txt,16,1,16,20000,749,26702.27,1,0,0,single_6e23b313fdca46a3aa90d96e18b42424,32MB,70f240feadb449c9de44507c65581a3be27ecfcbca9286396e2813a40623d390,3
pg,ycsb_workload_a_skew_1_20_20k.txt,16,1,16,20000,1875,10666.67,1,0,0,single_ef09c641fabf4af2a24ddec39cb4cb42,32MB,70f240feadb449c9de44507c65581a3be27ecfcbca9286396e2813a40623d390,3
pg,ycsb_workload_f_skew_0_99_20k.txt,1,1,1,20000,7371,2713.34,1,0,0,single_9e42a4a222544abfa164039468690b46,32MB,70f240feadb449c9de44507c65581a3be27ecfcbca9286396e2813a40623d390,3
pg,ycsb_workload_d_skew_0_00_20k.txt,16,1,16,20000,325,61538.46,1,0,0,single_5e42d1fc2aac4f40a2a0218f45dc2688,32MB,70f240feadb449c9de44507c65581a3be27ecfcbca9286396e2813a40623d390,3
pg,ycsb_workload_d_skew_0_50_20k.txt,4,1,4,20000,576,34722.22,1,0,0,single_48fa17f03cbd4ca9aba3b5a0d5e1a4f3,32MB,70f240feadb449c9de44507c65581a3be27ecfcbca9286396e2813a40623d390,3
pg,ycsb_workload_d_skew_0_99_20k.txt,1,1,1,20000,1841,10863.66,1,0,0,single_15cfe13c630f433ab0f61e836297bab3,32MB,70f240feadb449c9de44507c65581a3be27ecfcbca9286396e2813a40623d390,3
pg,ycsb_workload_b_skew_0_50_20k.txt,16,1,16,20000,349,57306.59,1,0,0,single_e03d86fcd7c549938ccc3d2e63ccbb1e,32MB,70f240feadb449c9de44507c65581a3be27ecfcbca9286396e2813a40623d390,3
pg,ycsb_workload_d_skew_0_99_20k.txt,16,1,16,20000,319,62695.92,1,0,0,single_f5658b7ef19149be9b72ba4dd801b556,32MB,70f240feadb449c9de44507c65581a3be27ecfcbca9286396e2813a40623d390,3
pg,ycsb_workload_a_skew_1_20_20k.txt,8,1,8,20000,2185,9153.32,1,0,0,single_9105d5621e0e438fafe438be6d78e469,32MB,70f240feadb449c9de44507c65581a3be27ecfcbca9286396e2813a40623d390,3
pg,ycsb_workload_a_skew_0_00_20k.txt,8,1,8,20000,1342,14903.13,1,0,0,single_f06fce5ec4e24af2a9de7d439b8c4e37,32MB,70f240feadb449c9de44507c65581a3be27ecfcbca9286396e2813a40623d390,3
pg,ycsb_workload_d_skew_1_20_20k.txt,8,1,8,20000,361,55401.66,1,0,0,single_de5ad3a238e7475f9b7b34deda43b0fa,32MB,70f240feadb449c9de44507c65581a3be27ecfcbca9286396e2813a40623d390,3
pg,ycsb_workload_c_skew_0_99_20k.txt,4,1,4,20000,408,49019.61,1,0,0,single_6d598d7017f14a5498d089cb4e6fc234,32MB,70f240feadb449c9de44507c65581a3be27ecfcbca9286396e2813a40623d390,3
pg,ycsb_workload_a_skew_0_00_20k.txt,1,1,1,20000,6777,2951.16,1,0,0,single_f8352b7279084d2987e7e915c4d3ffdb,32MB,70f240feadb449c9de44507c65581a3be27ecfcbca9286396e2813a40623d390,3
pg,ycsb_workload_f_skew_0_00_20k.txt,16,1,16,20000,808,24752.48,1,0,0,single_618f45d485524e099befa533a45fd90a,32MB,70f240feadb449c9de44507c65581a3be27ecfcbca9286396e2813a40623d390,3
pg,ycsb_workload_f_skew_0_50_20k.txt,4,1,4,20000,2583,7742.93,1,0,0,single_3ff01b3d2a1840c5849d71946db5c9f0,32MB,70f240feadb449c9de44507c65581a3be27ecfcbca9286396e2813a40623d390,3
pg,ycsb_workload_b_skew_0_50_20k.txt,1,1,1,20000,1868,10706.64,1,0,0,single_70199dd310e9449fa06b2de9d455b26c,32MB,70f240feadb449c9de44507c65581a3be27ecfcbca9286396e2813a40623d390,3
pg,ycsb_workload_c_skew_1_20_20k.txt,16,1,16,20000,315,63492.06,1,0,0,single_c001b33b208f413389fa07313f535559,32MB,70f240feadb449c9de44507c65581a3be27ecfcbca9286396e2813a40623d390,3
pg,ycsb_workload_b_skew_0_00_20k.txt,16,1,16,20000,399,50125.31,1,0,0,single_9b61fc8044d94645a1c1d995edfa19e5,32MB,70f240feadb449c9de44507c65581a3be27ecfcbca9286396e2813a40623d390,3
pg,ycsb_workload_b_skew_0_99_20k.txt,4,1,4,20000,641,31201.25,1,0,0,single_b982ab050d4f486a9f6db59a9467e4bc,32MB,70f240feadb449c9de44507c65581a3be27ecfcbca9286396e2813a40623d390,3
pg,ycsb_workload_f_skew_1_20_20k.txt,4,1,4,20000,3011,6642.31,1,0,0,single_8fa0abd04a30403aa2f3575eaaf949c8,32MB,70f240feadb449c9de44507c65581a3be27ecfcbca9286396e2813a40623d390,3
pg,ycsb_workload_c_skew_0_50_20k.txt,8,1,8,20000,284,70422.54,1,0,0,single_833703a7bd3249e580f5ef8c3f75d3b6,32MB,70f240feadb449c9de44507c65581a3be27ecfcbca9286396e2813a40623d390,3
pg,ycsb_workload_a_skew_1_20_20k.txt,4,1,4,20000,3022,6618.13,1,0,0,single_0d1638f6652347b39b64c2c95adbaa15,32MB,70f240feadb449c9de44507c65581a3be27ecfcbca9286396e2813a40623d390,3
pg,ycsb_workload_f_skew_1_20_20k.txt,16,1,16,20000,2018,9910.80,1,0,0,single_1fa4766365d74bc79f7bcdb9e730c660,32MB,70f240feadb449c9de44507c65581a3be27ecfcbca9286396e2813a40623d390,3
pg,ycsb_workload_b_skew_0_50_20k.txt,8,1,8,20000,426,46948.36,1,0,0,single_24ce83f72b4d458cb1fd9f39da3171e3,32MB,70f240feadb449c9de44507c65581a3be27ecfcbca9286396e2813a40623d390,3
pg,ycsb_workload_f_skew_0_00_20k.txt,1,1,1,20000,7399,2703.07,1,0,0,single_45de58cdda4348f4ba3c2e3d1d9f0762,32MB,70f240feadb449c9de44507c65581a3be27ecfcbca9286396e2813a40623d390,3
