workload,skew,workers,mode,tps,published_det_tps,relative_to_published_det,device_read_kb_per_statement,device_write_kb_per_statement
a,0.0,1,bcdb_det,1427.2461285948762,1427.2461285948762,1.0,17.238016,14.6292736
a,0.0,4,bcdb_det,3078.8177339901476,3078.8177339901476,1.0,17.154048,12.7496192
a,0.0,8,bcdb_det,3743.215422047539,3743.215422047539,1.0,17.1460608,11.3467392
a,0.0,16,bcdb_det,4977.600796416127,4977.600796416127,1.0,17.1626496,10.1189632
a,0.0,1,bcdb_merkle,907.3586788857635,1427.2461285948762,0.6357408583613102,35.4623488,25.583616
a,0.0,4,bcdb_merkle,1786.3522686673812,3078.8177339901476,0.5802072168631655,35.34336,23.2216576
a,0.0,8,bcdb_merkle,2165.2051531882644,3743.215422047539,0.5784345566742448,35.3431552,22.3367168
a,0.0,16,bcdb_merkle,2536.461636017755,4977.600796416127,0.509575142675967,35.3009664,21.3843968
a,0.0,1,bcdb_merkle_s1024,1170.1380762930025,1427.2461285948762,0.8198572431546922,23.2974336,20.3085824
a,0.0,4,bcdb_merkle_s1024,2302.8209556706965,3078.8177339901476,0.7479562464018422,23.2933376,18.1889024
a,0.0,8,bcdb_merkle_s1024,2989.0898221491557,3743.215422047539,0.7985353459871469,23.3060352,16.8241152
a,0.0,16,bcdb_merkle_s1024,3964.3211100099106,4977.600796416127,0.7964321110009911,23.2787968,15.6073984
a,0.99,1,bcdb_det,2149.38205265986,2149.38205265986,1.0,7.7232128,9.3128704
a,0.99,4,bcdb_det,3907.7764751856193,3907.7764751856193,1.0,7.6949504,7.8157824
a,0.99,8,bcdb_det,5178.663904712585,5178.663904712585,1.0,7.7205504,6.549504
a,0.99,16,bcdb_det,7296.607077708865,7296.607077708865,1.0,7.6853248,5.5207936
a,0.99,1,bcdb_merkle,1318.652337311268,2149.38205265986,0.6135029999340674,20.62336,16.8306688
a,0.99,4,bcdb_merkle,2272.4690376093627,3907.7764751856193,0.5815248267242359,20.612096,15.4560512
a,0.99,8,bcdb_merkle,2916.7274318214963,5178.663904712585,0.5632200670847309,20.6014464,14.5522688
a,0.99,16,bcdb_merkle,3908.5401602501465,7296.607077708865,0.5356654289622826,20.6168064,13.3728256
a,0.99,1,bcdb_merkle_s1024,1794.2047187584103,2149.38205265986,0.8347537454023505,11.8378496,12.895232
a,0.99,4,bcdb_merkle_s1024,2929.5444558371173,3907.7764751856193,0.7496704262487184,11.8513664,11.5838976
a,0.99,8,bcdb_merkle_s1024,4518.752824220515,5178.663904712585,0.8725711703569814,11.8372352,10.2524928
a,0.99,16,bcdb_merkle_s1024,5934.718100890208,7296.607077708865,0.813353115727003,11.8296576,9.2577792
a,1.2,1,bcdb_det,2641.658961828028,2641.658961828028,1.0,2.3965696,5.209088
a,1.2,4,bcdb_det,4692.632566870014,4692.632566870014,1.0,2.4086528,4.2428416
a,1.2,8,bcdb_det,6651.1473229132025,6651.1473229132025,1.0,2.3988224,3.2866304
a,1.2,16,bcdb_det,7880.220646178093,7880.220646178093,1.0,2.3988224,2.7856896
a,1.2,1,bcdb_merkle,1987.8739687903787,2641.658961828028,0.7525096908855978,7.9476736,9.5051776
a,1.2,4,bcdb_merkle,3000.3000300030003,4692.632566870014,0.6393639363936394,7.9921152,8.50944
a,1.2,8,bcdb_merkle,3768.607499528924,6651.1473229132025,0.5666101375541738,7.9855616,7.6720128
a,1.2,16,bcdb_merkle,4531.037607612143,7880.220646178093,0.574988672405981,8.0054272,7.0289408
a,1.2,1,bcdb_merkle_s1024,2266.5457842248416,2641.658961828028,0.8580009066183137,4.4736512,7.9648768
a,1.2,4,bcdb_merkle_s1024,3770.739064856712,4692.632566870014,0.8035444947209653,4.476928,6.7254272
a,1.2,8,bcdb_merkle_s1024,5064.573309698658,6651.1473229132025,0.7614585971131932,4.4924928,5.7042944
a,1.2,16,bcdb_merkle_s1024,6161.429451632779,7880.220646178093,0.7818853974121996,4.5029376,5.1478528
b,0.99,1,bcdb_det,4030.6328093510683,4030.6328093510683,1.0,7.7258752,1.1927552
b,0.99,4,bcdb_det,8357.709987463435,8357.709987463435,1.0,7.734272,1.147904
b,0.99,8,bcdb_det,10822.510822510823,10822.510822510823,1.0,7.7283328,1.0862592
b,0.99,16,bcdb_det,13821.7000691085,13821.7000691085,1.0,7.7277184,1.0102784
b,0.99,1,bcdb_merkle,3402.5178632187817,4030.6328093510683,0.8441646818645797,9.7284096,2.6734592
b,0.99,4,bcdb_merkle,6578.9473684210525,8357.709987463435,0.7871710526315789,10.066944,2.2454272
b,0.99,8,bcdb_merkle,8532.423208191127,10822.510822510823,0.78839590443686,9.7263616,2.1112832
b,0.99,16,bcdb_merkle,10235.414534288639,13821.7000691085,0.740532241555783,9.7335296,2.0150272
b,0.99,1,bcdb_merkle_s1024,3478.2608695652175,4030.6328093510683,0.8629565217391304,8.6632448,2.3273472
b,0.99,4,bcdb_merkle_s1024,7471.049682480389,8357.709987463435,0.8939110945087785,8.6677504,1.8536448
b,0.99,8,bcdb_merkle_s1024,9675.858732462506,10822.510822510823,0.8940493468795355,8.6693888,1.7209344
b,0.99,16,bcdb_merkle_s1024,11210.762331838565,13821.7000691085,0.8110986547085203,8.672256,1.713152
d,0.99,1,bcdb_det,3932.3633503735746,3932.3633503735746,1.0,7.375872,0.4622336
d,0.99,4,bcdb_det,8517.887563884156,8517.887563884156,1.0,7.3824256,0.4466688
d,0.99,8,bcdb_det,11191.94180190263,11191.94180190263,1.0,7.3920512,0.4386816
d,0.99,16,bcdb_det,13422.818791946309,13422.818791946309,1.0,7.397376,0.423936
d,0.99,1,bcdb_merkle,3159.55766192733,3932.3633503735746,0.8034755134281201,10.123264,2.7281408
d,0.99,4,bcdb_merkle,6437.07756678468,8517.887563884156,0.7557129063405215,10.11712,2.1583872
d,0.99,8,bcdb_merkle,7880.220646178093,11191.94180190263,0.7040977147360126,10.1353472,2.0185088
d,0.99,16,bcdb_merkle,9478.67298578199,13422.818791946309,0.7061611374407583,10.1296128,1.9904512
d,0.99,1,bcdb_merkle_s1024,3442.9333792391117,3932.3633503735746,0.8755379583405061,8.7586816,2.098176
d,0.99,4,bcdb_merkle_s1024,7228.044813877846,8517.887563884156,0.8485724611492591,8.777728,1.6642048
d,0.99,8,bcdb_merkle_s1024,9337.068160597571,11191.94180190263,0.834267040149393,8.7629824,1.55136
d,0.99,16,bcdb_merkle_s1024,11254.924029262802,13422.818791946309,0.8384918401800787,8.7619584,1.550336
f,0.99,1,bcdb_det,2013.2876988121602,2013.2876988121602,1.0,7.7156352,9.4062592
f,0.99,4,bcdb_det,3872.216844143272,3872.216844143272,1.0,7.6879872,7.8280704
f,0.99,8,bcdb_det,5275.6528620416775,5275.6528620416775,1.0,7.6752896,6.50752
f,0.99,16,bcdb_det,7499.062617172854,7499.062617172854,1.0,7.7056,5.6322048
f,0.99,1,bcdb_merkle,1298.532658096351,2013.2876988121602,0.6449811712764576,21.4124544,16.9189376
f,0.99,4,bcdb_merkle,2191.060473269062,3872.216844143272,0.5658413672217354,20.7296512,15.519744
f,0.99,8,bcdb_merkle,2683.4831611431637,5275.6528620416775,0.5086542331946867,20.61312,14.6855936
f,0.99,16,bcdb_merkle,3269.5765898316167,7499.062617172854,0.4359980382540461,20.6065664,13.6538112
f,0.99,1,bcdb_merkle_s1024,1549.5467575734099,2013.2876988121602,0.7696598744867127,11.831296,13.2784128
f,0.99,4,bcdb_merkle_s1024,2921.8407596785974,3872.216844143272,0.7545653761869978,11.8300672,11.6004864
f,0.99,8,bcdb_merkle_s1024,3954.1320680110716,5275.6528620416775,0.7495057334914986,11.843584,10.3585792
f,0.99,16,bcdb_merkle_s1024,5915.409642117716,7499.062617172854,0.7888198757763975,11.8534144,9.2547072
