section,workload,workers,trial,config,tps,divergence,permanent_failures,merkle_pass,run_id,source_report
YCSB-A,ycsb_workload_a_skew_0_00_20k.txt,8,1,default,8467.4,0,0,1,cluster4_20261008_105236_869f8b8a,CLUSTER_REPORT.md
YCSB-A,ycsb_workload_a_skew_0_00_20k.txt,4,1,default,5133.47,0,0,1,cluster4_20261008_105921_2e2dfa81,CLUSTER_REPORT.md
YCSB-A,ycsb_workload_a_skew_0_00_20k.txt,16,1,default,13689.25,0,0,1,cluster4_20261008_110013_3b1dab09,CLUSTER_REPORT.md
YCSB-A,ycsb_workload_a_skew_0_00_20k.txt,1,1,default,2597.74,0,0,1,cluster4_20261008_110105_fa30c38d,CLUSTER_REPORT.md
YCSB-A,ycsb_workload_a_skew_0_00_20k.txt,16,2,default,13633.27,0,0,1,cluster4_20261008_110203_07b189d8,CLUSTER_REPORT.md
YCSB-A,ycsb_workload_a_skew_0_00_20k.txt,8,2,default,8517.89,0,0,1,cluster4_20261008_110252_5b0dd01e,CLUSTER_REPORT.md
YCSB-A,ycsb_workload_a_skew_0_00_20k.txt,1,2,default,2630.54,0,0,1,cluster4_20261008_110346_936bf59a,CLUSTER_REPORT.md
YCSB-A,ycsb_workload_a_skew_0_00_20k.txt,4,2,default,5125.58,0,0,1,cluster4_20261008_110443_0491ebae,CLUSTER_REPORT.md
YCSB-A,ycsb_workload_a_skew_0_00_20k.txt,4,3,default,5129.52,0,0,1,cluster4_20261008_110540_85f2b411,CLUSTER_REPORT.md
YCSB-A,ycsb_workload_a_skew_0_00_20k.txt,16,3,default,13623.98,0,0,1,cluster4_20261008_110632_f057ea57,CLUSTER_REPORT.md
YCSB-A,ycsb_workload_a_skew_0_00_20k.txt,8,3,default,8528.78,0,0,1,cluster4_20261008_110724_e9f7ea47,CLUSTER_REPORT.md
YCSB-A,ycsb_workload_a_skew_0_00_20k.txt,1,3,default,2630.54,0,0,1,cluster4_20261008_110814_d9398d8b,CLUSTER_REPORT.md
YCSB-D,ycsb_workload_d_skew_0_99_20k.txt,16,1,default,23557.13,0,0,1,cluster4_20261008_111009_e7e76afa,CLUSTER_REPORT.md
YCSB-D,ycsb_workload_d_skew_0_99_20k.txt,16,2,default,24509.8,0,0,1,cluster4_20261008_111109_802095d6,CLUSTER_REPORT.md
merkle_startup,schema_bootstrap,16,1,default,,,,0,cluster4_detopt_merkle_startup_20261008,CLUSTER_REPORT.md
standalone_merkle_not_run,ariabc_kv_test,16,,,,,,,,CLUSTER_REPORT.md
recovery_A_not_run,ycsb_workload_a_skew_0_00_160k.txt,8,,,,,,,,CLUSTER_REPORT.md
recovery_C_not_run,ycsb_workload_a_skew_0_00_160k.txt,8,,,,,,,,CLUSTER_REPORT.md
YCSB-A,ycsb_workload_a_skew_0_00_20k.txt,16,1,default,13522.65,0,0,1,cluster4_20261008_112447_3486d873,CLUSTER_REPORT_2.md
YCSB-A,ycsb_workload_a_skew_0_00_20k.txt,16,1,nolookahead,13783.6,0,0,1,cluster4_20261008_113142_0965d69d,CLUSTER_REPORT_2.md
YCSB-A,ycsb_workload_a_skew_0_00_20k.txt,16,1,noev,14074.6,0,0,1,cluster4_20261008_113248_7e4f1a97,CLUSTER_REPORT_2.md
YCSB-A,ycsb_workload_a_skew_0_00_20k.txt,8,1,default,8481.76,0,0,1,cluster4_20261008_113353_56697f7e,CLUSTER_REPORT_2.md
YCSB-A,ycsb_workload_a_skew_0_00_20k.txt,8,1,nolookahead,8554.32,0,0,1,cluster4_20261008_113457_4c72dafc,CLUSTER_REPORT_2.md
YCSB-A,ycsb_workload_a_skew_0_00_20k.txt,8,1,noev,8631.85,0,0,1,cluster4_20261008_113605_72475c84,CLUSTER_REPORT_2.md
YCSB-A,ycsb_workload_a_skew_0_00_20k.txt,16,2,nolookahead,13661.2,0,0,1,cluster4_20261008_113714_bc97673f,CLUSTER_REPORT_2.md
YCSB-A,ycsb_workload_a_skew_0_00_20k.txt,16,2,noev,14104.37,0,0,1,cluster4_20261008_113821_e1878c54,CLUSTER_REPORT_2.md
YCSB-A,ycsb_workload_a_skew_0_00_20k.txt,16,2,default,13333.33,0,0,1,cluster4_20261008_113929_a3d13d70,CLUSTER_REPORT_2.md
YCSB-A,ycsb_workload_a_skew_0_00_20k.txt,8,2,nolookahead,8485.36,0,0,1,cluster4_20261008_114036_db47d1f4,CLUSTER_REPORT_2.md
YCSB-A,ycsb_workload_a_skew_0_00_20k.txt,8,2,noev,8624.41,0,0,1,cluster4_20261008_114141_930740df,CLUSTER_REPORT_2.md
YCSB-A,ycsb_workload_a_skew_0_00_20k.txt,8,2,default,8496.18,0,0,1,cluster4_20261008_114251_91f390cc,CLUSTER_REPORT_2.md
YCSB-A,ycsb_workload_a_skew_0_00_20k.txt,16,3,noev,13995.8,0,0,1,cluster4_20261008_114357_efcd406e,CLUSTER_REPORT_2.md
YCSB-A,ycsb_workload_a_skew_0_00_20k.txt,16,3,default,13559.32,0,0,1,cluster4_20261008_114502_966929c8,CLUSTER_REPORT_2.md
YCSB-A,ycsb_workload_a_skew_0_00_20k.txt,16,3,nolookahead,13802.62,0,0,1,cluster4_20261008_114609_2f9439b7,CLUSTER_REPORT_2.md
YCSB-A,ycsb_workload_a_skew_0_00_20k.txt,8,3,noev,8572.65,0,0,1,cluster4_20261008_114717_5663eb77,CLUSTER_REPORT_2.md
YCSB-A,ycsb_workload_a_skew_0_00_20k.txt,8,3,default,8442.38,0,0,1,cluster4_20261008_114826_cf2ca0b3,CLUSTER_REPORT_2.md
YCSB-A,ycsb_workload_a_skew_0_00_20k.txt,8,3,nolookahead,8503.4,0,0,1,cluster4_20261008_114934_eaaf7d67,CLUSTER_REPORT_2.md
merkle_startup_failed,schema_bootstrap,16,1,default,,,,0,cluster4_2_merkle_startup_20261008_115237_4f5d1189,CLUSTER_REPORT_2.md
recovery_A,ycsb_workload_a_skew_0_00_160k.txt,8,1,default,8824.18,0,0,1,cluster4_2_recovery_A_20261008_115302_d7cd8841,CLUSTER_REPORT_2.md
recovery_C,ycsb_workload_a_skew_0_00_160k.txt,8,1,default,,,,0,cluster4_2_recovery_C_20261008_115402_c30f719c,CLUSTER_REPORT_2.md
standalone_merkle,ariabc_kv_test,16,1,default,,,,1,cluster4_2_merkle_startup_retry_20261008_115800_190f0da9,CLUSTER_REPORT_2.md
recovery_C,ycsb_workload_a_skew_0_00_160k.txt,8,1,default,,,,0,cluster4_3_C_default_t1_20261008_122537,CLUSTER_REPORT_3.md
recovery_C,ycsb_workload_a_skew_0_00_160k.txt,8,1,noev,,,,0,cluster4_3_C_noev_t1_20261008_123340,CLUSTER_REPORT_3.md
recovery_C,ycsb_workload_a_skew_0_00_160k.txt,8,2,default,,,,0,cluster4_3_C_default_t2_20261008_123607,CLUSTER_REPORT_3.md
recovery_C,ycsb_workload_a_skew_0_00_160k.txt,8,2,noev,,,,0,cluster4_3_C_noev_t2_20261008_123844,CLUSTER_REPORT_3.md
recovery_A,ycsb_workload_a_skew_0_00_160k.txt,8,1,default,8823.69,0,0,1,cluster4_3_A_default_t1_20261008_124120,CLUSTER_REPORT_3.md
