cfg,W,workers,median,n,min,max
base,5,32,982.72,1,982.72,982.72
dd,5,32,976.5450000000001,2,975.61,977.48
ev,5,32,1176.3049999999998,2,1175.08,1177.53
nr,5,32,1182.35,3,1179.98,1187.3
all,5,32,1175.44,3,1173.85,1179.87
final,5,32,1174.145,4,1173.8,1176.32
settle,5,32,1181.385,2,1177.28,1185.49
base,30,32,2101.72,3,2088.0,2120.19
dd,30,32,2093.39,3,2092.98,2103.81
ev,30,32,2414.63,3,2402.58,2418.37
nr,30,32,2390.21,3,2388.16,2403.04
all,30,32,2371.56,3,2352.8,2392.27
final,30,32,2406.6099999999997,4,2371.45,2422.86
settle,30,32,2394.0,3,2381.94,2413.35
base,100,32,3106.98,3,3058.71,3126.93
dd,100,32,3110.715,4,3072.14,3146.58
ev,100,32,3256.32,3,3251.99,3314.82
nr,100,32,3274.955,4,3258.43,3312.63
all,100,32,3211.955,2,3170.55,3253.36
off,100,32,3099.76,1,3099.76,3099.76
final,100,32,3314.93,7,3257.82,3343.15
settle,100,32,3237.8050000000003,4,3185.99,3284.59
settleoff,100,32,3280.17,1,3280.17,3280.17
base,100,48,3133.12,3,3125.3,3142.89
nr,100,48,3694.51,2,3641.06,3747.96
final,100,48,3652.81,3,3627.13,3752.49
settle,100,48,3621.495,2,3602.88,3640.11
base,100,64,2873.9,3,2872.28,2941.48
nr,100,64,3476.83,3,3435.03,3574.15
