cfg,W,workers,trial,tps,f_await,w_await,fast_mode,state_ok,rc,divergence_count,permanent_failures,state,after_io_restart,source_line
base,5,32,1,391.58,,,False,True,0,0,0,fdb9545f1c588209,False,2
ev,5,32,1,1188.78,,,False,True,0,0,0,fdb9545f1c588209,False,4
dd,5,32,1,974.82,,,False,True,0,0,0,fdb9545f1c588209,False,6
base,5,32,11,523.07,5.45,4.25,False,True,0,0,0,fdb9545f1c588209,True,9
ev,5,32,11,915.46,3.35,1.56,False,True,0,0,0,fdb9545f1c588209,True,11
dd,5,32,11,412.34,7.99,6.57,False,True,0,0,0,fdb9545f1c588209,True,13
nr,5,32,11,1101.88,2.7,1.43,False,True,0,0,0,fdb9545f1c588209,True,15
all,5,32,11,1179.87,1.92,0.96,True,True,0,0,0,fdb9545f1c588209,True,17
off,5,32,11,267.29,9.98,4.82,False,True,0,0,0,fdb9545f1c588209,True,19
base,30,32,11,2088.0,1.98,0.7,True,True,0,0,0,dcb895e5961ab8e8,True,21
ev,30,32,11,2402.58,2.0,0.68,True,True,0,0,0,dcb895e5961ab8e8,True,23
dd,30,32,11,2103.81,1.96,0.69,True,True,0,0,0,dcb895e5961ab8e8,True,25
nr,30,32,11,2390.21,1.99,0.67,True,True,0,0,0,dcb895e5961ab8e8,True,27
all,30,32,11,2371.56,2.0,0.66,True,True,0,0,0,dcb895e5961ab8e8,True,29
off,30,32,11,641.39,6.57,4.54,False,True,0,0,0,dcb895e5961ab8e8,True,31
base,100,32,11,3058.71,2.04,0.55,True,True,0,0,0,e82921e1ebb1b7ab,True,33
ev,100,32,11,3314.82,2.05,0.54,True,True,0,0,0,e82921e1ebb1b7ab,True,35
dd,100,32,11,3072.14,2.03,0.55,True,True,0,0,0,e82921e1ebb1b7ab,True,37
nr,100,32,11,3258.43,2.04,0.54,True,True,0,0,0,e82921e1ebb1b7ab,True,39
all,100,32,11,3253.36,2.04,0.55,True,True,0,0,0,e82921e1ebb1b7ab,True,41
off,100,32,11,3099.76,2.05,0.55,True,True,0,0,0,e82921e1ebb1b7ab,True,43
ev,5,32,12,1175.08,1.92,0.96,True,True,0,0,0,fdb9545f1c588209,True,45
dd,5,32,12,977.48,1.9,0.97,True,True,0,0,0,fdb9545f1c588209,True,47
nr,5,32,12,1182.35,1.92,0.96,True,True,0,0,0,fdb9545f1c588209,True,49
all,5,32,12,1175.44,1.92,0.95,True,True,0,0,0,fdb9545f1c588209,True,51
base,5,32,12,559.62,6.78,3.01,False,True,0,0,0,fdb9545f1c588209,True,53
ev,30,32,12,2418.37,1.99,0.67,True,True,0,0,0,dcb895e5961ab8e8,True,55
dd,30,32,12,529.79,9.17,4.92,False,True,0,0,0,dcb895e5961ab8e8,True,57
nr,30,32,12,2388.16,2.0,0.67,True,True,0,0,0,dcb895e5961ab8e8,True,59
all,30,32,12,844.84,6.41,2.22,False,True,0,0,0,dcb895e5961ab8e8,True,61
base,30,32,12,2120.19,1.96,0.69,True,True,0,0,0,dcb895e5961ab8e8,True,63
ev,100,32,12,3256.32,2.04,0.54,True,True,0,0,0,e82921e1ebb1b7ab,True,65
dd,100,32,12,3137.54,2.01,0.54,True,True,0,0,0,e82921e1ebb1b7ab,True,67
nr,100,32,12,3312.63,2.04,0.55,True,True,0,0,0,e82921e1ebb1b7ab,True,69
all,100,32,12,979.92,9.18,3.28,False,True,0,0,0,e82921e1ebb1b7ab,True,71
base,100,32,12,3126.93,2.03,0.55,True,True,0,0,0,e82921e1ebb1b7ab,True,73
dd,5,32,13,975.61,1.91,0.98,True,True,0,0,0,fdb9545f1c588209,True,75
nr,5,32,13,1187.3,1.91,0.95,True,True,0,0,0,fdb9545f1c588209,True,77
all,5,32,13,1173.85,1.92,0.94,True,True,0,0,0,fdb9545f1c588209,True,79
base,5,32,13,663.88,4.43,2.39,False,True,0,0,0,fdb9545f1c588209,True,81
ev,5,32,13,545.41,7.71,3.43,False,True,0,0,0,fdb9545f1c588209,True,83
dd,30,32,13,2093.39,1.98,0.8,True,True,0,0,0,dcb895e5961ab8e8,True,85
nr,30,32,13,926.3,6.86,3.81,False,True,0,0,0,dcb895e5961ab8e8,True,87
all,30,32,13,2392.27,1.97,0.67,True,True,0,0,0,dcb895e5961ab8e8,True,89
base,30,32,13,2101.72,1.98,0.69,True,True,0,0,0,dcb895e5961ab8e8,True,91
ev,30,32,13,875.8,6.82,4.27,False,True,0,0,0,dcb895e5961ab8e8,True,93
dd,100,32,13,3083.89,2.04,0.55,True,True,0,0,0,e82921e1ebb1b7ab,True,95
nr,100,32,13,3271.17,2.06,0.54,True,True,0,0,0,e82921e1ebb1b7ab,True,97
all,100,32,13,1060.56,8.77,3.13,False,True,0,0,0,e82921e1ebb1b7ab,True,99
base,100,32,13,268.18,28.99,50.7,False,True,0,0,0,e82921e1ebb1b7ab,True,101
ev,100,32,13,722.04,7.86,6.73,False,True,0,0,0,e82921e1ebb1b7ab,True,103
nr,5,32,14,1179.98,1.93,0.97,True,True,0,0,0,fdb9545f1c588209,True,105
all,5,32,14,837.32,4.92,2.12,False,True,0,0,0,fdb9545f1c588209,True,107
base,5,32,14,982.72,1.92,0.97,True,True,0,0,0,fdb9545f1c588209,True,109
ev,5,32,14,1177.53,1.93,0.96,True,True,0,0,0,fdb9545f1c588209,True,111
dd,5,32,14,575.75,5.34,4.69,False,True,0,0,0,fdb9545f1c588209,True,113
nr,30,32,14,2403.04,1.99,0.68,True,True,0,0,0,dcb895e5961ab8e8,True,115
all,30,32,14,2352.8,1.99,0.67,True,True,0,0,0,dcb895e5961ab8e8,True,117
base,30,32,14,796.76,7.06,3.94,False,True,0,0,0,dcb895e5961ab8e8,True,119
ev,30,32,14,2414.63,1.99,0.66,True,True,0,0,0,dcb895e5961ab8e8,True,121
dd,30,32,14,2092.98,1.97,0.69,True,True,0,0,0,dcb895e5961ab8e8,True,123
nr,100,32,14,3278.74,2.04,0.54,True,True,0,0,0,e82921e1ebb1b7ab,True,125
all,100,32,14,3170.55,2.03,0.55,True,True,0,0,0,e82921e1ebb1b7ab,True,127
base,100,32,14,3106.98,2.04,0.56,True,True,0,0,0,e82921e1ebb1b7ab,True,129
ev,100,32,14,3251.99,2.03,0.54,True,True,0,0,0,e82921e1ebb1b7ab,True,131
dd,100,32,14,3146.58,2.03,0.55,True,True,0,0,0,e82921e1ebb1b7ab,True,133
base,100,64,21,2873.9,2.01,0.54,True,True,0,0,0,e82921e1ebb1b7ab,True,136
nr,100,64,21,3435.03,2.04,0.53,True,True,0,0,0,e82921e1ebb1b7ab,True,138
base,100,48,21,3125.3,2.04,0.54,True,True,0,0,0,e82921e1ebb1b7ab,True,140
nr,100,48,21,3747.96,2.05,0.53,True,True,0,0,0,e82921e1ebb1b7ab,True,142
base,100,64,22,2872.28,2.03,0.55,True,True,0,0,0,e82921e1ebb1b7ab,True,144
nr,100,64,22,3574.15,2.03,0.53,True,True,0,0,0,e82921e1ebb1b7ab,True,146
base,100,48,22,3142.89,2.02,0.54,True,True,0,0,0,e82921e1ebb1b7ab,True,148
nr,100,48,22,3641.06,2.02,0.52,True,True,0,0,0,e82921e1ebb1b7ab,True,150
base,100,64,23,2941.48,2.01,0.55,True,True,0,0,0,e82921e1ebb1b7ab,True,152
nr,100,64,23,3476.83,2.03,0.53,True,True,0,0,0,e82921e1ebb1b7ab,True,154
base,100,48,23,3133.12,2.03,0.54,True,True,0,0,0,e82921e1ebb1b7ab,True,156
nr,100,48,23,1367.58,6.63,1.79,False,True,0,0,0,e82921e1ebb1b7ab,True,158
final,5,32,31,1173.85,1.93,0.97,True,True,0,0,0,fdb9545f1c588209,True,161
final,30,32,31,2404.72,1.97,0.65,True,True,0,0,0,dcb895e5961ab8e8,True,163
final,100,32,31,3262.54,2.02,0.55,True,True,0,0,0,e82921e1ebb1b7ab,True,165
final,100,48,31,1749.96,5.81,4.25,False,True,0,0,0,e82921e1ebb1b7ab,True,167
final,5,32,32,660.13,6.41,2.83,False,True,0,0,0,fdb9545f1c588209,True,169
final,30,32,32,846.47,6.4,2.25,False,True,0,0,0,dcb895e5961ab8e8,True,171
final,100,32,32,3314.93,2.02,0.54,True,True,0,0,0,e82921e1ebb1b7ab,True,173
final,100,48,32,3627.13,2.04,0.52,True,True,0,0,0,e82921e1ebb1b7ab,True,175
settle,5,32,41,423.15,8.64,4.03,False,True,0,0,0,fdb9545f1c588209,True,178
final,5,32,41,1174.44,1.93,0.97,True,True,0,0,0,fdb9545f1c588209,True,180
settle,30,32,41,2394.0,1.99,0.67,True,True,0,0,0,dcb895e5961ab8e8,True,182
final,30,32,41,2408.5,2.0,0.67,True,True,0,0,0,dcb895e5961ab8e8,True,184
settle,100,32,41,3231.11,2.04,0.55,True,True,0,0,0,e82921e1ebb1b7ab,True,186
final,100,32,41,987.33,6.11,5.98,False,True,0,0,0,e82921e1ebb1b7ab,True,188
settle,5,32,42,1185.49,1.92,0.94,True,True,0,0,0,fdb9545f1c588209,True,190
final,5,32,42,1176.32,1.93,0.96,True,True,0,0,0,fdb9545f1c588209,True,192
settle,30,32,42,2381.94,2.0,0.66,True,True,0,0,0,dcb895e5961ab8e8,True,194
final,30,32,42,2422.86,1.99,0.67,True,True,0,0,0,dcb895e5961ab8e8,True,196
settle,100,32,42,3284.59,2.05,0.55,True,True,0,0,0,e82921e1ebb1b7ab,True,198
final,100,32,42,3333.56,2.03,0.54,True,True,0,0,0,e82921e1ebb1b7ab,True,200
settle,5,32,43,1177.28,1.93,0.96,True,True,0,0,0,fdb9545f1c588209,True,202
final,5,32,43,1173.8,1.92,0.96,True,True,0,0,0,fdb9545f1c588209,True,204
settle,30,32,43,2413.35,1.99,0.67,True,True,0,0,0,dcb895e5961ab8e8,True,206
final,30,32,43,2371.45,2.0,0.67,True,True,0,0,0,dcb895e5961ab8e8,True,208
settle,100,32,43,3185.99,2.04,0.55,True,True,0,0,0,e82921e1ebb1b7ab,True,210
final,100,32,43,3335.44,2.03,0.54,True,True,0,0,0,e82921e1ebb1b7ab,True,212
settle,100,48,41,3602.88,2.02,0.53,True,True,0,0,0,e82921e1ebb1b7ab,True,214
final,100,48,41,3752.49,2.02,0.53,True,True,0,0,0,e82921e1ebb1b7ab,True,216
settle,100,48,42,3640.11,2.03,0.52,True,True,0,0,0,e82921e1ebb1b7ab,True,218
final,100,48,42,3652.81,2.05,0.52,True,True,0,0,0,e82921e1ebb1b7ab,True,220
final,100,32,51,3343.15,2.04,0.54,True,True,0,0,0,e82921e1ebb1b7ab,True,223
settle,100,32,51,3244.5,2.04,0.56,True,True,0,0,0,e82921e1ebb1b7ab,True,225
settleoff,100,32,51,3280.17,2.03,0.54,True,True,0,0,0,e82921e1ebb1b7ab,True,227
final,100,32,52,1904.55,5.11,3.25,False,True,0,0,0,e82921e1ebb1b7ab,True,229
settle,100,32,52,1248.88,6.57,1.87,False,True,0,0,0,e82921e1ebb1b7ab,True,231
settleoff,100,32,52,1267.25,6.52,1.78,False,True,0,0,0,e82921e1ebb1b7ab,True,233
final,100,32,53,3257.82,2.04,0.54,True,True,0,0,0,e82921e1ebb1b7ab,True,235
settle,100,32,53,1266.05,6.21,2.35,False,True,0,0,0,e82921e1ebb1b7ab,True,237
settleoff,100,32,53,721.37,8.09,6.88,False,True,0,0,0,e82921e1ebb1b7ab,True,239
final,100,32,54,3284.76,2.04,0.56,True,True,0,0,0,e82921e1ebb1b7ab,True,241
settle,100,32,54,881.16,7.41,5.91,False,True,0,0,0,e82921e1ebb1b7ab,True,243
settleoff,100,32,54,2855.47,2.6,2.61,False,True,0,0,0,e82921e1ebb1b7ab,True,245
