t_ms,tps
0,200.0
100,180.0
200,190.0
300,9710.0
400,30420.0
500,8960.0
600,9100.0
700,8900.0
800,9150.0
900,9540.0
1000,8520.0
1100,9820.0
1200,8710.0
1300,8760.0
1400,9220.0
1500,8560.0
1600,8120.0
1700,8920.0
1800,8750.0
1900,9320.0
2000,8210.0
2100,8860.0
2200,9230.0
2300,8650.0
2400,9350.0
2500,8660.0
2600,9670.0
2700,8940.0
2800,9100.0
2900,9420.0
3000,8830.0
3100,7620.0
3200,9040.0
3300,9120.0
3400,8950.0
3500,8900.0
3600,9350.0
3700,8550.0
3800,9280.0
3900,8680.0
4000,9710.0
4100,9170.0
4200,9130.0
4300,9040.0
4400,9610.0
4500,9330.0
4600,7850.0
4700,9180.0
4800,8890.0
4900,10200.0
5000,9010.0
5100,8890.0
5200,9700.0
5300,9120.0
5400,9190.0
5500,7860.0
5600,9490.0
5700,8460.0
5800,9210.0
5900,9510.0
6000,8880.0
6100,9170.0
6200,8510.0
6300,8460.0
6400,8870.0
6500,8580.0
6600,9210.0
6700,8780.0
6800,7470.0
6900,8270.0
7000,7840.0
7100,9130.0
7200,8630.0
7300,8940.0
7400,8810.0
7500,9020.0
7600,8680.0
7700,8080.0
7800,9530.0
7900,8350.0
8000,9250.0
8100,8590.0
8200,8560.0
8300,9240.0
8400,8910.0
8500,9280.0
8600,7230.0
8700,8990.0
8800,8820.0
8900,8630.0
9000,9370.0
9100,8930.0
9200,9160.0
9300,8740.0
9400,8840.0
9500,8310.0
9600,9970.0
9700,9260.0
9800,8970.0
9900,8690.0
10000,9220.0
10100,7620.0
10200,9420.0
10300,8530.0
10400,9080.0
10500,8830.0
10600,9100.0
10700,8800.0
10800,9030.0
10900,8860.0
11000,9200.0
11100,8760.0
11200,9290.0
11300,8610.0
11400,8810.0
11500,9110.0
11600,7500.0
11700,9080.0
11800,9050.0
11900,9350.0
12000,8630.0
12100,8710.0
12200,9200.0
12300,8450.0
12400,9120.0
12500,8820.0
12600,8580.0
12700,9220.0
12800,8890.0
12900,9220.0
13000,8830.0
13100,7840.0
13200,9140.0
13300,9100.0
13400,9010.0
13500,9070.0
13600,8720.0
13700,9150.0
13800,9100.0
13900,9460.0
14000,8930.0
14100,9210.0
14200,9300.0
14300,8770.0
14400,8960.0
14500,9530.0
14600,7570.0
14700,9130.0
14800,8860.0
14900,9250.0
15000,9240.0
15100,8920.0
15200,9520.0
15300,8890.0
15400,9380.0
15500,9140.0
15600,7830.0
15700,40.0
15800,30.0
15900,0.0
16000,20.0
16100,20.0
16200,60.0
16300,40.0
16400,20.0
16500,40.0
16600,1050.0
16700,9690.0
16800,8130.0
16900,8860.0
17000,8050.0
17100,8920.0
17200,8670.0
17300,8340.0
17400,8710.0
17500,7280.0
17600,8890.0
17700,8560.0
17800,8640.0
17900,8530.0
18000,8430.0
18100,8970.0
18200,8400.0
18300,8790.0
18400,8220.0
18500,9030.0
18600,8550.0
18700,9050.0
18800,9780.0
18900,9040.0
19000,4250.0
