workload,skew,mode,workers,trial,total_queries,shared_buffers,db_rows,reset_time_ms,undo_restore_ms,wall_time_ms,wall_including_drains_ms,tps,completed_tps,device,device_window_ms,device_read_mib,device_write_mib,device_read_ios,device_write_ios,checkpoint_ms,checkpoint_write_ms,checkpoint_sync_ms,checkpoint_total_ms,checkpoint_sync_files,checkpoint_longest_sync_ms,checkpoint_write_mib,blks_read,blks_hit,hit_ratio_pct,blk_read_time_ms,blk_write_time_ms,buffers_backend,divergence_count,permanent_failures,validated_completed_queries,merkle_verify,workload_sha256,artifact_dir
a,0.0,pg,1,1,20000,32MB,100000000,592353.4884169931,0.0,19083,19083,1048.0532411046481,1048.03,/sys/devices/pci0000:00/0000:00:02.2/0000:23:00.0/nvme/nvme0/nvme0n1/nvme0n1p2,19148.263215989573,315.31640625,299.28515625,40251,28846,146.88454900169745,15.0,97.0,129.0,31,19.0,87.08203125,42767,129892,75.23036737152422,11159.305,82.49699999999939,10119,0,0,20000,N/A,7a031904b743e46ac36c81f8ee675141eec90f2831dd31f8788bed7a36bd1b83,/work/ARIABC/AriaBC/scripts/bench_full_results/fanout32_full_sweep/run_20260920_192445_39e71923/a_s0.0_pg_w1_t1
a,0.0,bcdb_det,1,1,20000,32MB,100000000,613202.997638,0.0,17445,17445,1146.4603038119806,1146.45,/sys/devices/pci0000:00/0000:00:02.2/0000:23:00.0/nvme/nvme0/nvme0n1/nvme0n1p2,17568.337766977493,315.6015625,292.50390625,40261,27997,6636.17812099983,727.0,5751.0,6619.0,31,1457.0,95.609375,43232,129474,74.96786446330759,9510.371999999996,84.77399999999943,10800,0,0,20000,N/A,7a031904b743e46ac36c81f8ee675141eec90f2831dd31f8788bed7a36bd1b83,/work/ARIABC/AriaBC/scripts/bench_full_results/fanout32_full_sweep/run_20260920_192445_39e71923/a_s0.0_bcdb_det_w1_t1
a,0.0,bcdb_merkle,1,1,20000,32MB,100000000,616832.0623320178,0.0,26666,26666,750.0187504687617,750.01,/sys/devices/pci0000:00/0000:00:02.2/0000:23:00.0/nvme/nvme0/nvme0n1/nvme0n1p2,26732.737095997436,662.24609375,506.7421875,80131,32504,1487.4784080020618,14.0,1191.0,1283.0,38,301.0,269.8671875,111912,496136,81.59487408888772,16989.822000000007,276.53800000000047,38177,0,0,20000,PASS,7a031904b743e46ac36c81f8ee675141eec90f2831dd31f8788bed7a36bd1b83,/work/ARIABC/AriaBC/scripts/bench_full_results/fanout32_full_sweep/run_20260920_192445_39e71923/a_s0.0_bcdb_merkle_w1_t1
a,0.0,pg,8,1,20000,32MB,100000000,608288.9580310148,0.0,9275,9275,2156.33423180593,2156.26,/sys/devices/pci0000:00/0000:00:02.2/0000:23:00.0/nvme/nvme0/nvme0n1/nvme0n1p2,9437.584461004008,314.87890625,234.27734375,40228,16949,1943.9151900005527,133.0,1767.0,1918.0,31,542.0,121.1875,42776,131041,75.39020924305447,47905.640999999996,159.50900000000001,14654,0,0,20000,N/A,7a031904b743e46ac36c81f8ee675141eec90f2831dd31f8788bed7a36bd1b83,/work/ARIABC/AriaBC/scripts/bench_full_results/fanout32_full_sweep/run_20260920_192445_39e71923/a_s0.0_pg_w8_t1
a,0.0,bcdb_det,8,1,20000,32MB,100000000,622518.7077189912,0.0,25175,25175,794.4389275074478,794.43,/sys/devices/pci0000:00/0000:00:02.2/0000:23:00.0/nvme/nvme0/nvme0n1/nvme0n1p2,25245.925409981282,315.875,264.0859375,40282,20062,494.0141440019943,16.0,345.0,380.0,31,219.0,89.96875,43343,131280,75.17910011854109,120527.282,99.28600000000006,10424,0,0,20000,N/A,7a031904b743e46ac36c81f8ee675141eec90f2831dd31f8788bed7a36bd1b83,/work/ARIABC/AriaBC/scripts/bench_full_results/fanout32_full_sweep/run_20260920_192445_39e71923/a_s0.0_bcdb_det_w8_t1
a,0.0,bcdb_merkle,8,1,20000,32MB,100000000,632908.5015000019,0.0,10737,10737,1862.7177051317872,1862.63,/sys/devices/pci0000:00/0000:00:02.2/0000:23:00.0/nvme/nvme0/nvme0n1/nvme0n1p2,10805.766473000403,661.984375,428.234375,80135,21223,6047.453221020987,153.0,5694.0,5925.0,38,2045.9999999999998,321.8359375,112016,499227,81.67406416106196,39446.348,378.35199999999895,45880,0,0,20000,PASS,7a031904b743e46ac36c81f8ee675141eec90f2831dd31f8788bed7a36bd1b83,/work/ARIABC/AriaBC/scripts/bench_full_results/fanout32_full_sweep/run_20260920_192445_39e71923/a_s0.0_bcdb_merkle_w8_t1
a,0.0,pg,16,1,20000,32MB,100000000,610546.1330800026,0.0,4404,4404,4541.326067211626,4541.1,/sys/devices/pci0000:00/0000:00:02.2/0000:23:00.0/nvme/nvme0/nvme0n1/nvme0n1p2,4499.7343749855645,314.890625,196.72265625,40224,9992,204.06812298460864,13.0,156.0,187.0,31,32.0,139.140625,42807,132649,75.6024302389203,36867.854,160.39799999999923,17072,0,0,20000,N/A,7a031904b743e46ac36c81f8ee675141eec90f2831dd31f8788bed7a36bd1b83,/work/ARIABC/AriaBC/scripts/bench_full_results/fanout32_full_sweep/run_20260920_192445_39e71923/a_s0.0_pg_w16_t1
a,0.0,bcdb_det,16,1,20000,32MB,100000000,653412.1907319932,0.0,5564,5564,3594.5363048166787,3594.38,/sys/devices/pci0000:00/0000:00:02.2/0000:23:00.0/nvme/nvme0/nvme0n1/nvme0n1p2,5628.6521420115605,314.8984375,197.76171875,40225,9668,242.48697099392302,16.0,191.0,226.0,31,33.0,135.44921875,43443,132660,75.33091429447539,43959.172,159.5689999999995,16263,0,0,20000,N/A,7a031904b743e46ac36c81f8ee675141eec90f2831dd31f8788bed7a36bd1b83,/work/ARIABC/AriaBC/scripts/bench_full_results/fanout32_full_sweep/run_20260920_192445_39e71923/a_s0.0_bcdb_det_w16_t1
a,0.0,bcdb_merkle,16,1,20000,32MB,100000000,638767.6681180019,0.0,11828,11828,1690.9029421711193,1690.86,/sys/devices/pci0000:00/0000:00:02.2/0000:23:00.0/nvme/nvme0/nvme0n1/nvme0n1p2,11935.626253020018,661.2265625,420.140625,80113,18659,2452.1744009980466,29.0,2291.0,2400.0,38,504.0,319.12890625,112241,502996,81.75646133116182,88506.39199999999,420.22400000000016,45220,0,0,20000,PASS,7a031904b743e46ac36c81f8ee675141eec90f2831dd31f8788bed7a36bd1b83,/work/ARIABC/AriaBC/scripts/bench_full_results/fanout32_full_sweep/run_20260920_192445_39e71923/a_s0.0_bcdb_merkle_w16_t1
a,0.99,pg,1,1,20000,32MB,100000000,645785.0907079992,0.0,15330,15330,1304.631441617743,1304.55,/sys/devices/pci0000:00/0000:00:02.2/0000:23:00.0/nvme/nvme0/nvme0n1/nvme0n1p2,15394.214389001718,134.77734375,194.60546875,16699,25927,172.34321899013594,20.0,30.0,63.0,31,5.0,30.03125,19470,124098,86.43848211300569,5804.945999999996,15.333999999998923,2096,0,0,20000,N/A,a3f07805d1b15666b9ef9ce62daa7f441b622c08d151bc1c8d5ab67cfc97559b,/work/ARIABC/AriaBC/scripts/bench_full_results/fanout32_full_sweep/run_20260920_192445_39e71923/a_s0.99_pg_w1_t1
a,0.99,bcdb_det,1,1,20000,32MB,100000000,614670.0149720127,0.0,15348,15348,1303.1013812874642,1303.08,/sys/devices/pci0000:00/0000:00:02.2/0000:23:00.0/nvme/nvme0/nvme0n1/nvme0n1p2,15455.5485159799,135.484375,188.35546875,16732,25151,84.44386601331644,22.0,35.0,68.0,31,6.0,34.65625,19522,128905,86.8474064691734,5948.807000000001,18.94999999999891,2520,0,0,20000,N/A,a3f07805d1b15666b9ef9ce62daa7f441b622c08d151bc1c8d5ab67cfc97559b,/work/ARIABC/AriaBC/scripts/bench_full_results/fanout32_full_sweep/run_20260920_192445_39e71923/a_s0.99_bcdb_det_w1_t1
a,0.99,bcdb_merkle,1,1,20000,32MB,100000000,602224.9024060147,0.0,17849,17849,1120.5109529945655,1120.48,/sys/devices/pci0000:00/0000:00:02.2/0000:23:00.0/nvme/nvme0/nvme0n1/nvme0n1p2,17939.650683983928,381.4453125,330.23828125,45272,27972,1837.7898769977037,21.0,1694.0,1753.0,38,725.0,153.58203125,65450,446774,87.22238708065221,8641.630000000005,162.75,23654,0,0,20000,PASS,a3f07805d1b15666b9ef9ce62daa7f441b622c08d151bc1c8d5ab67cfc97559b,/work/ARIABC/AriaBC/scripts/bench_full_results/fanout32_full_sweep/run_20260920_192445_39e71923/a_s0.99_bcdb_merkle_w1_t1
a,0.99,pg,8,1,20000,32MB,100000000,611118.6714490177,0.0,7159,7159,2793.6862690319876,2793.41,/sys/devices/pci0000:00/0000:00:02.2/0000:23:00.0/nvme/nvme0/nvme0n1/nvme0n1p2,7288.029502989957,134.85546875,127.82421875,16717,11985,97.94634897843935,18.0,51.0,81.0,31,13.0,48.32421875,19487,126287,86.6320468670682,26466.735000000008,54.766999999999825,5074,0,0,20000,N/A,a3f07805d1b15666b9ef9ce62daa7f441b622c08d151bc1c8d5ab67cfc97559b,/work/ARIABC/AriaBC/scripts/bench_full_results/fanout32_full_sweep/run_20260920_192445_39e71923/a_s0.99_pg_w8_t1
a,0.99,bcdb_det,8,1,20000,32MB,100000000,594447.3773349891,0.0,25333,25333,789.4840721588442,789.47,/sys/devices/pci0000:00/0000:00:02.2/0000:23:00.0/nvme/nvme0/nvme0n1/nvme0n1p2,25454.566288011847,135.22265625,146.80859375,16724,15094,346.6984480037354,262.0,54.0,330.0,31,12.0,38.39453125,19544,131670,87.0752708082585,67168.794,27.552999999999884,3331,0,0,20000,N/A,a3f07805d1b15666b9ef9ce62daa7f441b622c08d151bc1c8d5ab67cfc97559b,/work/ARIABC/AriaBC/scripts/bench_full_results/fanout32_full_sweep/run_20260920_192445_39e71923/a_s0.99_bcdb_det_w8_t1
a,0.99,bcdb_merkle,8,1,20000,32MB,100000000,572058.8305000002,0.0,7642,7642,2617.115938236064,2616.97,/sys/devices/pci0000:00/0000:00:02.2/0000:23:00.0/nvme/nvme0/nvme0n1/nvme0n1p2,7711.1028369999985,380.8515625,277.0625,45261,19679,2730.672784000035,17.0,2642.0,2712.0,38,1176.0,181.09765625,65405,468244,87.74381662853298,19770.719000000005,218.47099999999955,28290,0,0,20000,PASS,a3f07805d1b15666b9ef9ce62daa7f441b622c08d151bc1c8d5ab67cfc97559b,/work/ARIABC/AriaBC/scripts/bench_full_results/fanout32_full_sweep/run_20260920_192445_39e71923/a_s0.99_bcdb_merkle_w8_t1
a,0.99,pg,16,1,20000,32MB,100000000,593024.7867130002,0.0,3606,3606,5546.311702717693,5544.99,/sys/devices/pci0000:00/0000:00:02.2/0000:23:00.0/nvme/nvme0/nvme0n1/nvme0n1p2,3693.676521999805,135.296875,103.1875,16714,7131,1010.2133859995774,207.0,758.0,991.0,31,246.0,57.55078125,19528,130018,86.94181054658767,21579.143000000004,70.28899999999885,6403,0,0,20000,N/A,a3f07805d1b15666b9ef9ce62daa7f441b622c08d151bc1c8d5ab67cfc97559b,/work/ARIABC/AriaBC/scripts/bench_full_results/fanout32_full_sweep/run_20260920_192445_39e71923/a_s0.99_pg_w16_t1
a,0.99,bcdb_det,16,1,20000,32MB,100000000,614770.8648130001,0.0,3985,3985,5018.820577164366,5017.8,/sys/devices/pci0000:00/0000:00:02.2/0000:23:00.0/nvme/nvme0/nvme0n1/nvme0n1p2,4053.5181929999453,134.9453125,109.625,16715,8388,986.5765669997018,224.0,688.0,954.0,31,238.0,54.875,19603,135166,87.33402684000026,14203.943,53.818999999999505,5837,0,0,20000,N/A,a3f07805d1b15666b9ef9ce62daa7f441b622c08d151bc1c8d5ab67cfc97559b,/work/ARIABC/AriaBC/scripts/bench_full_results/fanout32_full_sweep/run_20260920_192445_39e71923/a_s0.99_bcdb_det_w16_t1
a,0.99,bcdb_merkle,16,1,20000,32MB,100000000,611481.3368060004,0.0,7535,7535,2654.2800265428004,2654.21,/sys/devices/pci0000:00/0000:00:02.2/0000:23:00.0/nvme/nvme0/nvme0n1/nvme0n1p2,7605.075658000715,381.625,264.15234375,45330,16121,3330.08759599943,192.0,3065.0,3310.0,38,1210.0,179.34765625,65414,479196,87.98883604781403,35867.918,235.04299999999967,28077,0,0,20000,PASS,a3f07805d1b15666b9ef9ce62daa7f441b622c08d151bc1c8d5ab67cfc97559b,/work/ARIABC/AriaBC/scripts/bench_full_results/fanout32_full_sweep/run_20260920_192445_39e71923/a_s0.99_bcdb_merkle_w16_t1
