build,split,round,clients,tps,retries,tx,wal_bytes,isolation
base,32,1,1,1611.1,0,72498,755030816,serializable
base,32,1,8,5885.0,672,264827,1553317888,serializable
opt,32,1,1,1622.7,0,73021,765701920,serializable
opt,32,1,8,7898.8,1273,355448,2054881280,serializable
base,1024,1,1,2251.7,0,101328,629680136,serializable
base,1024,1,8,11091.5,1075,499118,1988608000,serializable
opt,1024,1,1,1713.3,0,77100,530029968,serializable
opt,1024,1,8,11112.9,1093,500080,1997168640,serializable
base,32,2,1,1555.6,0,70004,717235048,serializable
base,32,2,8,7824.5,616,352103,2056749056,serializable
opt,32,2,1,1599.7,0,71987,734300696,serializable
opt,32,2,8,7661.4,578,344762,2009964544,serializable
base,1024,2,1,2144.8,0,96516,577306760,serializable
base,1024,2,8,10677.7,452,480496,1922244608,serializable
opt,1024,2,1,2236.0,0,100620,584949704,serializable
opt,1024,2,8,10764.2,380,484388,1890877440,serializable
base,32,3,1,1565.1,0,70430,718793024,serializable
base,32,3,8,7558.0,598,340108,1983619072,serializable
opt,32,3,1,1607.5,0,72338,729956048,serializable
opt,32,3,8,7725.4,590,347645,2025545728,serializable
base,1024,3,1,2160.9,0,97242,573260080,serializable
base,1024,3,8,10776.9,425,484961,1942757376,serializable
opt,1024,3,1,2300.0,0,103502,588563624,serializable
opt,1024,3,8,11071.9,403,498235,1950531584,serializable
