audit_merkle_root_hash_calls,audit_merkle_verify_calls,audit_mode,audit_user_table_seq_scan_delta,audit_validation_ms,audit_validation_positive,audit_validation_skipped,bad_leaf_count,bad_partition_count,batch_plan_actual_k_index_used,candidate_fetch_batches,candidate_fetch_sql_calls,candidate_leaf_buckets_requested,candidate_rows_fetched,candidate_rows_fetched_alias,child_hash_nodes_read,child_hash_sql_calls,cleanup_ms,confirmation_fetch_batches,confirmation_fetch_sql_calls,confirmation_leaf_buckets_requested,confirmation_rows_fetched,corrupted_tuple_count,corruption_mode,damaged_candidate_rows,end_to_end_covers_paper_and_audit,end_to_end_observed_ms,experiment,fanout,full_audit_skipped,healthy_candidate_rows,leaf_fetch_chunk_size,leaf_lookup_sql_calls,leaf_nodes_found,localisation_index_stats_available,localisation_index_stats_error,localisation_stats_flush_wait_ms,localisation_stats_probe_ms,manifest_sha256,mean_rows_per_bad_leaf,merge_threshold,method,p95_rows_per_bad_leaf,paper_end_before_audit_start,paper_style_total_ms,paper_total_ms,partition_root_batches,partition_root_batches_ok,partition_root_hash_sql_calls,partition_root_nodes_read,partition_subtree_nodes_read,partition_subtree_sql_calls,planner_checked_leaf_count,planner_checks_passed,profile_label,profiling_mode,recovery_only_ms,recovery_user_table_seq_scan_delta,repetition,restore_repair_ms,rows_deleted,rows_inserted,rows_updated,run_id,schema_fidelity_ok,selected_bad_leaf_row_capacity,split_threshold,targeted_confirmation_root_batches,targeted_confirmation_root_nodes_read,total_candidate_rows,total_ms,total_rows_repaired,tree_nodes_visited,tuple_count,valid,warning
0,0,skip,0,0.0,0,1,75,55,1,4,4,150,830,830,8256,4,3.101,0,0,0,0,300,mixed,415,1,180.101,size-scaling-k75-c300,32,1,415,64,4,75,0,"only '%s', '%b', '%t' are allowed as placeholders, got '%''",0.0,0.0,b29ff65fcdcd675ee36c819b35cb1226e963a12dfa47e707001db8ed030e45bb,11.066666666666666,8,merkle,17.0,1,176.411,176.411,1,1,2,400,8256,4,75,1,fanout_f32_l16,off,176.411,0,0,176.411,100,100,100,size-scaling-k75-c300-n1000000-f32-k75-c300-fanout_f32_l16-merkle-r0,1,415,32,1,110,830,180.101,300,4128,1000000,1,
0,0,skip,0,0.0,0,1,75,55,1,4,4,150,830,830,8256,4,3.082,0,0,0,0,300,mixed,415,1,159.909,size-scaling-k75-c300,32,1,415,64,4,75,0,"only '%s', '%b', '%t' are allowed as placeholders, got '%''",0.0,0.0,b29ff65fcdcd675ee36c819b35cb1226e963a12dfa47e707001db8ed030e45bb,11.066666666666666,8,merkle,17.0,1,156.233,156.233,1,1,2,400,8256,4,75,1,fanout_f32_l16,off,156.233,0,1,156.233,100,100,100,size-scaling-k75-c300-n1000000-f32-k75-c300-fanout_f32_l16-merkle-r1,1,415,32,1,110,830,159.909,300,4128,1000000,1,
0,0,skip,0,0.0,0,1,75,55,1,4,4,150,830,830,8256,4,3.091,0,0,0,0,300,mixed,415,1,172.708,size-scaling-k75-c300,32,1,415,64,4,75,0,"only '%s', '%b', '%t' are allowed as placeholders, got '%''",0.0,0.0,b29ff65fcdcd675ee36c819b35cb1226e963a12dfa47e707001db8ed030e45bb,11.066666666666666,8,merkle,17.0,1,169.032,169.032,1,1,2,400,8256,4,75,1,fanout_f32_l16,off,169.032,0,2,169.032,100,100,100,size-scaling-k75-c300-n1000000-f32-k75-c300-fanout_f32_l16-merkle-r2,1,415,32,1,110,830,172.708,300,4128,1000000,1,
0,0,skip,0,0.0,0,1,75,55,1,4,4,150,830,830,8256,4,3.071,0,0,0,0,300,mixed,415,1,161.898,size-scaling-k75-c300,32,1,415,64,4,75,0,"only '%s', '%b', '%t' are allowed as placeholders, got '%''",0.0,0.0,b29ff65fcdcd675ee36c819b35cb1226e963a12dfa47e707001db8ed030e45bb,11.066666666666666,8,merkle,17.0,1,158.230,158.230,1,1,2,400,8256,4,75,1,fanout_f32_l16,off,158.230,0,3,158.230,100,100,100,size-scaling-k75-c300-n1000000-f32-k75-c300-fanout_f32_l16-merkle-r3,1,415,32,1,110,830,161.898,300,4128,1000000,1,
0,0,skip,0,0.0,0,1,75,55,1,4,4,150,830,830,8256,4,3.097,0,0,0,0,300,mixed,415,1,176.433,size-scaling-k75-c300,32,1,415,64,4,75,0,"only '%s', '%b', '%t' are allowed as placeholders, got '%''",0.0,0.0,b29ff65fcdcd675ee36c819b35cb1226e963a12dfa47e707001db8ed030e45bb,11.066666666666666,8,merkle,17.0,1,172.746,172.746,1,1,2,400,8256,4,75,1,fanout_f32_l16,off,172.746,0,4,172.746,100,100,100,size-scaling-k75-c300-n1000000-f32-k75-c300-fanout_f32_l16-merkle-r4,1,415,32,1,110,830,176.433,300,4128,1000000,1,
0,0,skip,0,0.0,0,1,75,55,1,4,4,150,830,830,8256,4,3.073,0,0,0,0,300,mixed,415,1,159.856,size-scaling-k75-c300,32,1,415,64,4,75,0,"only '%s', '%b', '%t' are allowed as placeholders, got '%''",0.0,0.0,b29ff65fcdcd675ee36c819b35cb1226e963a12dfa47e707001db8ed030e45bb,11.066666666666666,8,merkle,17.0,1,156.197,156.197,1,1,2,400,8256,4,75,1,fanout_f32_l16,off,156.197,0,5,156.197,100,100,100,size-scaling-k75-c300-n1000000-f32-k75-c300-fanout_f32_l16-merkle-r5,1,415,32,1,110,830,159.856,300,4128,1000000,1,
0,0,skip,0,0.0,0,1,75,55,1,4,4,150,830,830,8256,4,3.119,0,0,0,0,300,mixed,415,1,171.324,size-scaling-k75-c300,32,1,415,64,4,75,0,"only '%s', '%b', '%t' are allowed as placeholders, got '%''",0.0,0.0,b29ff65fcdcd675ee36c819b35cb1226e963a12dfa47e707001db8ed030e45bb,11.066666666666666,8,merkle,17.0,1,167.613,167.613,1,1,2,400,8256,4,75,1,fanout_f32_l16,off,167.613,0,6,167.613,100,100,100,size-scaling-k75-c300-n1000000-f32-k75-c300-fanout_f32_l16-merkle-r6,1,415,32,1,110,830,171.324,300,4128,1000000,1,
0,0,skip,0,0.0,0,1,75,55,1,4,4,150,830,830,8256,4,3.053,0,0,0,0,300,mixed,415,1,160.885,size-scaling-k75-c300,32,1,415,64,4,75,0,"only '%s', '%b', '%t' are allowed as placeholders, got '%''",0.0,0.0,b29ff65fcdcd675ee36c819b35cb1226e963a12dfa47e707001db8ed030e45bb,11.066666666666666,8,merkle,17.0,1,157.249,157.249,1,1,2,400,8256,4,75,1,fanout_f32_l16,off,157.249,0,7,157.249,100,100,100,size-scaling-k75-c300-n1000000-f32-k75-c300-fanout_f32_l16-merkle-r7,1,415,32,1,110,830,160.885,300,4128,1000000,1,
0,0,skip,0,0.0,0,1,75,55,1,4,4,150,830,830,8256,4,3.053,0,0,0,0,300,mixed,415,1,184.983,size-scaling-k75-c300,32,1,415,64,4,75,0,"only '%s', '%b', '%t' are allowed as placeholders, got '%''",0.0,0.0,b29ff65fcdcd675ee36c819b35cb1226e963a12dfa47e707001db8ed030e45bb,11.066666666666666,8,merkle,17.0,1,181.353,181.353,1,1,2,400,8256,4,75,1,fanout_f32_l16,off,181.353,0,8,181.353,100,100,100,size-scaling-k75-c300-n1000000-f32-k75-c300-fanout_f32_l16-merkle-r8,1,415,32,1,110,830,184.983,300,4128,1000000,1,
0,0,skip,0,0.0,0,1,75,55,1,4,4,150,830,830,8256,4,3.045,0,0,0,0,300,mixed,415,1,164.543,size-scaling-k75-c300,32,1,415,64,4,75,0,"only '%s', '%b', '%t' are allowed as placeholders, got '%''",0.0,0.0,b29ff65fcdcd675ee36c819b35cb1226e963a12dfa47e707001db8ed030e45bb,11.066666666666666,8,merkle,17.0,1,160.915,160.915,1,1,2,400,8256,4,75,1,fanout_f32_l16,off,160.915,0,9,160.915,100,100,100,size-scaling-k75-c300-n1000000-f32-k75-c300-fanout_f32_l16-merkle-r9,1,415,32,1,110,830,164.543,300,4128,1000000,1,
0,0,skip,0,0.0,0,1,75,63,1,4,4,150,2150,2150,8832,4,1.732,0,0,0,0,300,mixed,1075,1,101.208,size-scaling-k75-c300,32,1,1075,64,4,75,0,"only '%s', '%b', '%t' are allowed as placeholders, got '%''",0.0,0.0,475ca8a663943181efecf2b23444f1c1bb456fd43f0456a15598c4db0b9fed99,28.666666666666668,8,merkle,42.0,1,89.062,89.062,1,1,2,400,8832,4,75,1,fanout_f32_l16,off,89.062,0,0,89.062,100,100,100,size-scaling-k75-c300-n3000000-f32-k75-c300-fanout_f32_l16-merkle-r0,1,1075,32,1,126,2150,101.208,300,4416,3000000,1,
0,0,skip,0,0.0,0,1,75,63,1,4,4,150,2150,2150,8832,4,1.314,0,0,0,0,300,mixed,1075,1,85.331,size-scaling-k75-c300,32,1,1075,64,4,75,0,"only '%s', '%b', '%t' are allowed as placeholders, got '%''",0.0,0.0,475ca8a663943181efecf2b23444f1c1bb456fd43f0456a15598c4db0b9fed99,28.666666666666668,8,merkle,42.0,1,83.758,83.758,1,1,2,400,8832,4,75,1,fanout_f32_l16,off,83.758,0,1,83.758,100,100,100,size-scaling-k75-c300-n3000000-f32-k75-c300-fanout_f32_l16-merkle-r1,1,1075,32,1,126,2150,85.331,300,4416,3000000,1,
0,0,skip,0,0.0,0,1,75,63,1,4,4,150,2150,2150,8832,4,1.293,0,0,0,0,300,mixed,1075,1,84.701,size-scaling-k75-c300,32,1,1075,64,4,75,0,"only '%s', '%b', '%t' are allowed as placeholders, got '%''",0.0,0.0,475ca8a663943181efecf2b23444f1c1bb456fd43f0456a15598c4db0b9fed99,28.666666666666668,8,merkle,42.0,1,83.154,83.154,1,1,2,400,8832,4,75,1,fanout_f32_l16,off,83.154,0,2,83.154,100,100,100,size-scaling-k75-c300-n3000000-f32-k75-c300-fanout_f32_l16-merkle-r2,1,1075,32,1,126,2150,84.701,300,4416,3000000,1,
0,0,skip,0,0.0,0,1,75,63,1,4,4,150,2150,2150,8832,4,1.330,0,0,0,0,300,mixed,1075,1,85.369,size-scaling-k75-c300,32,1,1075,64,4,75,0,"only '%s', '%b', '%t' are allowed as placeholders, got '%''",0.0,0.0,475ca8a663943181efecf2b23444f1c1bb456fd43f0456a15598c4db0b9fed99,28.666666666666668,8,merkle,42.0,1,83.786,83.786,1,1,2,400,8832,4,75,1,fanout_f32_l16,off,83.786,0,3,83.786,100,100,100,size-scaling-k75-c300-n3000000-f32-k75-c300-fanout_f32_l16-merkle-r3,1,1075,32,1,126,2150,85.369,300,4416,3000000,1,
0,0,skip,0,0.0,0,1,75,63,1,4,4,150,2150,2150,8832,4,1.340,0,0,0,0,300,mixed,1075,1,94.594,size-scaling-k75-c300,32,1,1075,64,4,75,0,"only '%s', '%b', '%t' are allowed as placeholders, got '%''",0.0,0.0,475ca8a663943181efecf2b23444f1c1bb456fd43f0456a15598c4db0b9fed99,28.666666666666668,8,merkle,42.0,1,82.875,82.875,1,1,2,400,8832,4,75,1,fanout_f32_l16,off,82.875,0,4,82.875,100,100,100,size-scaling-k75-c300-n3000000-f32-k75-c300-fanout_f32_l16-merkle-r4,1,1075,32,1,126,2150,94.594,300,4416,3000000,1,
0,0,skip,0,0.0,0,1,75,63,1,4,4,150,2150,2150,8832,4,1.296,0,0,0,0,300,mixed,1075,1,84.616,size-scaling-k75-c300,32,1,1075,64,4,75,0,"only '%s', '%b', '%t' are allowed as placeholders, got '%''",0.0,0.0,475ca8a663943181efecf2b23444f1c1bb456fd43f0456a15598c4db0b9fed99,28.666666666666668,8,merkle,42.0,1,83.063,83.063,1,1,2,400,8832,4,75,1,fanout_f32_l16,off,83.063,0,5,83.063,100,100,100,size-scaling-k75-c300-n3000000-f32-k75-c300-fanout_f32_l16-merkle-r5,1,1075,32,1,126,2150,84.616,300,4416,3000000,1,
0,0,skip,0,0.0,0,1,75,63,1,4,4,150,2150,2150,8832,4,1.298,0,0,0,0,300,mixed,1075,1,84.087,size-scaling-k75-c300,32,1,1075,64,4,75,0,"only '%s', '%b', '%t' are allowed as placeholders, got '%''",0.0,0.0,475ca8a663943181efecf2b23444f1c1bb456fd43f0456a15598c4db0b9fed99,28.666666666666668,8,merkle,42.0,1,82.534,82.534,1,1,2,400,8832,4,75,1,fanout_f32_l16,off,82.534,0,6,82.534,100,100,100,size-scaling-k75-c300-n3000000-f32-k75-c300-fanout_f32_l16-merkle-r6,1,1075,32,1,126,2150,84.087,300,4416,3000000,1,
0,0,skip,0,0.0,0,1,75,63,1,4,4,150,2150,2150,8832,4,1.311,0,0,0,0,300,mixed,1075,1,85.095,size-scaling-k75-c300,32,1,1075,64,4,75,0,"only '%s', '%b', '%t' are allowed as placeholders, got '%''",0.0,0.0,475ca8a663943181efecf2b23444f1c1bb456fd43f0456a15598c4db0b9fed99,28.666666666666668,8,merkle,42.0,1,83.524,83.524,1,1,2,400,8832,4,75,1,fanout_f32_l16,off,83.524,0,7,83.524,100,100,100,size-scaling-k75-c300-n3000000-f32-k75-c300-fanout_f32_l16-merkle-r7,1,1075,32,1,126,2150,85.095,300,4416,3000000,1,
0,0,skip,0,0.0,0,1,75,63,1,4,4,150,2150,2150,8832,4,1.299,0,0,0,0,300,mixed,1075,1,84.401,size-scaling-k75-c300,32,1,1075,64,4,75,0,"only '%s', '%b', '%t' are allowed as placeholders, got '%''",0.0,0.0,475ca8a663943181efecf2b23444f1c1bb456fd43f0456a15598c4db0b9fed99,28.666666666666668,8,merkle,42.0,1,82.848,82.848,1,1,2,400,8832,4,75,1,fanout_f32_l16,off,82.848,0,8,82.848,100,100,100,size-scaling-k75-c300-n3000000-f32-k75-c300-fanout_f32_l16-merkle-r8,1,1075,32,1,126,2150,84.401,300,4416,3000000,1,
0,0,skip,0,0.0,0,1,75,63,1,4,4,150,2150,2150,8832,4,1.304,0,0,0,0,300,mixed,1075,1,95.846,size-scaling-k75-c300,32,1,1075,64,4,75,0,"only '%s', '%b', '%t' are allowed as placeholders, got '%''",0.0,0.0,475ca8a663943181efecf2b23444f1c1bb456fd43f0456a15598c4db0b9fed99,28.666666666666668,8,merkle,42.0,1,94.280,94.280,1,1,2,400,8832,4,75,1,fanout_f32_l16,off,94.280,0,9,94.280,100,100,100,size-scaling-k75-c300-n3000000-f32-k75-c300-fanout_f32_l16-merkle-r9,1,1075,32,1,126,2150,95.846,300,4416,3000000,1,
0,0,skip,0,0.0,0,1,75,61,1,4,4,150,3442,3442,9024,6,3.073,0,0,0,0,300,mixed,1721,1,185.954,size-scaling-k75-c300,32,1,1721,64,4,75,0,"only '%s', '%b', '%t' are allowed as placeholders, got '%''",0.0,0.0,6a8656a97e60ae7f575931a7268423ac57a8dbb9109ffca0c01cc1be9b5b710d,45.89333333333333,8,merkle,62.0,1,182.314,182.314,1,1,2,400,9024,6,75,1,fanout_f32_l16,off,182.314,0,0,182.314,100,100,100,size-scaling-k75-c300-n5000000-f32-k75-c300-fanout_f32_l16-merkle-r0,1,1721,32,1,122,3442,185.954,300,4512,5000000,1,
0,0,skip,0,0.0,0,1,75,61,1,4,4,150,3442,3442,9024,6,3.061,0,0,0,0,300,mixed,1721,1,205.251,size-scaling-k75-c300,32,1,1721,64,4,75,0,"only '%s', '%b', '%t' are allowed as placeholders, got '%''",0.0,0.0,6a8656a97e60ae7f575931a7268423ac57a8dbb9109ffca0c01cc1be9b5b710d,45.89333333333333,8,merkle,62.0,1,191.465,191.465,1,1,2,400,9024,6,75,1,fanout_f32_l16,off,191.465,0,1,191.465,100,100,100,size-scaling-k75-c300-n5000000-f32-k75-c300-fanout_f32_l16-merkle-r1,1,1721,32,1,122,3442,205.251,300,4512,5000000,1,
0,0,skip,0,0.0,0,1,75,61,1,4,4,150,3442,3442,9024,6,3.035,0,0,0,0,300,mixed,1721,1,196.660,size-scaling-k75-c300,32,1,1721,64,4,75,0,"only '%s', '%b', '%t' are allowed as placeholders, got '%''",0.0,0.0,6a8656a97e60ae7f575931a7268423ac57a8dbb9109ffca0c01cc1be9b5b710d,45.89333333333333,8,merkle,62.0,1,193.045,193.045,1,1,2,400,9024,6,75,1,fanout_f32_l16,off,193.045,0,2,193.045,100,100,100,size-scaling-k75-c300-n5000000-f32-k75-c300-fanout_f32_l16-merkle-r2,1,1721,32,1,122,3442,196.660,300,4512,5000000,1,
0,0,skip,0,0.0,0,1,75,61,1,4,4,150,3442,3442,9024,6,3.056,0,0,0,0,300,mixed,1721,1,215.207,size-scaling-k75-c300,32,1,1721,64,4,75,0,"only '%s', '%b', '%t' are allowed as placeholders, got '%''",0.0,0.0,6a8656a97e60ae7f575931a7268423ac57a8dbb9109ffca0c01cc1be9b5b710d,45.89333333333333,8,merkle,62.0,1,201.415,201.415,1,1,2,400,9024,6,75,1,fanout_f32_l16,off,201.415,0,3,201.415,100,100,100,size-scaling-k75-c300-n5000000-f32-k75-c300-fanout_f32_l16-merkle-r3,1,1721,32,1,122,3442,215.207,300,4512,5000000,1,
0,0,skip,0,0.0,0,1,75,61,1,4,4,150,3442,3442,9024,6,3.001,0,0,0,0,300,mixed,1721,1,196.404,size-scaling-k75-c300,32,1,1721,64,4,75,0,"only '%s', '%b', '%t' are allowed as placeholders, got '%''",0.0,0.0,6a8656a97e60ae7f575931a7268423ac57a8dbb9109ffca0c01cc1be9b5b710d,45.89333333333333,8,merkle,62.0,1,192.853,192.853,1,1,2,400,9024,6,75,1,fanout_f32_l16,off,192.853,0,4,192.853,100,100,100,size-scaling-k75-c300-n5000000-f32-k75-c300-fanout_f32_l16-merkle-r4,1,1721,32,1,122,3442,196.404,300,4512,5000000,1,
0,0,skip,0,0.0,0,1,75,61,1,4,4,150,3442,3442,9024,6,3.121,0,0,0,0,300,mixed,1721,1,204.387,size-scaling-k75-c300,32,1,1721,64,4,75,0,"only '%s', '%b', '%t' are allowed as placeholders, got '%''",0.0,0.0,6a8656a97e60ae7f575931a7268423ac57a8dbb9109ffca0c01cc1be9b5b710d,45.89333333333333,8,merkle,62.0,1,190.491,190.491,1,1,2,400,9024,6,75,1,fanout_f32_l16,off,190.491,0,5,190.491,100,100,100,size-scaling-k75-c300-n5000000-f32-k75-c300-fanout_f32_l16-merkle-r5,1,1721,32,1,122,3442,204.387,300,4512,5000000,1,
0,0,skip,0,0.0,0,1,75,61,1,4,4,150,3442,3442,9024,6,3.030,0,0,0,0,300,mixed,1721,1,195.658,size-scaling-k75-c300,32,1,1721,64,4,75,0,"only '%s', '%b', '%t' are allowed as placeholders, got '%''",0.0,0.0,6a8656a97e60ae7f575931a7268423ac57a8dbb9109ffca0c01cc1be9b5b710d,45.89333333333333,8,merkle,62.0,1,192.080,192.080,1,1,2,400,9024,6,75,1,fanout_f32_l16,off,192.080,0,6,192.080,100,100,100,size-scaling-k75-c300-n5000000-f32-k75-c300-fanout_f32_l16-merkle-r6,1,1721,32,1,122,3442,195.658,300,4512,5000000,1,
0,0,skip,0,0.0,0,1,75,61,1,4,4,150,3442,3442,9024,6,3.056,0,0,0,0,300,mixed,1721,1,207.783,size-scaling-k75-c300,32,1,1721,64,4,75,0,"only '%s', '%b', '%t' are allowed as placeholders, got '%''",0.0,0.0,6a8656a97e60ae7f575931a7268423ac57a8dbb9109ffca0c01cc1be9b5b710d,45.89333333333333,8,merkle,62.0,1,194.013,194.013,1,1,2,400,9024,6,75,1,fanout_f32_l16,off,194.013,0,7,194.013,100,100,100,size-scaling-k75-c300-n5000000-f32-k75-c300-fanout_f32_l16-merkle-r7,1,1721,32,1,122,3442,207.783,300,4512,5000000,1,
0,0,skip,0,0.0,0,1,75,61,1,4,4,150,3442,3442,9024,6,3.027,0,0,0,0,300,mixed,1721,1,201.947,size-scaling-k75-c300,32,1,1721,64,4,75,0,"only '%s', '%b', '%t' are allowed as placeholders, got '%''",0.0,0.0,6a8656a97e60ae7f575931a7268423ac57a8dbb9109ffca0c01cc1be9b5b710d,45.89333333333333,8,merkle,62.0,1,198.368,198.368,1,1,2,400,9024,6,75,1,fanout_f32_l16,off,198.368,0,8,198.368,100,100,100,size-scaling-k75-c300-n5000000-f32-k75-c300-fanout_f32_l16-merkle-r8,1,1721,32,1,122,3442,201.947,300,4512,5000000,1,
0,0,skip,0,0.0,0,1,75,61,1,4,4,150,3442,3442,9024,6,3.007,0,0,0,0,300,mixed,1721,1,195.652,size-scaling-k75-c300,32,1,1721,64,4,75,0,"only '%s', '%b', '%t' are allowed as placeholders, got '%''",0.0,0.0,6a8656a97e60ae7f575931a7268423ac57a8dbb9109ffca0c01cc1be9b5b710d,45.89333333333333,8,merkle,62.0,1,181.956,181.956,1,1,2,400,9024,6,75,1,fanout_f32_l16,off,181.956,0,9,181.956,100,100,100,size-scaling-k75-c300-n5000000-f32-k75-c300-fanout_f32_l16-merkle-r9,1,1721,32,1,122,3442,195.652,300,4512,5000000,1,
0,0,skip,0,0.0,0,1,75,64,1,4,4,150,2004,2004,11840,6,3.241,0,0,0,0,300,mixed,1002,1,223.816,size-scaling-k75-c300,32,1,1002,64,4,75,0,"only '%s', '%b', '%t' are allowed as placeholders, got '%''",0.0,0.0,872ddaac9ba159a9fd0dd0d88d14a6906a592d5ad2ee762d599faebefcb2d969,26.72,8,merkle,63.0,1,209.694,209.694,1,1,2,400,11840,6,75,1,fanout_f32_l16,off,209.694,0,0,209.694,100,100,100,size-scaling-k75-c300-n7000000-f32-k75-c300-fanout_f32_l16-merkle-r0,1,1002,32,1,128,2004,223.816,300,5920,7000000,1,
0,0,skip,0,0.0,0,1,75,64,1,4,4,150,2004,2004,11840,6,3.099,0,0,0,0,300,mixed,1002,1,213.049,size-scaling-k75-c300,32,1,1002,64,4,75,0,"only '%s', '%b', '%t' are allowed as placeholders, got '%''",0.0,0.0,872ddaac9ba159a9fd0dd0d88d14a6906a592d5ad2ee762d599faebefcb2d969,26.72,8,merkle,63.0,1,209.364,209.364,1,1,2,400,11840,6,75,1,fanout_f32_l16,off,209.364,0,1,209.364,100,100,100,size-scaling-k75-c300-n7000000-f32-k75-c300-fanout_f32_l16-merkle-r1,1,1002,32,1,128,2004,213.049,300,5920,7000000,1,
0,0,skip,0,0.0,0,1,75,64,1,4,4,150,2004,2004,11840,6,3.125,0,0,0,0,300,mixed,1002,1,236.370,size-scaling-k75-c300,32,1,1002,64,4,75,0,"only '%s', '%b', '%t' are allowed as placeholders, got '%''",0.0,0.0,872ddaac9ba159a9fd0dd0d88d14a6906a592d5ad2ee762d599faebefcb2d969,26.72,8,merkle,63.0,1,222.495,222.495,1,1,2,400,11840,6,75,1,fanout_f32_l16,off,222.495,0,2,222.495,100,100,100,size-scaling-k75-c300-n7000000-f32-k75-c300-fanout_f32_l16-merkle-r2,1,1002,32,1,128,2004,236.370,300,5920,7000000,1,
0,0,skip,0,0.0,0,1,75,64,1,4,4,150,2004,2004,11840,6,3.094,0,0,0,0,300,mixed,1002,1,227.984,size-scaling-k75-c300,32,1,1002,64,4,75,0,"only '%s', '%b', '%t' are allowed as placeholders, got '%''",0.0,0.0,872ddaac9ba159a9fd0dd0d88d14a6906a592d5ad2ee762d599faebefcb2d969,26.72,8,merkle,63.0,1,224.306,224.306,1,1,2,400,11840,6,75,1,fanout_f32_l16,off,224.306,0,3,224.306,100,100,100,size-scaling-k75-c300-n7000000-f32-k75-c300-fanout_f32_l16-merkle-r3,1,1002,32,1,128,2004,227.984,300,5920,7000000,1,
0,0,skip,0,0.0,0,1,75,64,1,4,4,150,2004,2004,11840,6,3.106,0,0,0,0,300,mixed,1002,1,233.082,size-scaling-k75-c300,32,1,1002,64,4,75,0,"only '%s', '%b', '%t' are allowed as placeholders, got '%''",0.0,0.0,872ddaac9ba159a9fd0dd0d88d14a6906a592d5ad2ee762d599faebefcb2d969,26.72,8,merkle,63.0,1,219.211,219.211,1,1,2,400,11840,6,75,1,fanout_f32_l16,off,219.211,0,4,219.211,100,100,100,size-scaling-k75-c300-n7000000-f32-k75-c300-fanout_f32_l16-merkle-r4,1,1002,32,1,128,2004,233.082,300,5920,7000000,1,
0,0,skip,0,0.0,0,1,75,64,1,4,4,150,2004,2004,11840,6,3.063,0,0,0,0,300,mixed,1002,1,221.430,size-scaling-k75-c300,32,1,1002,64,4,75,0,"only '%s', '%b', '%t' are allowed as placeholders, got '%''",0.0,0.0,872ddaac9ba159a9fd0dd0d88d14a6906a592d5ad2ee762d599faebefcb2d969,26.72,8,merkle,63.0,1,217.785,217.785,1,1,2,400,11840,6,75,1,fanout_f32_l16,off,217.785,0,5,217.785,100,100,100,size-scaling-k75-c300-n7000000-f32-k75-c300-fanout_f32_l16-merkle-r5,1,1002,32,1,128,2004,221.430,300,5920,7000000,1,
0,0,skip,0,0.0,0,1,75,64,1,4,4,150,2004,2004,11840,6,3.124,0,0,0,0,300,mixed,1002,1,231.088,size-scaling-k75-c300,32,1,1002,64,4,75,0,"only '%s', '%b', '%t' are allowed as placeholders, got '%''",0.0,0.0,872ddaac9ba159a9fd0dd0d88d14a6906a592d5ad2ee762d599faebefcb2d969,26.72,8,merkle,63.0,1,217.174,217.174,1,1,2,400,11840,6,75,1,fanout_f32_l16,off,217.174,0,6,217.174,100,100,100,size-scaling-k75-c300-n7000000-f32-k75-c300-fanout_f32_l16-merkle-r6,1,1002,32,1,128,2004,231.088,300,5920,7000000,1,
0,0,skip,0,0.0,0,1,75,64,1,4,4,150,2004,2004,11840,6,3.113,0,0,0,0,300,mixed,1002,1,218.797,size-scaling-k75-c300,32,1,1002,64,4,75,0,"only '%s', '%b', '%t' are allowed as placeholders, got '%''",0.0,0.0,872ddaac9ba159a9fd0dd0d88d14a6906a592d5ad2ee762d599faebefcb2d969,26.72,8,merkle,63.0,1,215.093,215.093,1,1,2,400,11840,6,75,1,fanout_f32_l16,off,215.093,0,7,215.093,100,100,100,size-scaling-k75-c300-n7000000-f32-k75-c300-fanout_f32_l16-merkle-r7,1,1002,32,1,128,2004,218.797,300,5920,7000000,1,
0,0,skip,0,0.0,0,1,75,64,1,4,4,150,2004,2004,11840,6,3.130,0,0,0,0,300,mixed,1002,1,243.300,size-scaling-k75-c300,32,1,1002,64,4,75,0,"only '%s', '%b', '%t' are allowed as placeholders, got '%''",0.0,0.0,872ddaac9ba159a9fd0dd0d88d14a6906a592d5ad2ee762d599faebefcb2d969,26.72,8,merkle,63.0,1,229.416,229.416,1,1,2,400,11840,6,75,1,fanout_f32_l16,off,229.416,0,8,229.416,100,100,100,size-scaling-k75-c300-n7000000-f32-k75-c300-fanout_f32_l16-merkle-r8,1,1002,32,1,128,2004,243.300,300,5920,7000000,1,
0,0,skip,0,0.0,0,1,75,64,1,4,4,150,2004,2004,11840,6,3.075,0,0,0,0,300,mixed,1002,1,218.841,size-scaling-k75-c300,32,1,1002,64,4,75,0,"only '%s', '%b', '%t' are allowed as placeholders, got '%''",0.0,0.0,872ddaac9ba159a9fd0dd0d88d14a6906a592d5ad2ee762d599faebefcb2d969,26.72,8,merkle,63.0,1,215.195,215.195,1,1,2,400,11840,6,75,1,fanout_f32_l16,off,215.195,0,9,215.195,100,100,100,size-scaling-k75-c300-n7000000-f32-k75-c300-fanout_f32_l16-merkle-r9,1,1002,32,1,128,2004,218.841,300,5920,7000000,1,
0,0,skip,0,0.0,0,1,75,60,1,4,4,150,678,678,13248,6,3.116,0,0,0,0,300,mixed,339,1,213.818,size-scaling-k75-c300,32,1,339,64,4,75,0,"only '%s', '%b', '%t' are allowed as placeholders, got '%''",0.0,0.0,52c2e9756b1ea47fefb8232ada8d85e7ce79df8343e7245fa5b2744ad0438821,9.04,8,merkle,11.0,1,199.928,199.928,1,1,2,400,13248,6,75,1,fanout_f32_l16,off,199.928,0,0,199.928,100,100,100,size-scaling-k75-c300-n10000000-f32-k75-c300-fanout_f32_l16-merkle-r0,1,339,32,1,120,678,213.818,300,6624,10000000,1,
0,0,skip,0,0.0,0,1,75,60,1,4,4,150,678,678,13248,6,3.090,0,0,0,0,300,mixed,339,1,223.163,size-scaling-k75-c300,32,1,339,64,4,75,0,"only '%s', '%b', '%t' are allowed as placeholders, got '%''",0.0,0.0,52c2e9756b1ea47fefb8232ada8d85e7ce79df8343e7245fa5b2744ad0438821,9.04,8,merkle,11.0,1,219.482,219.482,1,1,2,400,13248,6,75,1,fanout_f32_l16,off,219.482,0,1,219.482,100,100,100,size-scaling-k75-c300-n10000000-f32-k75-c300-fanout_f32_l16-merkle-r1,1,339,32,1,120,678,223.163,300,6624,10000000,1,
0,0,skip,0,0.0,0,1,75,60,1,4,4,150,678,678,13248,6,3.150,0,0,0,0,300,mixed,339,1,233.552,size-scaling-k75-c300,32,1,339,64,4,75,0,"only '%s', '%b', '%t' are allowed as placeholders, got '%''",0.0,0.0,52c2e9756b1ea47fefb8232ada8d85e7ce79df8343e7245fa5b2744ad0438821,9.04,8,merkle,11.0,1,219.581,219.581,1,1,2,400,13248,6,75,1,fanout_f32_l16,off,219.581,0,2,219.581,100,100,100,size-scaling-k75-c300-n10000000-f32-k75-c300-fanout_f32_l16-merkle-r2,1,339,32,1,120,678,233.552,300,6624,10000000,1,
0,0,skip,0,0.0,0,1,75,60,1,4,4,150,678,678,13248,6,3.049,0,0,0,0,300,mixed,339,1,227.870,size-scaling-k75-c300,32,1,339,64,4,75,0,"only '%s', '%b', '%t' are allowed as placeholders, got '%''",0.0,0.0,52c2e9756b1ea47fefb8232ada8d85e7ce79df8343e7245fa5b2744ad0438821,9.04,8,merkle,11.0,1,224.228,224.228,1,1,2,400,13248,6,75,1,fanout_f32_l16,off,224.228,0,3,224.228,100,100,100,size-scaling-k75-c300-n10000000-f32-k75-c300-fanout_f32_l16-merkle-r3,1,339,32,1,120,678,227.870,300,6624,10000000,1,
0,0,skip,0,0.0,0,1,75,60,1,4,4,150,678,678,13248,6,3.145,0,0,0,0,300,mixed,339,1,237.896,size-scaling-k75-c300,32,1,339,64,4,75,0,"only '%s', '%b', '%t' are allowed as placeholders, got '%''",0.0,0.0,52c2e9756b1ea47fefb8232ada8d85e7ce79df8343e7245fa5b2744ad0438821,9.04,8,merkle,11.0,1,223.990,223.990,1,1,2,400,13248,6,75,1,fanout_f32_l16,off,223.990,0,4,223.990,100,100,100,size-scaling-k75-c300-n10000000-f32-k75-c300-fanout_f32_l16-merkle-r4,1,339,32,1,120,678,237.896,300,6624,10000000,1,
0,0,skip,0,0.0,0,1,75,60,1,4,4,150,678,678,13248,6,3.102,0,0,0,0,300,mixed,339,1,229.540,size-scaling-k75-c300,32,1,339,64,4,75,0,"only '%s', '%b', '%t' are allowed as placeholders, got '%''",0.0,0.0,52c2e9756b1ea47fefb8232ada8d85e7ce79df8343e7245fa5b2744ad0438821,9.04,8,merkle,11.0,1,225.840,225.840,1,1,2,400,13248,6,75,1,fanout_f32_l16,off,225.840,0,5,225.840,100,100,100,size-scaling-k75-c300-n10000000-f32-k75-c300-fanout_f32_l16-merkle-r5,1,339,32,1,120,678,229.540,300,6624,10000000,1,
0,0,skip,0,0.0,0,1,75,60,1,4,4,150,678,678,13248,6,3.150,0,0,0,0,300,mixed,339,1,244.288,size-scaling-k75-c300,32,1,339,64,4,75,0,"only '%s', '%b', '%t' are allowed as placeholders, got '%''",0.0,0.0,52c2e9756b1ea47fefb8232ada8d85e7ce79df8343e7245fa5b2744ad0438821,9.04,8,merkle,11.0,1,230.348,230.348,1,1,2,400,13248,6,75,1,fanout_f32_l16,off,230.348,0,6,230.348,100,100,100,size-scaling-k75-c300-n10000000-f32-k75-c300-fanout_f32_l16-merkle-r6,1,339,32,1,120,678,244.288,300,6624,10000000,1,
0,0,skip,0,0.0,0,1,75,60,1,4,4,150,678,678,13248,6,3.032,0,0,0,0,300,mixed,339,1,231.369,size-scaling-k75-c300,32,1,339,64,4,75,0,"only '%s', '%b', '%t' are allowed as placeholders, got '%''",0.0,0.0,52c2e9756b1ea47fefb8232ada8d85e7ce79df8343e7245fa5b2744ad0438821,9.04,8,merkle,11.0,1,227.741,227.741,1,1,2,400,13248,6,75,1,fanout_f32_l16,off,227.741,0,7,227.741,100,100,100,size-scaling-k75-c300-n10000000-f32-k75-c300-fanout_f32_l16-merkle-r7,1,339,32,1,120,678,231.369,300,6624,10000000,1,
0,0,skip,0,0.0,0,1,75,60,1,4,4,150,678,678,13248,6,3.113,0,0,0,0,300,mixed,339,1,237.540,size-scaling-k75-c300,32,1,339,64,4,75,0,"only '%s', '%b', '%t' are allowed as placeholders, got '%''",0.0,0.0,52c2e9756b1ea47fefb8232ada8d85e7ce79df8343e7245fa5b2744ad0438821,9.04,8,merkle,11.0,1,223.648,223.648,1,1,2,400,13248,6,75,1,fanout_f32_l16,off,223.648,0,8,223.648,100,100,100,size-scaling-k75-c300-n10000000-f32-k75-c300-fanout_f32_l16-merkle-r8,1,339,32,1,120,678,237.540,300,6624,10000000,1,
0,0,skip,0,0.0,0,1,75,60,1,4,4,150,678,678,13248,6,3.343,0,0,0,0,300,mixed,339,1,227.485,size-scaling-k75-c300,32,1,339,64,4,75,0,"only '%s', '%b', '%t' are allowed as placeholders, got '%''",0.0,0.0,52c2e9756b1ea47fefb8232ada8d85e7ce79df8343e7245fa5b2744ad0438821,9.04,8,merkle,11.0,1,223.606,223.606,1,1,2,400,13248,6,75,1,fanout_f32_l16,off,223.606,0,9,223.606,100,100,100,size-scaling-k75-c300-n10000000-f32-k75-c300-fanout_f32_l16-merkle-r9,1,339,32,1,120,678,227.485,300,6624,10000000,1,
0,0,skip,0,0.0,0,1,75,63,1,4,4,150,698,698,13632,6,1.329,0,0,0,0,300,mixed,349,1,111.239,size-scaling-k75-c300,32,1,349,64,4,75,0,"only '%s', '%b', '%t' are allowed as placeholders, got '%''",0.0,0.0,c06d6408b9f479f1212a44a401ea222dc7396dc79d353a1520e8d437ec9db603,9.306666666666667,8,merkle,13.0,1,109.644,109.644,1,1,2,400,13632,6,75,1,fanout_f32_l16,off,109.644,0,0,109.644,100,100,100,size-scaling-k75-c300-n15000000-f32-k75-c300-fanout_f32_l16-merkle-r0,1,349,32,1,126,698,111.239,300,6816,15000000,1,
0,0,skip,0,0.0,0,1,75,63,1,4,4,150,698,698,13632,6,1.325,0,0,0,0,300,mixed,349,1,111.435,size-scaling-k75-c300,32,1,349,64,4,75,0,"only '%s', '%b', '%t' are allowed as placeholders, got '%''",0.0,0.0,c06d6408b9f479f1212a44a401ea222dc7396dc79d353a1520e8d437ec9db603,9.306666666666667,8,merkle,13.0,1,109.841,109.841,1,1,2,400,13632,6,75,1,fanout_f32_l16,off,109.841,0,1,109.841,100,100,100,size-scaling-k75-c300-n15000000-f32-k75-c300-fanout_f32_l16-merkle-r1,1,349,32,1,126,698,111.435,300,6816,15000000,1,
0,0,skip,0,0.0,0,1,75,63,1,4,4,150,698,698,13632,6,1.303,0,0,0,0,300,mixed,349,1,128.471,size-scaling-k75-c300,32,1,349,64,4,75,0,"only '%s', '%b', '%t' are allowed as placeholders, got '%''",0.0,0.0,c06d6408b9f479f1212a44a401ea222dc7396dc79d353a1520e8d437ec9db603,9.306666666666667,8,merkle,13.0,1,126.891,126.891,1,1,2,400,13632,6,75,1,fanout_f32_l16,off,126.891,0,2,126.891,100,100,100,size-scaling-k75-c300-n15000000-f32-k75-c300-fanout_f32_l16-merkle-r2,1,349,32,1,126,698,128.471,300,6816,15000000,1,
0,0,skip,0,0.0,0,1,75,63,1,4,4,150,698,698,13632,6,1.305,0,0,0,0,300,mixed,349,1,113.137,size-scaling-k75-c300,32,1,349,64,4,75,0,"only '%s', '%b', '%t' are allowed as placeholders, got '%''",0.0,0.0,c06d6408b9f479f1212a44a401ea222dc7396dc79d353a1520e8d437ec9db603,9.306666666666667,8,merkle,13.0,1,111.566,111.566,1,1,2,400,13632,6,75,1,fanout_f32_l16,off,111.566,0,3,111.566,100,100,100,size-scaling-k75-c300-n15000000-f32-k75-c300-fanout_f32_l16-merkle-r3,1,349,32,1,126,698,113.137,300,6816,15000000,1,
0,0,skip,0,0.0,0,1,75,63,1,4,4,150,698,698,13632,6,1.330,0,0,0,0,300,mixed,349,1,111.665,size-scaling-k75-c300,32,1,349,64,4,75,0,"only '%s', '%b', '%t' are allowed as placeholders, got '%''",0.0,0.0,c06d6408b9f479f1212a44a401ea222dc7396dc79d353a1520e8d437ec9db603,9.306666666666667,8,merkle,13.0,1,110.073,110.073,1,1,2,400,13632,6,75,1,fanout_f32_l16,off,110.073,0,4,110.073,100,100,100,size-scaling-k75-c300-n15000000-f32-k75-c300-fanout_f32_l16-merkle-r4,1,349,32,1,126,698,111.665,300,6816,15000000,1,
0,0,skip,0,0.0,0,1,75,63,1,4,4,150,698,698,13632,6,1.361,0,0,0,0,300,mixed,349,1,121.358,size-scaling-k75-c300,32,1,349,64,4,75,0,"only '%s', '%b', '%t' are allowed as placeholders, got '%''",0.0,0.0,c06d6408b9f479f1212a44a401ea222dc7396dc79d353a1520e8d437ec9db603,9.306666666666667,8,merkle,13.0,1,109.585,109.585,1,1,2,400,13632,6,75,1,fanout_f32_l16,off,109.585,0,5,109.585,100,100,100,size-scaling-k75-c300-n15000000-f32-k75-c300-fanout_f32_l16-merkle-r5,1,349,32,1,126,698,121.358,300,6816,15000000,1,
0,0,skip,0,0.0,0,1,75,63,1,4,4,150,698,698,13632,6,1.319,0,0,0,0,300,mixed,349,1,112.820,size-scaling-k75-c300,32,1,349,64,4,75,0,"only '%s', '%b', '%t' are allowed as placeholders, got '%''",0.0,0.0,c06d6408b9f479f1212a44a401ea222dc7396dc79d353a1520e8d437ec9db603,9.306666666666667,8,merkle,13.0,1,111.235,111.235,1,1,2,400,13632,6,75,1,fanout_f32_l16,off,111.235,0,6,111.235,100,100,100,size-scaling-k75-c300-n15000000-f32-k75-c300-fanout_f32_l16-merkle-r6,1,349,32,1,126,698,112.820,300,6816,15000000,1,
0,0,skip,0,0.0,0,1,75,63,1,4,4,150,698,698,13632,6,1.317,0,0,0,0,300,mixed,349,1,111.637,size-scaling-k75-c300,32,1,349,64,4,75,0,"only '%s', '%b', '%t' are allowed as placeholders, got '%''",0.0,0.0,c06d6408b9f479f1212a44a401ea222dc7396dc79d353a1520e8d437ec9db603,9.306666666666667,8,merkle,13.0,1,110.053,110.053,1,1,2,400,13632,6,75,1,fanout_f32_l16,off,110.053,0,7,110.053,100,100,100,size-scaling-k75-c300-n15000000-f32-k75-c300-fanout_f32_l16-merkle-r7,1,349,32,1,126,698,111.637,300,6816,15000000,1,
0,0,skip,0,0.0,0,1,75,63,1,4,4,150,698,698,13632,6,1.350,0,0,0,0,300,mixed,349,1,118.623,size-scaling-k75-c300,32,1,349,64,4,75,0,"only '%s', '%b', '%t' are allowed as placeholders, got '%''",0.0,0.0,c06d6408b9f479f1212a44a401ea222dc7396dc79d353a1520e8d437ec9db603,9.306666666666667,8,merkle,13.0,1,117.004,117.004,1,1,2,400,13632,6,75,1,fanout_f32_l16,off,117.004,0,8,117.004,100,100,100,size-scaling-k75-c300-n15000000-f32-k75-c300-fanout_f32_l16-merkle-r8,1,349,32,1,126,698,118.623,300,6816,15000000,1,
0,0,skip,0,0.0,0,1,75,63,1,4,4,150,698,698,13632,6,1.326,0,0,0,0,300,mixed,349,1,126.707,size-scaling-k75-c300,32,1,349,64,4,75,0,"only '%s', '%b', '%t' are allowed as placeholders, got '%''",0.0,0.0,c06d6408b9f479f1212a44a401ea222dc7396dc79d353a1520e8d437ec9db603,9.306666666666667,8,merkle,13.0,1,125.104,125.104,1,1,2,400,13632,6,75,1,fanout_f32_l16,off,125.104,0,9,125.104,100,100,100,size-scaling-k75-c300-n15000000-f32-k75-c300-fanout_f32_l16-merkle-r9,1,349,32,1,126,698,126.707,300,6816,15000000,1,
0,0,skip,0,0.0,0,1,75,65,1,4,4,150,732,732,13760,6,1.335,0,0,0,0,300,mixed,366,1,114.113,size-scaling-k75-c300,32,1,366,64,4,75,0,"only '%s', '%b', '%t' are allowed as placeholders, got '%''",0.0,0.0,2e62d8379ddc1f19bde80ee3692ab6f0b15b0ab288de812930113f8d860c53a4,9.76,8,merkle,15.0,1,112.516,112.516,1,1,2,400,13760,6,75,1,fanout_f32_l16,off,112.516,0,0,112.516,100,100,100,size-scaling-k75-c300-n20000000-f32-k75-c300-fanout_f32_l16-merkle-r0,1,366,32,1,130,732,114.113,300,6880,20000000,1,
0,0,skip,0,0.0,0,1,75,65,1,4,4,150,732,732,13760,6,1.312,0,0,0,0,300,mixed,366,1,113.057,size-scaling-k75-c300,32,1,366,64,4,75,0,"only '%s', '%b', '%t' are allowed as placeholders, got '%''",0.0,0.0,2e62d8379ddc1f19bde80ee3692ab6f0b15b0ab288de812930113f8d860c53a4,9.76,8,merkle,15.0,1,111.482,111.482,1,1,2,400,13760,6,75,1,fanout_f32_l16,off,111.482,0,1,111.482,100,100,100,size-scaling-k75-c300-n20000000-f32-k75-c300-fanout_f32_l16-merkle-r1,1,366,32,1,130,732,113.057,300,6880,20000000,1,
0,0,skip,0,0.0,0,1,75,65,1,4,4,150,732,732,13760,6,1.332,0,0,0,0,300,mixed,366,1,124.975,size-scaling-k75-c300,32,1,366,64,4,75,0,"only '%s', '%b', '%t' are allowed as placeholders, got '%''",0.0,0.0,2e62d8379ddc1f19bde80ee3692ab6f0b15b0ab288de812930113f8d860c53a4,9.76,8,merkle,15.0,1,123.372,123.372,1,1,2,400,13760,6,75,1,fanout_f32_l16,off,123.372,0,2,123.372,100,100,100,size-scaling-k75-c300-n20000000-f32-k75-c300-fanout_f32_l16-merkle-r2,1,366,32,1,130,732,124.975,300,6880,20000000,1,
0,0,skip,0,0.0,0,1,75,65,1,4,4,150,732,732,13760,6,1.314,0,0,0,0,300,mixed,366,1,114.358,size-scaling-k75-c300,32,1,366,64,4,75,0,"only '%s', '%b', '%t' are allowed as placeholders, got '%''",0.0,0.0,2e62d8379ddc1f19bde80ee3692ab6f0b15b0ab288de812930113f8d860c53a4,9.76,8,merkle,15.0,1,112.777,112.777,1,1,2,400,13760,6,75,1,fanout_f32_l16,off,112.777,0,3,112.777,100,100,100,size-scaling-k75-c300-n20000000-f32-k75-c300-fanout_f32_l16-merkle-r3,1,366,32,1,130,732,114.358,300,6880,20000000,1,
0,0,skip,0,0.0,0,1,75,65,1,4,4,150,732,732,13760,6,1.318,0,0,0,0,300,mixed,366,1,121.399,size-scaling-k75-c300,32,1,366,64,4,75,0,"only '%s', '%b', '%t' are allowed as placeholders, got '%''",0.0,0.0,2e62d8379ddc1f19bde80ee3692ab6f0b15b0ab288de812930113f8d860c53a4,9.76,8,merkle,15.0,1,119.790,119.790,1,1,2,400,13760,6,75,1,fanout_f32_l16,off,119.790,0,4,119.790,100,100,100,size-scaling-k75-c300-n20000000-f32-k75-c300-fanout_f32_l16-merkle-r4,1,366,32,1,130,732,121.399,300,6880,20000000,1,
0,0,skip,0,0.0,0,1,75,65,1,4,4,150,732,732,13760,6,1.553,0,0,0,0,300,mixed,366,1,125.127,size-scaling-k75-c300,32,1,366,64,4,75,0,"only '%s', '%b', '%t' are allowed as placeholders, got '%''",0.0,0.0,2e62d8379ddc1f19bde80ee3692ab6f0b15b0ab288de812930113f8d860c53a4,9.76,8,merkle,15.0,1,113.157,113.157,1,1,2,400,13760,6,75,1,fanout_f32_l16,off,113.157,0,5,113.157,100,100,100,size-scaling-k75-c300-n20000000-f32-k75-c300-fanout_f32_l16-merkle-r5,1,366,32,1,130,732,125.127,300,6880,20000000,1,
0,0,skip,0,0.0,0,1,75,65,1,4,4,150,732,732,13760,6,1.335,0,0,0,0,300,mixed,366,1,113.785,size-scaling-k75-c300,32,1,366,64,4,75,0,"only '%s', '%b', '%t' are allowed as placeholders, got '%''",0.0,0.0,2e62d8379ddc1f19bde80ee3692ab6f0b15b0ab288de812930113f8d860c53a4,9.76,8,merkle,15.0,1,112.181,112.181,1,1,2,400,13760,6,75,1,fanout_f32_l16,off,112.181,0,6,112.181,100,100,100,size-scaling-k75-c300-n20000000-f32-k75-c300-fanout_f32_l16-merkle-r6,1,366,32,1,130,732,113.785,300,6880,20000000,1,
0,0,skip,0,0.0,0,1,75,65,1,4,4,150,732,732,13760,6,1.321,0,0,0,0,300,mixed,366,1,114.445,size-scaling-k75-c300,32,1,366,64,4,75,0,"only '%s', '%b', '%t' are allowed as placeholders, got '%''",0.0,0.0,2e62d8379ddc1f19bde80ee3692ab6f0b15b0ab288de812930113f8d860c53a4,9.76,8,merkle,15.0,1,112.856,112.856,1,1,2,400,13760,6,75,1,fanout_f32_l16,off,112.856,0,7,112.856,100,100,100,size-scaling-k75-c300-n20000000-f32-k75-c300-fanout_f32_l16-merkle-r7,1,366,32,1,130,732,114.445,300,6880,20000000,1,
0,0,skip,0,0.0,0,1,75,65,1,4,4,150,732,732,13760,6,1.328,0,0,0,0,300,mixed,366,1,113.950,size-scaling-k75-c300,32,1,366,64,4,75,0,"only '%s', '%b', '%t' are allowed as placeholders, got '%''",0.0,0.0,2e62d8379ddc1f19bde80ee3692ab6f0b15b0ab288de812930113f8d860c53a4,9.76,8,merkle,15.0,1,112.354,112.354,1,1,2,400,13760,6,75,1,fanout_f32_l16,off,112.354,0,8,112.354,100,100,100,size-scaling-k75-c300-n20000000-f32-k75-c300-fanout_f32_l16-merkle-r8,1,366,32,1,130,732,113.950,300,6880,20000000,1,
0,0,skip,0,0.0,0,1,75,65,1,4,4,150,732,732,13760,6,1.302,0,0,0,0,300,mixed,366,1,123.792,size-scaling-k75-c300,32,1,366,64,4,75,0,"only '%s', '%b', '%t' are allowed as placeholders, got '%''",0.0,0.0,2e62d8379ddc1f19bde80ee3692ab6f0b15b0ab288de812930113f8d860c53a4,9.76,8,merkle,15.0,1,122.219,122.219,1,1,2,400,13760,6,75,1,fanout_f32_l16,off,122.219,0,9,122.219,100,100,100,size-scaling-k75-c300-n20000000-f32-k75-c300-fanout_f32_l16-merkle-r9,1,366,32,1,130,732,123.792,300,6880,20000000,1,
0,0,skip,0,0.0,0,1,75,59,1,4,4,150,830,830,13312,6,2.921,0,0,0,0,300,mixed,415,1,194.495,size-scaling-k75-c300,32,1,415,64,4,75,0,"only '%s', '%b', '%t' are allowed as placeholders, got '%''",0.0,0.0,9b8820b519429d9617b394bcf4575cf866fcc872a18b4eb4aff17d7ff51bd1a5,11.066666666666666,8,merkle,17.0,1,180.882,180.882,1,1,2,400,13312,6,75,1,fanout_f32_l16,off,180.882,0,0,180.882,100,100,100,size-scaling-k75-c300-n25000000-f32-k75-c300-fanout_f32_l16-merkle-r0,1,415,32,1,118,830,194.495,300,6656,25000000,1,
0,0,skip,0,0.0,0,1,75,59,1,4,4,150,830,830,13312,6,3.049,0,0,0,0,300,mixed,415,1,224.500,size-scaling-k75-c300,32,1,415,64,4,75,0,"only '%s', '%b', '%t' are allowed as placeholders, got '%''",0.0,0.0,9b8820b519429d9617b394bcf4575cf866fcc872a18b4eb4aff17d7ff51bd1a5,11.066666666666666,8,merkle,17.0,1,220.843,220.843,1,1,2,400,13312,6,75,1,fanout_f32_l16,off,220.843,0,1,220.843,100,100,100,size-scaling-k75-c300-n25000000-f32-k75-c300-fanout_f32_l16-merkle-r1,1,415,32,1,118,830,224.500,300,6656,25000000,1,
0,0,skip,0,0.0,0,1,75,59,1,4,4,150,830,830,13312,6,3.383,0,0,0,0,300,mixed,415,1,232.862,size-scaling-k75-c300,32,1,415,64,4,75,0,"only '%s', '%b', '%t' are allowed as placeholders, got '%''",0.0,0.0,9b8820b519429d9617b394bcf4575cf866fcc872a18b4eb4aff17d7ff51bd1a5,11.066666666666666,8,merkle,17.0,1,218.608,218.608,1,1,2,400,13312,6,75,1,fanout_f32_l16,off,218.608,0,2,218.608,100,100,100,size-scaling-k75-c300-n25000000-f32-k75-c300-fanout_f32_l16-merkle-r2,1,415,32,1,118,830,232.862,300,6656,25000000,1,
0,0,skip,0,0.0,0,1,75,59,1,4,4,150,830,830,13312,6,3.064,0,0,0,0,300,mixed,415,1,227.789,size-scaling-k75-c300,32,1,415,64,4,75,0,"only '%s', '%b', '%t' are allowed as placeholders, got '%''",0.0,0.0,9b8820b519429d9617b394bcf4575cf866fcc872a18b4eb4aff17d7ff51bd1a5,11.066666666666666,8,merkle,17.0,1,224.120,224.120,1,1,2,400,13312,6,75,1,fanout_f32_l16,off,224.120,0,3,224.120,100,100,100,size-scaling-k75-c300-n25000000-f32-k75-c300-fanout_f32_l16-merkle-r3,1,415,32,1,118,830,227.789,300,6656,25000000,1,
0,0,skip,0,0.0,0,1,75,59,1,4,4,150,830,830,13312,6,3.153,0,0,0,0,300,mixed,415,1,236.654,size-scaling-k75-c300,32,1,415,64,4,75,0,"only '%s', '%b', '%t' are allowed as placeholders, got '%''",0.0,0.0,9b8820b519429d9617b394bcf4575cf866fcc872a18b4eb4aff17d7ff51bd1a5,11.066666666666666,8,merkle,17.0,1,222.739,222.739,1,1,2,400,13312,6,75,1,fanout_f32_l16,off,222.739,0,4,222.739,100,100,100,size-scaling-k75-c300-n25000000-f32-k75-c300-fanout_f32_l16-merkle-r4,1,415,32,1,118,830,236.654,300,6656,25000000,1,
0,0,skip,0,0.0,0,1,75,59,1,4,4,150,830,830,13312,6,3.086,0,0,0,0,300,mixed,415,1,226.624,size-scaling-k75-c300,32,1,415,64,4,75,0,"only '%s', '%b', '%t' are allowed as placeholders, got '%''",0.0,0.0,9b8820b519429d9617b394bcf4575cf866fcc872a18b4eb4aff17d7ff51bd1a5,11.066666666666666,8,merkle,17.0,1,222.938,222.938,1,1,2,400,13312,6,75,1,fanout_f32_l16,off,222.938,0,5,222.938,100,100,100,size-scaling-k75-c300-n25000000-f32-k75-c300-fanout_f32_l16-merkle-r5,1,415,32,1,118,830,226.624,300,6656,25000000,1,
0,0,skip,0,0.0,0,1,75,59,1,4,4,150,830,830,13312,6,3.068,0,0,0,0,300,mixed,415,1,234.677,size-scaling-k75-c300,32,1,415,64,4,75,0,"only '%s', '%b', '%t' are allowed as placeholders, got '%''",0.0,0.0,9b8820b519429d9617b394bcf4575cf866fcc872a18b4eb4aff17d7ff51bd1a5,11.066666666666666,8,merkle,17.0,1,220.826,220.826,1,1,2,400,13312,6,75,1,fanout_f32_l16,off,220.826,0,6,220.826,100,100,100,size-scaling-k75-c300-n25000000-f32-k75-c300-fanout_f32_l16-merkle-r6,1,415,32,1,118,830,234.677,300,6656,25000000,1,
0,0,skip,0,0.0,0,1,75,59,1,4,4,150,830,830,13312,6,3.079,0,0,0,0,300,mixed,415,1,218.569,size-scaling-k75-c300,32,1,415,64,4,75,0,"only '%s', '%b', '%t' are allowed as placeholders, got '%''",0.0,0.0,9b8820b519429d9617b394bcf4575cf866fcc872a18b4eb4aff17d7ff51bd1a5,11.066666666666666,8,merkle,17.0,1,214.802,214.802,1,1,2,400,13312,6,75,1,fanout_f32_l16,off,214.802,0,7,214.802,100,100,100,size-scaling-k75-c300-n25000000-f32-k75-c300-fanout_f32_l16-merkle-r7,1,415,32,1,118,830,218.569,300,6656,25000000,1,
0,0,skip,0,0.0,0,1,75,59,1,4,4,150,830,830,13312,6,3.141,0,0,0,0,300,mixed,415,1,229.740,size-scaling-k75-c300,32,1,415,64,4,75,0,"only '%s', '%b', '%t' are allowed as placeholders, got '%''",0.0,0.0,9b8820b519429d9617b394bcf4575cf866fcc872a18b4eb4aff17d7ff51bd1a5,11.066666666666666,8,merkle,17.0,1,215.827,215.827,1,1,2,400,13312,6,75,1,fanout_f32_l16,off,215.827,0,8,215.827,100,100,100,size-scaling-k75-c300-n25000000-f32-k75-c300-fanout_f32_l16-merkle-r8,1,415,32,1,118,830,229.740,300,6656,25000000,1,
0,0,skip,0,0.0,0,1,75,59,1,4,4,150,830,830,13312,6,3.094,0,0,0,0,300,mixed,415,1,231.493,size-scaling-k75-c300,32,1,415,64,4,75,0,"only '%s', '%b', '%t' are allowed as placeholders, got '%''",0.0,0.0,9b8820b519429d9617b394bcf4575cf866fcc872a18b4eb4aff17d7ff51bd1a5,11.066666666666666,8,merkle,17.0,1,227.779,227.779,1,1,2,400,13312,6,75,1,fanout_f32_l16,off,227.779,0,9,227.779,100,100,100,size-scaling-k75-c300-n25000000-f32-k75-c300-fanout_f32_l16-merkle-r9,1,415,32,1,118,830,231.493,300,6656,25000000,1,
0,0,skip,0,0.0,0,1,75,61,1,4,4,150,858,858,13504,6,1.327,0,0,0,0,300,mixed,429,1,112.084,size-scaling-k75-c300,32,1,429,64,4,75,0,"only '%s', '%b', '%t' are allowed as placeholders, got '%''",0.0,0.0,8f5b3052a72179ec9f06354ed2c1d1d6eadc4160dbd94d7c283cd276452a4a53,11.44,8,merkle,17.0,1,110.482,110.482,1,1,2,400,13504,6,75,1,fanout_f32_l16,off,110.482,0,0,110.482,100,100,100,size-scaling-k75-c300-n30000000-f32-k75-c300-fanout_f32_l16-merkle-r0,1,429,32,1,122,858,112.084,300,6752,30000000,1,
0,0,skip,0,0.0,0,1,75,61,1,4,4,150,858,858,13504,6,1.375,0,0,0,0,300,mixed,429,1,129.317,size-scaling-k75-c300,32,1,429,64,4,75,0,"only '%s', '%b', '%t' are allowed as placeholders, got '%''",0.0,0.0,8f5b3052a72179ec9f06354ed2c1d1d6eadc4160dbd94d7c283cd276452a4a53,11.44,8,merkle,17.0,1,117.498,117.498,1,1,2,400,13504,6,75,1,fanout_f32_l16,off,117.498,0,1,117.498,100,100,100,size-scaling-k75-c300-n30000000-f32-k75-c300-fanout_f32_l16-merkle-r1,1,429,32,1,122,858,129.317,300,6752,30000000,1,
0,0,skip,0,0.0,0,1,75,61,1,4,4,150,858,858,13504,6,1.311,0,0,0,0,300,mixed,429,1,113.345,size-scaling-k75-c300,32,1,429,64,4,75,0,"only '%s', '%b', '%t' are allowed as placeholders, got '%''",0.0,0.0,8f5b3052a72179ec9f06354ed2c1d1d6eadc4160dbd94d7c283cd276452a4a53,11.44,8,merkle,17.0,1,111.765,111.765,1,1,2,400,13504,6,75,1,fanout_f32_l16,off,111.765,0,2,111.765,100,100,100,size-scaling-k75-c300-n30000000-f32-k75-c300-fanout_f32_l16-merkle-r2,1,429,32,1,122,858,113.345,300,6752,30000000,1,
0,0,skip,0,0.0,0,1,75,61,1,4,4,150,858,858,13504,6,1.318,0,0,0,0,300,mixed,429,1,112.596,size-scaling-k75-c300,32,1,429,64,4,75,0,"only '%s', '%b', '%t' are allowed as placeholders, got '%''",0.0,0.0,8f5b3052a72179ec9f06354ed2c1d1d6eadc4160dbd94d7c283cd276452a4a53,11.44,8,merkle,17.0,1,111.008,111.008,1,1,2,400,13504,6,75,1,fanout_f32_l16,off,111.008,0,3,111.008,100,100,100,size-scaling-k75-c300-n30000000-f32-k75-c300-fanout_f32_l16-merkle-r3,1,429,32,1,122,858,112.596,300,6752,30000000,1,
0,0,skip,0,0.0,0,1,75,61,1,4,4,150,858,858,13504,6,1.348,0,0,0,0,300,mixed,429,1,113.444,size-scaling-k75-c300,32,1,429,64,4,75,0,"only '%s', '%b', '%t' are allowed as placeholders, got '%''",0.0,0.0,8f5b3052a72179ec9f06354ed2c1d1d6eadc4160dbd94d7c283cd276452a4a53,11.44,8,merkle,17.0,1,111.825,111.825,1,1,2,400,13504,6,75,1,fanout_f32_l16,off,111.825,0,4,111.825,100,100,100,size-scaling-k75-c300-n30000000-f32-k75-c300-fanout_f32_l16-merkle-r4,1,429,32,1,122,858,113.444,300,6752,30000000,1,
0,0,skip,0,0.0,0,1,75,61,1,4,4,150,858,858,13504,6,1.313,0,0,0,0,300,mixed,429,1,122.376,size-scaling-k75-c300,32,1,429,64,4,75,0,"only '%s', '%b', '%t' are allowed as placeholders, got '%''",0.0,0.0,8f5b3052a72179ec9f06354ed2c1d1d6eadc4160dbd94d7c283cd276452a4a53,11.44,8,merkle,17.0,1,120.793,120.793,1,1,2,400,13504,6,75,1,fanout_f32_l16,off,120.793,0,5,120.793,100,100,100,size-scaling-k75-c300-n30000000-f32-k75-c300-fanout_f32_l16-merkle-r5,1,429,32,1,122,858,122.376,300,6752,30000000,1,
0,0,skip,0,0.0,0,1,75,61,1,4,4,150,858,858,13504,6,1.353,0,0,0,0,300,mixed,429,1,111.256,size-scaling-k75-c300,32,1,429,64,4,75,0,"only '%s', '%b', '%t' are allowed as placeholders, got '%''",0.0,0.0,8f5b3052a72179ec9f06354ed2c1d1d6eadc4160dbd94d7c283cd276452a4a53,11.44,8,merkle,17.0,1,109.636,109.636,1,1,2,400,13504,6,75,1,fanout_f32_l16,off,109.636,0,6,109.636,100,100,100,size-scaling-k75-c300-n30000000-f32-k75-c300-fanout_f32_l16-merkle-r6,1,429,32,1,122,858,111.256,300,6752,30000000,1,
0,0,skip,0,0.0,0,1,75,61,1,4,4,150,858,858,13504,6,1.294,0,0,0,0,300,mixed,429,1,111.829,size-scaling-k75-c300,32,1,429,64,4,75,0,"only '%s', '%b', '%t' are allowed as placeholders, got '%''",0.0,0.0,8f5b3052a72179ec9f06354ed2c1d1d6eadc4160dbd94d7c283cd276452a4a53,11.44,8,merkle,17.0,1,110.260,110.260,1,1,2,400,13504,6,75,1,fanout_f32_l16,off,110.260,0,7,110.260,100,100,100,size-scaling-k75-c300-n30000000-f32-k75-c300-fanout_f32_l16-merkle-r7,1,429,32,1,122,858,111.829,300,6752,30000000,1,
0,0,skip,0,0.0,0,1,75,61,1,4,4,150,858,858,13504,6,1.371,0,0,0,0,300,mixed,429,1,121.640,size-scaling-k75-c300,32,1,429,64,4,75,0,"only '%s', '%b', '%t' are allowed as placeholders, got '%''",0.0,0.0,8f5b3052a72179ec9f06354ed2c1d1d6eadc4160dbd94d7c283cd276452a4a53,11.44,8,merkle,17.0,1,109.878,109.878,1,1,2,400,13504,6,75,1,fanout_f32_l16,off,109.878,0,8,109.878,100,100,100,size-scaling-k75-c300-n30000000-f32-k75-c300-fanout_f32_l16-merkle-r8,1,429,32,1,122,858,121.640,300,6752,30000000,1,
0,0,skip,0,0.0,0,1,75,61,1,4,4,150,858,858,13504,6,1.338,0,0,0,0,300,mixed,429,1,119.643,size-scaling-k75-c300,32,1,429,64,4,75,0,"only '%s', '%b', '%t' are allowed as placeholders, got '%''",0.0,0.0,8f5b3052a72179ec9f06354ed2c1d1d6eadc4160dbd94d7c283cd276452a4a53,11.44,8,merkle,17.0,1,118.013,118.013,1,1,2,400,13504,6,75,1,fanout_f32_l16,off,118.013,0,9,118.013,100,100,100,size-scaling-k75-c300-n30000000-f32-k75-c300-fanout_f32_l16-merkle-r9,1,429,32,1,122,858,119.643,300,6752,30000000,1,
0,0,skip,0,0.0,0,1,75,64,1,4,4,150,1032,1032,13696,6,1.328,0,0,0,0,300,mixed,516,1,115.543,size-scaling-k75-c300,32,1,516,64,4,75,0,"only '%s', '%b', '%t' are allowed as placeholders, got '%''",0.0,0.0,59279c3310dd53520060f59e36b89f77efe348d99b65577056efd830edb2f556,13.76,8,merkle,21.0,1,113.936,113.936,1,1,2,400,13696,6,75,1,fanout_f32_l16,off,113.936,0,0,113.936,100,100,100,size-scaling-k75-c300-n40000000-f32-k75-c300-fanout_f32_l16-merkle-r0,1,516,32,1,128,1032,115.543,300,6848,40000000,1,
0,0,skip,0,0.0,0,1,75,64,1,4,4,150,1032,1032,13696,6,1.418,0,0,0,0,300,mixed,516,1,125.416,size-scaling-k75-c300,32,1,516,64,4,75,0,"only '%s', '%b', '%t' are allowed as placeholders, got '%''",0.0,0.0,59279c3310dd53520060f59e36b89f77efe348d99b65577056efd830edb2f556,13.76,8,merkle,21.0,1,113.596,113.596,1,1,2,400,13696,6,75,1,fanout_f32_l16,off,113.596,0,1,113.596,100,100,100,size-scaling-k75-c300-n40000000-f32-k75-c300-fanout_f32_l16-merkle-r1,1,516,32,1,128,1032,125.416,300,6848,40000000,1,
0,0,skip,0,0.0,0,1,75,64,1,4,4,150,1032,1032,13696,6,1.297,0,0,0,0,300,mixed,516,1,118.221,size-scaling-k75-c300,32,1,516,64,4,75,0,"only '%s', '%b', '%t' are allowed as placeholders, got '%''",0.0,0.0,59279c3310dd53520060f59e36b89f77efe348d99b65577056efd830edb2f556,13.76,8,merkle,21.0,1,116.646,116.646,1,1,2,400,13696,6,75,1,fanout_f32_l16,off,116.646,0,2,116.646,100,100,100,size-scaling-k75-c300-n40000000-f32-k75-c300-fanout_f32_l16-merkle-r2,1,516,32,1,128,1032,118.221,300,6848,40000000,1,
0,0,skip,0,0.0,0,1,75,64,1,4,4,150,1032,1032,13696,6,1.315,0,0,0,0,300,mixed,516,1,115.789,size-scaling-k75-c300,32,1,516,64,4,75,0,"only '%s', '%b', '%t' are allowed as placeholders, got '%''",0.0,0.0,59279c3310dd53520060f59e36b89f77efe348d99b65577056efd830edb2f556,13.76,8,merkle,21.0,1,114.199,114.199,1,1,2,400,13696,6,75,1,fanout_f32_l16,off,114.199,0,3,114.199,100,100,100,size-scaling-k75-c300-n40000000-f32-k75-c300-fanout_f32_l16-merkle-r3,1,516,32,1,128,1032,115.789,300,6848,40000000,1,
0,0,skip,0,0.0,0,1,75,64,1,4,4,150,1032,1032,13696,6,1.306,0,0,0,0,300,mixed,516,1,115.136,size-scaling-k75-c300,32,1,516,64,4,75,0,"only '%s', '%b', '%t' are allowed as placeholders, got '%''",0.0,0.0,59279c3310dd53520060f59e36b89f77efe348d99b65577056efd830edb2f556,13.76,8,merkle,21.0,1,113.559,113.559,1,1,2,400,13696,6,75,1,fanout_f32_l16,off,113.559,0,4,113.559,100,100,100,size-scaling-k75-c300-n40000000-f32-k75-c300-fanout_f32_l16-merkle-r4,1,516,32,1,128,1032,115.136,300,6848,40000000,1,
0,0,skip,0,0.0,0,1,75,64,1,4,4,150,1032,1032,13696,6,1.356,0,0,0,0,300,mixed,516,1,127.564,size-scaling-k75-c300,32,1,516,64,4,75,0,"only '%s', '%b', '%t' are allowed as placeholders, got '%''",0.0,0.0,59279c3310dd53520060f59e36b89f77efe348d99b65577056efd830edb2f556,13.76,8,merkle,21.0,1,125.938,125.938,1,1,2,400,13696,6,75,1,fanout_f32_l16,off,125.938,0,5,125.938,100,100,100,size-scaling-k75-c300-n40000000-f32-k75-c300-fanout_f32_l16-merkle-r5,1,516,32,1,128,1032,127.564,300,6848,40000000,1,
0,0,skip,0,0.0,0,1,75,64,1,4,4,150,1032,1032,13696,6,1.338,0,0,0,0,300,mixed,516,1,115.406,size-scaling-k75-c300,32,1,516,64,4,75,0,"only '%s', '%b', '%t' are allowed as placeholders, got '%''",0.0,0.0,59279c3310dd53520060f59e36b89f77efe348d99b65577056efd830edb2f556,13.76,8,merkle,21.0,1,113.794,113.794,1,1,2,400,13696,6,75,1,fanout_f32_l16,off,113.794,0,6,113.794,100,100,100,size-scaling-k75-c300-n40000000-f32-k75-c300-fanout_f32_l16-merkle-r6,1,516,32,1,128,1032,115.406,300,6848,40000000,1,
0,0,skip,0,0.0,0,1,75,64,1,4,4,150,1032,1032,13696,6,1.335,0,0,0,0,300,mixed,516,1,123.786,size-scaling-k75-c300,32,1,516,64,4,75,0,"only '%s', '%b', '%t' are allowed as placeholders, got '%''",0.0,0.0,59279c3310dd53520060f59e36b89f77efe348d99b65577056efd830edb2f556,13.76,8,merkle,21.0,1,122.158,122.158,1,1,2,400,13696,6,75,1,fanout_f32_l16,off,122.158,0,7,122.158,100,100,100,size-scaling-k75-c300-n40000000-f32-k75-c300-fanout_f32_l16-merkle-r7,1,516,32,1,128,1032,123.786,300,6848,40000000,1,
0,0,skip,0,0.0,0,1,75,64,1,4,4,150,1032,1032,13696,6,1.489,0,0,0,0,300,mixed,516,1,125.851,size-scaling-k75-c300,32,1,516,64,4,75,0,"only '%s', '%b', '%t' are allowed as placeholders, got '%''",0.0,0.0,59279c3310dd53520060f59e36b89f77efe348d99b65577056efd830edb2f556,13.76,8,merkle,21.0,1,113.966,113.966,1,1,2,400,13696,6,75,1,fanout_f32_l16,off,113.966,0,8,113.966,100,100,100,size-scaling-k75-c300-n40000000-f32-k75-c300-fanout_f32_l16-merkle-r8,1,516,32,1,128,1032,125.851,300,6848,40000000,1,
0,0,skip,0,0.0,0,1,75,64,1,4,4,150,1032,1032,13696,6,1.335,0,0,0,0,300,mixed,516,1,116.305,size-scaling-k75-c300,32,1,516,64,4,75,0,"only '%s', '%b', '%t' are allowed as placeholders, got '%''",0.0,0.0,59279c3310dd53520060f59e36b89f77efe348d99b65577056efd830edb2f556,13.76,8,merkle,21.0,1,114.693,114.693,1,1,2,400,13696,6,75,1,fanout_f32_l16,off,114.693,0,9,114.693,100,100,100,size-scaling-k75-c300-n40000000-f32-k75-c300-fanout_f32_l16-merkle-r9,1,516,32,1,128,1032,116.305,300,6848,40000000,1,
0,0,skip,0,0.0,0,1,75,67,1,4,4,150,1214,1214,13888,6,1.319,0,0,0,0,300,mixed,607,1,117.583,size-scaling-k75-c300,32,1,607,64,4,75,0,"only '%s', '%b', '%t' are allowed as placeholders, got '%''",0.0,0.0,65a84c4420136287e100438817104f19c9ff8ddbe16b63ef3e48882cb8671a16,16.186666666666667,8,merkle,25.0,1,115.977,115.977,1,1,2,400,13888,6,75,1,fanout_f32_l16,off,115.977,0,0,115.977,100,100,100,size-scaling-k75-c300-n50000000-f32-k75-c300-fanout_f32_l16-merkle-r0,1,607,32,1,134,1214,117.583,300,6944,50000000,1,
0,0,skip,0,0.0,0,1,75,67,1,4,4,150,1214,1214,13888,6,1.415,0,0,0,0,300,mixed,607,1,128.301,size-scaling-k75-c300,32,1,607,64,4,75,0,"only '%s', '%b', '%t' are allowed as placeholders, got '%''",0.0,0.0,65a84c4420136287e100438817104f19c9ff8ddbe16b63ef3e48882cb8671a16,16.186666666666667,8,merkle,25.0,1,116.466,116.466,1,1,2,400,13888,6,75,1,fanout_f32_l16,off,116.466,0,1,116.466,100,100,100,size-scaling-k75-c300-n50000000-f32-k75-c300-fanout_f32_l16-merkle-r1,1,607,32,1,134,1214,128.301,300,6944,50000000,1,
0,0,skip,0,0.0,0,1,75,67,1,4,4,150,1214,1214,13888,6,1.320,0,0,0,0,300,mixed,607,1,117.619,size-scaling-k75-c300,32,1,607,64,4,75,0,"only '%s', '%b', '%t' are allowed as placeholders, got '%''",0.0,0.0,65a84c4420136287e100438817104f19c9ff8ddbe16b63ef3e48882cb8671a16,16.186666666666667,8,merkle,25.0,1,116.012,116.012,1,1,2,400,13888,6,75,1,fanout_f32_l16,off,116.012,0,2,116.012,100,100,100,size-scaling-k75-c300-n50000000-f32-k75-c300-fanout_f32_l16-merkle-r2,1,607,32,1,134,1214,117.619,300,6944,50000000,1,
0,0,skip,0,0.0,0,1,75,67,1,4,4,150,1214,1214,13888,6,1.338,0,0,0,0,300,mixed,607,1,125.965,size-scaling-k75-c300,32,1,607,64,4,75,0,"only '%s', '%b', '%t' are allowed as placeholders, got '%''",0.0,0.0,65a84c4420136287e100438817104f19c9ff8ddbe16b63ef3e48882cb8671a16,16.186666666666667,8,merkle,25.0,1,124.320,124.320,1,1,2,400,13888,6,75,1,fanout_f32_l16,off,124.320,0,3,124.320,100,100,100,size-scaling-k75-c300-n50000000-f32-k75-c300-fanout_f32_l16-merkle-r3,1,607,32,1,134,1214,125.965,300,6944,50000000,1,
0,0,skip,0,0.0,0,1,75,67,1,4,4,150,1214,1214,13888,6,1.314,0,0,0,0,300,mixed,607,1,117.654,size-scaling-k75-c300,32,1,607,64,4,75,0,"only '%s', '%b', '%t' are allowed as placeholders, got '%''",0.0,0.0,65a84c4420136287e100438817104f19c9ff8ddbe16b63ef3e48882cb8671a16,16.186666666666667,8,merkle,25.0,1,116.051,116.051,1,1,2,400,13888,6,75,1,fanout_f32_l16,off,116.051,0,4,116.051,100,100,100,size-scaling-k75-c300-n50000000-f32-k75-c300-fanout_f32_l16-merkle-r4,1,607,32,1,134,1214,117.654,300,6944,50000000,1,
0,0,skip,0,0.0,0,1,75,67,1,4,4,150,1214,1214,13888,6,1.329,0,0,0,0,300,mixed,607,1,129.571,size-scaling-k75-c300,32,1,607,64,4,75,0,"only '%s', '%b', '%t' are allowed as placeholders, got '%''",0.0,0.0,65a84c4420136287e100438817104f19c9ff8ddbe16b63ef3e48882cb8671a16,16.186666666666667,8,merkle,25.0,1,127.949,127.949,1,1,2,400,13888,6,75,1,fanout_f32_l16,off,127.949,0,5,127.949,100,100,100,size-scaling-k75-c300-n50000000-f32-k75-c300-fanout_f32_l16-merkle-r5,1,607,32,1,134,1214,129.571,300,6944,50000000,1,
0,0,skip,0,0.0,0,1,75,67,1,4,4,150,1214,1214,13888,6,1.308,0,0,0,0,300,mixed,607,1,116.685,size-scaling-k75-c300,32,1,607,64,4,75,0,"only '%s', '%b', '%t' are allowed as placeholders, got '%''",0.0,0.0,65a84c4420136287e100438817104f19c9ff8ddbe16b63ef3e48882cb8671a16,16.186666666666667,8,merkle,25.0,1,115.086,115.086,1,1,2,400,13888,6,75,1,fanout_f32_l16,off,115.086,0,6,115.086,100,100,100,size-scaling-k75-c300-n50000000-f32-k75-c300-fanout_f32_l16-merkle-r6,1,607,32,1,134,1214,116.685,300,6944,50000000,1,
0,0,skip,0,0.0,0,1,75,67,1,4,4,150,1214,1214,13888,6,1.328,0,0,0,0,300,mixed,607,1,116.924,size-scaling-k75-c300,32,1,607,64,4,75,0,"only '%s', '%b', '%t' are allowed as placeholders, got '%''",0.0,0.0,65a84c4420136287e100438817104f19c9ff8ddbe16b63ef3e48882cb8671a16,16.186666666666667,8,merkle,25.0,1,115.308,115.308,1,1,2,400,13888,6,75,1,fanout_f32_l16,off,115.308,0,7,115.308,100,100,100,size-scaling-k75-c300-n50000000-f32-k75-c300-fanout_f32_l16-merkle-r7,1,607,32,1,134,1214,116.924,300,6944,50000000,1,
0,0,skip,0,0.0,0,1,75,67,1,4,4,150,1214,1214,13888,6,1.356,0,0,0,0,300,mixed,607,1,126.872,size-scaling-k75-c300,32,1,607,64,4,75,0,"only '%s', '%b', '%t' are allowed as placeholders, got '%''",0.0,0.0,65a84c4420136287e100438817104f19c9ff8ddbe16b63ef3e48882cb8671a16,16.186666666666667,8,merkle,25.0,1,115.103,115.103,1,1,2,400,13888,6,75,1,fanout_f32_l16,off,115.103,0,8,115.103,100,100,100,size-scaling-k75-c300-n50000000-f32-k75-c300-fanout_f32_l16-merkle-r8,1,607,32,1,134,1214,126.872,300,6944,50000000,1,
0,0,skip,0,0.0,0,1,75,67,1,4,4,150,1214,1214,13888,6,1.314,0,0,0,0,300,mixed,607,1,116.894,size-scaling-k75-c300,32,1,607,64,4,75,0,"only '%s', '%b', '%t' are allowed as placeholders, got '%''",0.0,0.0,65a84c4420136287e100438817104f19c9ff8ddbe16b63ef3e48882cb8671a16,16.186666666666667,8,merkle,25.0,1,115.286,115.286,1,1,2,400,13888,6,75,1,fanout_f32_l16,off,115.286,0,9,115.286,100,100,100,size-scaling-k75-c300-n50000000-f32-k75-c300-fanout_f32_l16-merkle-r9,1,607,32,1,134,1214,116.894,300,6944,50000000,1,
