experiment,treatment,workload,skew,workers,mode,trial,fillfactor,wal_compression,total_queries,update_statements,tps,wall_time_ms,device_read_mib,device_write_mib,read_kb_per_statement,write_kb_per_statement,checkpoint_write_mib,blks_read,blks_hit,blk_read_time_ms,hot_fraction,hot_measurement,isolation,retry_attempts,retry_exhausted,divergence_count,permanent_failures,validated_completed_queries,merkle_verify,fanout,split_threshold,merge_threshold,heap_bytes,install_dir,baseline_dir,postgres_sha256,server_sha256,gateway_sha256,workload_sha256,artifact_dir,original_artifact_dir
fillfactor90,ff100,a,0.0,1,bcdb_det,1,100,off,20000,9983,1587.9317189360856,12595,322.19140625,275.66015625,16.8921088,14.4525312,110.328125,43925,134438,5089.264999999999,,not measured: no per-user-table HOT snapshots,serializable,0,0,0,0,20000,N/A,,,,25600008192,/home/neel/claude_opt/install_opt,/tmp/ariabc_oom_100m/pgdata_base_fanout32_tblnamed_plain,30277981279b2b40ad88d8eb0b4585d82dae939161fbdaf3b2b02a6e29ed4165,2b5dd1197efed60a14b60d1965bcf39b95a1db3ae99ef2aae7bb59d27ac1e501,03731bcba093cf8e6e02a0385481b592aaffc0d8c6a0cf83a6ba65e0471da15a,7a031904b743e46ac36c81f8ee675141eec90f2831dd31f8788bed7a36bd1b83,Final_Results/OOM_100M/optimizations_20261001/fillfactor90/controls_ff100/det_off/run_20261001_090856_a1f6d81b/a_s0.0_bcdb_det_w1_t1,/work/ARIABC/AriaBC/.bench_tmp/oom_walcomp_20261001/det_off/run_20261001_090856_a1f6d81b/a_s0.0_bcdb_det_w1_t1
fillfactor90,ff90,a,0.0,1,bcdb_det,1,90,off,20000,9983,1431.9467315815853,13967,327.30859375,200.609375,17.1603968,10.5177088,29.98828125,44433,83999,6664.119999999995,,not measured: no per-user-table HOT snapshots,serializable,0,0,0,0,20000,N/A,,,,28248276992,/home/neel/claude_opt/install_opt,/tmp/ariabc_oom_100m/pgdata_base_f32s1024_ff90_plain,30277981279b2b40ad88d8eb0b4585d82dae939161fbdaf3b2b02a6e29ed4165,2b5dd1197efed60a14b60d1965bcf39b95a1db3ae99ef2aae7bb59d27ac1e501,03731bcba093cf8e6e02a0385481b592aaffc0d8c6a0cf83a6ba65e0471da15a,7a031904b743e46ac36c81f8ee675141eec90f2831dd31f8788bed7a36bd1b83,Final_Results/OOM_100M/optimizations_20261001/fillfactor90/ff90_off/run_20261001_110718_8f8b816a/a_s0.0_bcdb_det_w1_t1,/work/ARIABC/AriaBC/.bench_tmp/oom_ff90_20261001/ff90_off/run_20261001_110718_8f8b816a/a_s0.0_bcdb_det_w1_t1
fillfactor90,ff100,a,0.0,1,bcdb_merkle,1,100,off,20000,9983,1147.4469305794607,17430,444.3515625,389.42578125,23.2968192,20.4171264,200.97265625,83333,336714,8861.583000000013,,not measured: no per-user-table HOT snapshots,serializable,0,0,0,0,20000,PASS,32,1024,256,25600008192,/home/neel/claude_opt/install_opt,/tmp/ariabc_oom_100m/pgdata_base_f32s1024,30277981279b2b40ad88d8eb0b4585d82dae939161fbdaf3b2b02a6e29ed4165,2b5dd1197efed60a14b60d1965bcf39b95a1db3ae99ef2aae7bb59d27ac1e501,03731bcba093cf8e6e02a0385481b592aaffc0d8c6a0cf83a6ba65e0471da15a,7a031904b743e46ac36c81f8ee675141eec90f2831dd31f8788bed7a36bd1b83,Final_Results/OOM_100M/optimizations_20261001/fillfactor90/controls_ff100/merkle_off/run_20261001_100447_9b61a3c1/a_s0.0_bcdb_merkle_w1_t1,/work/ARIABC/AriaBC/.bench_tmp/oom_walcomp_20261001/merkle_off/run_20261001_100447_9b61a3c1/a_s0.0_bcdb_merkle_w1_t1
fillfactor90,ff90,a,0.0,1,bcdb_merkle,1,90,off,20000,9983,1300.0520020800832,15384,394.15625,232.38671875,20.6651392,12.1837568,87.59375,79319,279371,7380.087999999989,,not measured: no per-user-table HOT snapshots,serializable,0,0,0,0,20000,PASS,32,1024,256,28248276992,/home/neel/claude_opt/install_opt,/tmp/ariabc_oom_100m/pgdata_base_f32s1024_ff90,30277981279b2b40ad88d8eb0b4585d82dae939161fbdaf3b2b02a6e29ed4165,2b5dd1197efed60a14b60d1965bcf39b95a1db3ae99ef2aae7bb59d27ac1e501,03731bcba093cf8e6e02a0385481b592aaffc0d8c6a0cf83a6ba65e0471da15a,7a031904b743e46ac36c81f8ee675141eec90f2831dd31f8788bed7a36bd1b83,Final_Results/OOM_100M/optimizations_20261001/fillfactor90/ff90_off/run_20261001_110718_8f8b816a/a_s0.0_bcdb_merkle_w1_t1,/work/ARIABC/AriaBC/.bench_tmp/oom_ff90_20261001/ff90_off/run_20261001_110718_8f8b816a/a_s0.0_bcdb_merkle_w1_t1
fillfactor90,ff100,a,0.0,16,bcdb_det,1,100,off,20000,9983,5053.057099545224,3958,321.93359375,193.234375,16.878592,10.1310464,140.2734375,43785,135507,29766.282000000007,,not measured: no per-user-table HOT snapshots,serializable,0,0,0,0,20000,N/A,,,,25600008192,/home/neel/claude_opt/install_opt,/tmp/ariabc_oom_100m/pgdata_base_fanout32_tblnamed_plain,30277981279b2b40ad88d8eb0b4585d82dae939161fbdaf3b2b02a6e29ed4165,2b5dd1197efed60a14b60d1965bcf39b95a1db3ae99ef2aae7bb59d27ac1e501,03731bcba093cf8e6e02a0385481b592aaffc0d8c6a0cf83a6ba65e0471da15a,7a031904b743e46ac36c81f8ee675141eec90f2831dd31f8788bed7a36bd1b83,Final_Results/OOM_100M/optimizations_20261001/fillfactor90/controls_ff100/det_off/run_20261001_090856_a1f6d81b/a_s0.0_bcdb_det_w16_t1,/work/ARIABC/AriaBC/.bench_tmp/oom_walcomp_20261001/det_off/run_20261001_090856_a1f6d81b/a_s0.0_bcdb_det_w16_t1
fillfactor90,ff90,a,0.0,16,bcdb_det,1,90,off,20000,9983,4944.375772558715,4045,327.56640625,114.4765625,17.1739136,6.0018688,63.38671875,44183,83386,31002.513000000006,,not measured: no per-user-table HOT snapshots,serializable,0,0,0,0,20000,N/A,,,,28248276992,/home/neel/claude_opt/install_opt,/tmp/ariabc_oom_100m/pgdata_base_f32s1024_ff90_plain,30277981279b2b40ad88d8eb0b4585d82dae939161fbdaf3b2b02a6e29ed4165,2b5dd1197efed60a14b60d1965bcf39b95a1db3ae99ef2aae7bb59d27ac1e501,03731bcba093cf8e6e02a0385481b592aaffc0d8c6a0cf83a6ba65e0471da15a,7a031904b743e46ac36c81f8ee675141eec90f2831dd31f8788bed7a36bd1b83,Final_Results/OOM_100M/optimizations_20261001/fillfactor90/ff90_off/run_20261001_110718_8f8b816a/a_s0.0_bcdb_det_w16_t1,/work/ARIABC/AriaBC/.bench_tmp/oom_ff90_20261001/ff90_off/run_20261001_110718_8f8b816a/a_s0.0_bcdb_det_w16_t1
fillfactor90,ff100,a,0.0,16,bcdb_merkle,1,100,off,20000,9983,3639.0101892285297,5496,444.26171875,299.921875,23.2921088,15.724544,235.8359375,82763,340199,39573.046,,not measured: no per-user-table HOT snapshots,serializable,0,0,0,0,20000,PASS,32,1024,256,25600008192,/home/neel/claude_opt/install_opt,/tmp/ariabc_oom_100m/pgdata_base_f32s1024,30277981279b2b40ad88d8eb0b4585d82dae939161fbdaf3b2b02a6e29ed4165,2b5dd1197efed60a14b60d1965bcf39b95a1db3ae99ef2aae7bb59d27ac1e501,03731bcba093cf8e6e02a0385481b592aaffc0d8c6a0cf83a6ba65e0471da15a,7a031904b743e46ac36c81f8ee675141eec90f2831dd31f8788bed7a36bd1b83,Final_Results/OOM_100M/optimizations_20261001/fillfactor90/controls_ff100/merkle_off/run_20261001_100447_9b61a3c1/a_s0.0_bcdb_merkle_w16_t1,/work/ARIABC/AriaBC/.bench_tmp/oom_walcomp_20261001/merkle_off/run_20261001_100447_9b61a3c1/a_s0.0_bcdb_merkle_w16_t1
fillfactor90,ff90,a,0.0,16,bcdb_merkle,1,90,off,20000,9983,4501.462975467027,4443,394.05078125,145.01171875,20.6596096,7.6027904,108.49609375,78390,282901,31876.171000000002,,not measured: no per-user-table HOT snapshots,serializable,0,0,0,0,20000,PASS,32,1024,256,28248276992,/home/neel/claude_opt/install_opt,/tmp/ariabc_oom_100m/pgdata_base_f32s1024_ff90,30277981279b2b40ad88d8eb0b4585d82dae939161fbdaf3b2b02a6e29ed4165,2b5dd1197efed60a14b60d1965bcf39b95a1db3ae99ef2aae7bb59d27ac1e501,03731bcba093cf8e6e02a0385481b592aaffc0d8c6a0cf83a6ba65e0471da15a,7a031904b743e46ac36c81f8ee675141eec90f2831dd31f8788bed7a36bd1b83,Final_Results/OOM_100M/optimizations_20261001/fillfactor90/ff90_off/run_20261001_110718_8f8b816a/a_s0.0_bcdb_merkle_w16_t1,/work/ARIABC/AriaBC/.bench_tmp/oom_ff90_20261001/ff90_off/run_20261001_110718_8f8b816a/a_s0.0_bcdb_merkle_w16_t1
fillfactor90,ff100,f,0.99,1,bcdb_det,1,100,off,20000,10008,2025.111381125962,9876,142.08203125,179.3984375,7.4491904,9.4056448,41.00390625,19610,183852,2126.4019999999946,,not measured: no per-user-table HOT snapshots,serializable,0,0,0,0,20000,N/A,,,,25600008192,/home/neel/claude_opt/install_opt,/tmp/ariabc_oom_100m/pgdata_base_fanout32_tblnamed_plain,30277981279b2b40ad88d8eb0b4585d82dae939161fbdaf3b2b02a6e29ed4165,2b5dd1197efed60a14b60d1965bcf39b95a1db3ae99ef2aae7bb59d27ac1e501,03731bcba093cf8e6e02a0385481b592aaffc0d8c6a0cf83a6ba65e0471da15a,89dec3212c59cd9d38b0d7209c328955087abeef4f88b6f02a54643a4ba7e050,Final_Results/OOM_100M/optimizations_20261001/fillfactor90/controls_ff100/det_off/run_20261001_090856_a1f6d81b/f_s0.99_bcdb_det_w1_t1,/work/ARIABC/AriaBC/.bench_tmp/oom_walcomp_20261001/det_off/run_20261001_090856_a1f6d81b/f_s0.99_bcdb_det_w1_t1
fillfactor90,ff90,f,0.99,1,bcdb_det,1,90,off,20000,10008,1878.1106207155601,10649,150.65234375,151.7109375,7.8985216,7.9540224,13.04296875,19761,157169,2923.2639999999956,,not measured: no per-user-table HOT snapshots,serializable,0,0,0,0,20000,N/A,,,,28248276992,/home/neel/claude_opt/install_opt,/tmp/ariabc_oom_100m/pgdata_base_f32s1024_ff90_plain,30277981279b2b40ad88d8eb0b4585d82dae939161fbdaf3b2b02a6e29ed4165,2b5dd1197efed60a14b60d1965bcf39b95a1db3ae99ef2aae7bb59d27ac1e501,03731bcba093cf8e6e02a0385481b592aaffc0d8c6a0cf83a6ba65e0471da15a,89dec3212c59cd9d38b0d7209c328955087abeef4f88b6f02a54643a4ba7e050,Final_Results/OOM_100M/optimizations_20261001/fillfactor90/ff90_off/run_20261001_110718_8f8b816a/f_s0.99_bcdb_det_w1_t1,/work/ARIABC/AriaBC/.bench_tmp/oom_ff90_20261001/ff90_off/run_20261001_110718_8f8b816a/f_s0.99_bcdb_det_w1_t1
fillfactor90,ff100,f,0.99,1,bcdb_merkle,1,100,off,20000,10008,1588.9409708429332,12587,225.90625,252.5390625,11.8439936,13.24032,96.1328125,41457,374471,3976.603000000003,,not measured: no per-user-table HOT snapshots,serializable,0,0,0,0,20000,PASS,32,1024,256,25600008192,/home/neel/claude_opt/install_opt,/tmp/ariabc_oom_100m/pgdata_base_f32s1024,30277981279b2b40ad88d8eb0b4585d82dae939161fbdaf3b2b02a6e29ed4165,2b5dd1197efed60a14b60d1965bcf39b95a1db3ae99ef2aae7bb59d27ac1e501,03731bcba093cf8e6e02a0385481b592aaffc0d8c6a0cf83a6ba65e0471da15a,89dec3212c59cd9d38b0d7209c328955087abeef4f88b6f02a54643a4ba7e050,Final_Results/OOM_100M/optimizations_20261001/fillfactor90/controls_ff100/merkle_off/run_20261001_100447_9b61a3c1/f_s0.99_bcdb_merkle_w1_t1,/work/ARIABC/AriaBC/.bench_tmp/oom_walcomp_20261001/merkle_off/run_20261001_100447_9b61a3c1/f_s0.99_bcdb_merkle_w1_t1
fillfactor90,ff90,f,0.99,1,bcdb_merkle,1,90,off,20000,10008,1614.7263038914905,12386,216.84375,184.93359375,11.3688576,9.6958464,57.3515625,42793,348533,3873.274999999994,,not measured: no per-user-table HOT snapshots,serializable,0,0,0,0,20000,PASS,32,1024,256,28248276992,/home/neel/claude_opt/install_opt,/tmp/ariabc_oom_100m/pgdata_base_f32s1024_ff90,30277981279b2b40ad88d8eb0b4585d82dae939161fbdaf3b2b02a6e29ed4165,2b5dd1197efed60a14b60d1965bcf39b95a1db3ae99ef2aae7bb59d27ac1e501,03731bcba093cf8e6e02a0385481b592aaffc0d8c6a0cf83a6ba65e0471da15a,89dec3212c59cd9d38b0d7209c328955087abeef4f88b6f02a54643a4ba7e050,Final_Results/OOM_100M/optimizations_20261001/fillfactor90/ff90_off/run_20261001_110718_8f8b816a/f_s0.99_bcdb_merkle_w1_t1,/work/ARIABC/AriaBC/.bench_tmp/oom_ff90_20261001/ff90_off/run_20261001_110718_8f8b816a/f_s0.99_bcdb_merkle_w1_t1
fillfactor90,ff100,f,0.99,16,bcdb_det,1,100,off,20000,10008,7535.795026375283,2654,141.8828125,105.09375,7.4387456,5.5099392,58.15234375,19702,188487,8410.670000000006,,not measured: no per-user-table HOT snapshots,serializable,0,0,0,0,20000,N/A,,,,25600008192,/home/neel/claude_opt/install_opt,/tmp/ariabc_oom_100m/pgdata_base_fanout32_tblnamed_plain,30277981279b2b40ad88d8eb0b4585d82dae939161fbdaf3b2b02a6e29ed4165,2b5dd1197efed60a14b60d1965bcf39b95a1db3ae99ef2aae7bb59d27ac1e501,03731bcba093cf8e6e02a0385481b592aaffc0d8c6a0cf83a6ba65e0471da15a,89dec3212c59cd9d38b0d7209c328955087abeef4f88b6f02a54643a4ba7e050,Final_Results/OOM_100M/optimizations_20261001/fillfactor90/controls_ff100/det_off/run_20261001_090856_a1f6d81b/f_s0.99_bcdb_det_w16_t1,/work/ARIABC/AriaBC/.bench_tmp/oom_walcomp_20261001/det_off/run_20261001_090856_a1f6d81b/f_s0.99_bcdb_det_w16_t1
fillfactor90,ff90,f,0.99,16,bcdb_det,1,90,off,20000,10008,7363.7702503681885,2716,150.76953125,76.15625,7.9046656,3.9927808,38.33203125,19913,161093,9200.036999999982,,not measured: no per-user-table HOT snapshots,serializable,0,0,0,0,20000,N/A,,,,28248276992,/home/neel/claude_opt/install_opt,/tmp/ariabc_oom_100m/pgdata_base_f32s1024_ff90_plain,30277981279b2b40ad88d8eb0b4585d82dae939161fbdaf3b2b02a6e29ed4165,2b5dd1197efed60a14b60d1965bcf39b95a1db3ae99ef2aae7bb59d27ac1e501,03731bcba093cf8e6e02a0385481b592aaffc0d8c6a0cf83a6ba65e0471da15a,89dec3212c59cd9d38b0d7209c328955087abeef4f88b6f02a54643a4ba7e050,Final_Results/OOM_100M/optimizations_20261001/fillfactor90/ff90_off/run_20261001_110718_8f8b816a/f_s0.99_bcdb_det_w16_t1,/work/ARIABC/AriaBC/.bench_tmp/oom_ff90_20261001/ff90_off/run_20261001_110718_8f8b816a/f_s0.99_bcdb_det_w16_t1
fillfactor90,ff100,f,0.99,16,bcdb_merkle,1,100,off,20000,10008,5082.592121982211,3935,225.9765625,178.984375,11.84768,9.383936,118.7734375,41159,388437,15066.684999999998,,not measured: no per-user-table HOT snapshots,serializable,0,0,0,0,20000,PASS,32,1024,256,25600008192,/home/neel/claude_opt/install_opt,/tmp/ariabc_oom_100m/pgdata_base_f32s1024,30277981279b2b40ad88d8eb0b4585d82dae939161fbdaf3b2b02a6e29ed4165,2b5dd1197efed60a14b60d1965bcf39b95a1db3ae99ef2aae7bb59d27ac1e501,03731bcba093cf8e6e02a0385481b592aaffc0d8c6a0cf83a6ba65e0471da15a,89dec3212c59cd9d38b0d7209c328955087abeef4f88b6f02a54643a4ba7e050,Final_Results/OOM_100M/optimizations_20261001/fillfactor90/controls_ff100/merkle_off/run_20261001_100447_9b61a3c1/f_s0.99_bcdb_merkle_w16_t1,/work/ARIABC/AriaBC/.bench_tmp/oom_walcomp_20261001/merkle_off/run_20261001_100447_9b61a3c1/f_s0.99_bcdb_merkle_w16_t1
fillfactor90,ff90,f,0.99,16,bcdb_merkle,1,90,off,20000,10008,5629.045876723895,3553,217.0234375,107.79296875,11.3782784,5.651456,79.53125,42260,361217,13601.428000000014,,not measured: no per-user-table HOT snapshots,serializable,0,0,0,0,20000,PASS,32,1024,256,28248276992,/home/neel/claude_opt/install_opt,/tmp/ariabc_oom_100m/pgdata_base_f32s1024_ff90,30277981279b2b40ad88d8eb0b4585d82dae939161fbdaf3b2b02a6e29ed4165,2b5dd1197efed60a14b60d1965bcf39b95a1db3ae99ef2aae7bb59d27ac1e501,03731bcba093cf8e6e02a0385481b592aaffc0d8c6a0cf83a6ba65e0471da15a,89dec3212c59cd9d38b0d7209c328955087abeef4f88b6f02a54643a4ba7e050,Final_Results/OOM_100M/optimizations_20261001/fillfactor90/ff90_off/run_20261001_110718_8f8b816a/f_s0.99_bcdb_merkle_w16_t1,/work/ARIABC/AriaBC/.bench_tmp/oom_ff90_20261001/ff90_off/run_20261001_110718_8f8b816a/f_s0.99_bcdb_merkle_w16_t1
wal_compression,off,a,0.0,1,bcdb_det,1,100,off,20000,9983,1587.9317189360856,12595,322.19140625,275.66015625,16.8921088,14.4525312,110.328125,43925,134438,5089.264999999999,,not measured: no per-user-table HOT snapshots,serializable,0,0,0,0,20000,N/A,,,,25600008192,/home/neel/claude_opt/install_opt,/tmp/ariabc_oom_100m/pgdata_base_fanout32_tblnamed_plain,30277981279b2b40ad88d8eb0b4585d82dae939161fbdaf3b2b02a6e29ed4165,2b5dd1197efed60a14b60d1965bcf39b95a1db3ae99ef2aae7bb59d27ac1e501,03731bcba093cf8e6e02a0385481b592aaffc0d8c6a0cf83a6ba65e0471da15a,7a031904b743e46ac36c81f8ee675141eec90f2831dd31f8788bed7a36bd1b83,Final_Results/OOM_100M/optimizations_20261001/wal_compression/det_off/run_20261001_090856_a1f6d81b/a_s0.0_bcdb_det_w1_t1,/work/ARIABC/AriaBC/.bench_tmp/oom_walcomp_20261001/det_off/run_20261001_090856_a1f6d81b/a_s0.0_bcdb_det_w1_t1
wal_compression,on,a,0.0,1,bcdb_det,1,100,on,20000,9983,1295.3367875647668,15440,322.3203125,188.1796875,16.8988672,9.8660352,101.7578125,43951,135615,6041.780999999995,,not measured: no per-user-table HOT snapshots,serializable,0,0,0,0,20000,N/A,,,,25600008192,/home/neel/claude_opt/install_opt,/tmp/ariabc_oom_100m/pgdata_base_fanout32_tblnamed_plain,30277981279b2b40ad88d8eb0b4585d82dae939161fbdaf3b2b02a6e29ed4165,2b5dd1197efed60a14b60d1965bcf39b95a1db3ae99ef2aae7bb59d27ac1e501,03731bcba093cf8e6e02a0385481b592aaffc0d8c6a0cf83a6ba65e0471da15a,7a031904b743e46ac36c81f8ee675141eec90f2831dd31f8788bed7a36bd1b83,Final_Results/OOM_100M/optimizations_20261001/wal_compression/det_on/run_20261001_092355_ac971a7a/a_s0.0_bcdb_det_w1_t1,/work/ARIABC/AriaBC/.bench_tmp/oom_walcomp_20261001/det_on/run_20261001_092355_ac971a7a/a_s0.0_bcdb_det_w1_t1
wal_compression,off,a,0.0,1,bcdb_merkle,1,100,off,20000,9983,1147.4469305794607,17430,444.3515625,389.42578125,23.2968192,20.4171264,200.97265625,83333,336714,8861.583000000013,,not measured: no per-user-table HOT snapshots,serializable,0,0,0,0,20000,PASS,32,1024,256,25600008192,/home/neel/claude_opt/install_opt,/tmp/ariabc_oom_100m/pgdata_base_f32s1024,30277981279b2b40ad88d8eb0b4585d82dae939161fbdaf3b2b02a6e29ed4165,2b5dd1197efed60a14b60d1965bcf39b95a1db3ae99ef2aae7bb59d27ac1e501,03731bcba093cf8e6e02a0385481b592aaffc0d8c6a0cf83a6ba65e0471da15a,7a031904b743e46ac36c81f8ee675141eec90f2831dd31f8788bed7a36bd1b83,Final_Results/OOM_100M/optimizations_20261001/wal_compression/merkle_off/run_20261001_100447_9b61a3c1/a_s0.0_bcdb_merkle_w1_t1,/work/ARIABC/AriaBC/.bench_tmp/oom_walcomp_20261001/merkle_off/run_20261001_100447_9b61a3c1/a_s0.0_bcdb_merkle_w1_t1
wal_compression,on,a,0.0,1,bcdb_merkle,1,100,on,20000,9983,965.5771737556124,20713,444.75390625,296.171875,23.3179136,15.527936,191.30078125,83434,337816,8978.735000000015,,not measured: no per-user-table HOT snapshots,serializable,0,0,0,0,20000,PASS,32,1024,256,25600008192,/home/neel/claude_opt/install_opt,/tmp/ariabc_oom_100m/pgdata_base_f32s1024,30277981279b2b40ad88d8eb0b4585d82dae939161fbdaf3b2b02a6e29ed4165,2b5dd1197efed60a14b60d1965bcf39b95a1db3ae99ef2aae7bb59d27ac1e501,03731bcba093cf8e6e02a0385481b592aaffc0d8c6a0cf83a6ba65e0471da15a,7a031904b743e46ac36c81f8ee675141eec90f2831dd31f8788bed7a36bd1b83,Final_Results/OOM_100M/optimizations_20261001/wal_compression/merkle_on/run_20261001_093848_c27eeea0/a_s0.0_bcdb_merkle_w1_t1,/work/ARIABC/AriaBC/.bench_tmp/oom_walcomp_20261001/merkle_on/run_20261001_093848_c27eeea0/a_s0.0_bcdb_merkle_w1_t1
wal_compression,off,a,0.0,16,bcdb_det,1,100,off,20000,9983,5053.057099545224,3958,321.93359375,193.234375,16.878592,10.1310464,140.2734375,43785,135507,29766.282000000007,,not measured: no per-user-table HOT snapshots,serializable,0,0,0,0,20000,N/A,,,,25600008192,/home/neel/claude_opt/install_opt,/tmp/ariabc_oom_100m/pgdata_base_fanout32_tblnamed_plain,30277981279b2b40ad88d8eb0b4585d82dae939161fbdaf3b2b02a6e29ed4165,2b5dd1197efed60a14b60d1965bcf39b95a1db3ae99ef2aae7bb59d27ac1e501,03731bcba093cf8e6e02a0385481b592aaffc0d8c6a0cf83a6ba65e0471da15a,7a031904b743e46ac36c81f8ee675141eec90f2831dd31f8788bed7a36bd1b83,Final_Results/OOM_100M/optimizations_20261001/wal_compression/det_off/run_20261001_090856_a1f6d81b/a_s0.0_bcdb_det_w16_t1,/work/ARIABC/AriaBC/.bench_tmp/oom_walcomp_20261001/det_off/run_20261001_090856_a1f6d81b/a_s0.0_bcdb_det_w16_t1
wal_compression,on,a,0.0,16,bcdb_det,1,100,on,20000,9983,6416.426050689765,3117,322.32421875,88.95703125,16.899072,4.6639104,142.68359375,43861,135010,18253.162999999993,,not measured: no per-user-table HOT snapshots,serializable,0,0,0,0,20000,N/A,,,,25600008192,/home/neel/claude_opt/install_opt,/tmp/ariabc_oom_100m/pgdata_base_fanout32_tblnamed_plain,30277981279b2b40ad88d8eb0b4585d82dae939161fbdaf3b2b02a6e29ed4165,2b5dd1197efed60a14b60d1965bcf39b95a1db3ae99ef2aae7bb59d27ac1e501,03731bcba093cf8e6e02a0385481b592aaffc0d8c6a0cf83a6ba65e0471da15a,7a031904b743e46ac36c81f8ee675141eec90f2831dd31f8788bed7a36bd1b83,Final_Results/OOM_100M/optimizations_20261001/wal_compression/det_on/run_20261001_092355_ac971a7a/a_s0.0_bcdb_det_w16_t1,/work/ARIABC/AriaBC/.bench_tmp/oom_walcomp_20261001/det_on/run_20261001_092355_ac971a7a/a_s0.0_bcdb_det_w16_t1
wal_compression,off,a,0.0,16,bcdb_merkle,1,100,off,20000,9983,3639.0101892285297,5496,444.26171875,299.921875,23.2921088,15.724544,235.8359375,82763,340199,39573.046,,not measured: no per-user-table HOT snapshots,serializable,0,0,0,0,20000,PASS,32,1024,256,25600008192,/home/neel/claude_opt/install_opt,/tmp/ariabc_oom_100m/pgdata_base_f32s1024,30277981279b2b40ad88d8eb0b4585d82dae939161fbdaf3b2b02a6e29ed4165,2b5dd1197efed60a14b60d1965bcf39b95a1db3ae99ef2aae7bb59d27ac1e501,03731bcba093cf8e6e02a0385481b592aaffc0d8c6a0cf83a6ba65e0471da15a,7a031904b743e46ac36c81f8ee675141eec90f2831dd31f8788bed7a36bd1b83,Final_Results/OOM_100M/optimizations_20261001/wal_compression/merkle_off/run_20261001_100447_9b61a3c1/a_s0.0_bcdb_merkle_w16_t1,/work/ARIABC/AriaBC/.bench_tmp/oom_walcomp_20261001/merkle_off/run_20261001_100447_9b61a3c1/a_s0.0_bcdb_merkle_w16_t1
wal_compression,on,a,0.0,16,bcdb_merkle,1,100,on,20000,9983,4026.5753976243204,4967,444.2578125,192.22265625,23.291904,10.0780032,237.70703125,82601,340244,30530.290999999997,,not measured: no per-user-table HOT snapshots,serializable,0,0,0,0,20000,PASS,32,1024,256,25600008192,/home/neel/claude_opt/install_opt,/tmp/ariabc_oom_100m/pgdata_base_f32s1024,30277981279b2b40ad88d8eb0b4585d82dae939161fbdaf3b2b02a6e29ed4165,2b5dd1197efed60a14b60d1965bcf39b95a1db3ae99ef2aae7bb59d27ac1e501,03731bcba093cf8e6e02a0385481b592aaffc0d8c6a0cf83a6ba65e0471da15a,7a031904b743e46ac36c81f8ee675141eec90f2831dd31f8788bed7a36bd1b83,Final_Results/OOM_100M/optimizations_20261001/wal_compression/merkle_on/run_20261001_093848_c27eeea0/a_s0.0_bcdb_merkle_w16_t1,/work/ARIABC/AriaBC/.bench_tmp/oom_walcomp_20261001/merkle_on/run_20261001_093848_c27eeea0/a_s0.0_bcdb_merkle_w16_t1
wal_compression,off,f,0.99,1,bcdb_det,1,100,off,20000,10008,2025.111381125962,9876,142.08203125,179.3984375,7.4491904,9.4056448,41.00390625,19610,183852,2126.4019999999946,,not measured: no per-user-table HOT snapshots,serializable,0,0,0,0,20000,N/A,,,,25600008192,/home/neel/claude_opt/install_opt,/tmp/ariabc_oom_100m/pgdata_base_fanout32_tblnamed_plain,30277981279b2b40ad88d8eb0b4585d82dae939161fbdaf3b2b02a6e29ed4165,2b5dd1197efed60a14b60d1965bcf39b95a1db3ae99ef2aae7bb59d27ac1e501,03731bcba093cf8e6e02a0385481b592aaffc0d8c6a0cf83a6ba65e0471da15a,89dec3212c59cd9d38b0d7209c328955087abeef4f88b6f02a54643a4ba7e050,Final_Results/OOM_100M/optimizations_20261001/wal_compression/det_off/run_20261001_090856_a1f6d81b/f_s0.99_bcdb_det_w1_t1,/work/ARIABC/AriaBC/.bench_tmp/oom_walcomp_20261001/det_off/run_20261001_090856_a1f6d81b/f_s0.99_bcdb_det_w1_t1
wal_compression,on,f,0.99,1,bcdb_det,1,100,on,20000,10008,1757.6236927673785,11379,142.078125,138.84765625,7.4489856,7.279616,37.83203125,19551,184312,2718.868000000002,,not measured: no per-user-table HOT snapshots,serializable,0,0,0,0,20000,N/A,,,,25600008192,/home/neel/claude_opt/install_opt,/tmp/ariabc_oom_100m/pgdata_base_fanout32_tblnamed_plain,30277981279b2b40ad88d8eb0b4585d82dae939161fbdaf3b2b02a6e29ed4165,2b5dd1197efed60a14b60d1965bcf39b95a1db3ae99ef2aae7bb59d27ac1e501,03731bcba093cf8e6e02a0385481b592aaffc0d8c6a0cf83a6ba65e0471da15a,89dec3212c59cd9d38b0d7209c328955087abeef4f88b6f02a54643a4ba7e050,Final_Results/OOM_100M/optimizations_20261001/wal_compression/det_on/run_20261001_092355_ac971a7a/f_s0.99_bcdb_det_w1_t1,/work/ARIABC/AriaBC/.bench_tmp/oom_walcomp_20261001/det_on/run_20261001_092355_ac971a7a/f_s0.99_bcdb_det_w1_t1
wal_compression,off,f,0.99,1,bcdb_merkle,1,100,off,20000,10008,1588.9409708429332,12587,225.90625,252.5390625,11.8439936,13.24032,96.1328125,41457,374471,3976.603000000003,,not measured: no per-user-table HOT snapshots,serializable,0,0,0,0,20000,PASS,32,1024,256,25600008192,/home/neel/claude_opt/install_opt,/tmp/ariabc_oom_100m/pgdata_base_f32s1024,30277981279b2b40ad88d8eb0b4585d82dae939161fbdaf3b2b02a6e29ed4165,2b5dd1197efed60a14b60d1965bcf39b95a1db3ae99ef2aae7bb59d27ac1e501,03731bcba093cf8e6e02a0385481b592aaffc0d8c6a0cf83a6ba65e0471da15a,89dec3212c59cd9d38b0d7209c328955087abeef4f88b6f02a54643a4ba7e050,Final_Results/OOM_100M/optimizations_20261001/wal_compression/merkle_off/run_20261001_100447_9b61a3c1/f_s0.99_bcdb_merkle_w1_t1,/work/ARIABC/AriaBC/.bench_tmp/oom_walcomp_20261001/merkle_off/run_20261001_100447_9b61a3c1/f_s0.99_bcdb_merkle_w1_t1
wal_compression,on,f,0.99,1,bcdb_merkle,1,100,on,20000,10008,1503.7593984962407,13300,225.5234375,202.11328125,11.8239232,10.5965568,95.04296875,41477,374865,3276.7210000000196,,not measured: no per-user-table HOT snapshots,serializable,0,0,0,0,20000,PASS,32,1024,256,25600008192,/home/neel/claude_opt/install_opt,/tmp/ariabc_oom_100m/pgdata_base_f32s1024,30277981279b2b40ad88d8eb0b4585d82dae939161fbdaf3b2b02a6e29ed4165,2b5dd1197efed60a14b60d1965bcf39b95a1db3ae99ef2aae7bb59d27ac1e501,03731bcba093cf8e6e02a0385481b592aaffc0d8c6a0cf83a6ba65e0471da15a,89dec3212c59cd9d38b0d7209c328955087abeef4f88b6f02a54643a4ba7e050,Final_Results/OOM_100M/optimizations_20261001/wal_compression/merkle_on/run_20261001_093848_c27eeea0/f_s0.99_bcdb_merkle_w1_t1,/work/ARIABC/AriaBC/.bench_tmp/oom_walcomp_20261001/merkle_on/run_20261001_093848_c27eeea0/f_s0.99_bcdb_merkle_w1_t1
wal_compression,off,f,0.99,16,bcdb_det,1,100,off,20000,10008,7535.795026375283,2654,141.8828125,105.09375,7.4387456,5.5099392,58.15234375,19702,188487,8410.670000000006,,not measured: no per-user-table HOT snapshots,serializable,0,0,0,0,20000,N/A,,,,25600008192,/home/neel/claude_opt/install_opt,/tmp/ariabc_oom_100m/pgdata_base_fanout32_tblnamed_plain,30277981279b2b40ad88d8eb0b4585d82dae939161fbdaf3b2b02a6e29ed4165,2b5dd1197efed60a14b60d1965bcf39b95a1db3ae99ef2aae7bb59d27ac1e501,03731bcba093cf8e6e02a0385481b592aaffc0d8c6a0cf83a6ba65e0471da15a,89dec3212c59cd9d38b0d7209c328955087abeef4f88b6f02a54643a4ba7e050,Final_Results/OOM_100M/optimizations_20261001/wal_compression/det_off/run_20261001_090856_a1f6d81b/f_s0.99_bcdb_det_w16_t1,/work/ARIABC/AriaBC/.bench_tmp/oom_walcomp_20261001/det_off/run_20261001_090856_a1f6d81b/f_s0.99_bcdb_det_w16_t1
wal_compression,on,f,0.99,16,bcdb_det,1,100,on,20000,10008,7047.216349541931,2838,141.8671875,60.69140625,7.4379264,3.1819776,58.21875,19750,189123,8682.418999999994,,not measured: no per-user-table HOT snapshots,serializable,0,0,0,0,20000,N/A,,,,25600008192,/home/neel/claude_opt/install_opt,/tmp/ariabc_oom_100m/pgdata_base_fanout32_tblnamed_plain,30277981279b2b40ad88d8eb0b4585d82dae939161fbdaf3b2b02a6e29ed4165,2b5dd1197efed60a14b60d1965bcf39b95a1db3ae99ef2aae7bb59d27ac1e501,03731bcba093cf8e6e02a0385481b592aaffc0d8c6a0cf83a6ba65e0471da15a,89dec3212c59cd9d38b0d7209c328955087abeef4f88b6f02a54643a4ba7e050,Final_Results/OOM_100M/optimizations_20261001/wal_compression/det_on/run_20261001_092355_ac971a7a/f_s0.99_bcdb_det_w16_t1,/work/ARIABC/AriaBC/.bench_tmp/oom_walcomp_20261001/det_on/run_20261001_092355_ac971a7a/f_s0.99_bcdb_det_w16_t1
wal_compression,off,f,0.99,16,bcdb_merkle,1,100,off,20000,10008,5082.592121982211,3935,225.9765625,178.984375,11.84768,9.383936,118.7734375,41159,388437,15066.684999999998,,not measured: no per-user-table HOT snapshots,serializable,0,0,0,0,20000,PASS,32,1024,256,25600008192,/home/neel/claude_opt/install_opt,/tmp/ariabc_oom_100m/pgdata_base_f32s1024,30277981279b2b40ad88d8eb0b4585d82dae939161fbdaf3b2b02a6e29ed4165,2b5dd1197efed60a14b60d1965bcf39b95a1db3ae99ef2aae7bb59d27ac1e501,03731bcba093cf8e6e02a0385481b592aaffc0d8c6a0cf83a6ba65e0471da15a,89dec3212c59cd9d38b0d7209c328955087abeef4f88b6f02a54643a4ba7e050,Final_Results/OOM_100M/optimizations_20261001/wal_compression/merkle_off/run_20261001_100447_9b61a3c1/f_s0.99_bcdb_merkle_w16_t1,/work/ARIABC/AriaBC/.bench_tmp/oom_walcomp_20261001/merkle_off/run_20261001_100447_9b61a3c1/f_s0.99_bcdb_merkle_w16_t1
wal_compression,on,f,0.99,16,bcdb_merkle,1,100,on,20000,10008,5165.289256198347,3872,225.92578125,128.109375,11.8450176,6.7166208,118.29296875,41192,388169,13270.380000000005,,not measured: no per-user-table HOT snapshots,serializable,0,0,0,0,20000,PASS,32,1024,256,25600008192,/home/neel/claude_opt/install_opt,/tmp/ariabc_oom_100m/pgdata_base_f32s1024,30277981279b2b40ad88d8eb0b4585d82dae939161fbdaf3b2b02a6e29ed4165,2b5dd1197efed60a14b60d1965bcf39b95a1db3ae99ef2aae7bb59d27ac1e501,03731bcba093cf8e6e02a0385481b592aaffc0d8c6a0cf83a6ba65e0471da15a,89dec3212c59cd9d38b0d7209c328955087abeef4f88b6f02a54643a4ba7e050,Final_Results/OOM_100M/optimizations_20261001/wal_compression/merkle_on/run_20261001_093848_c27eeea0/f_s0.99_bcdb_merkle_w16_t1,/work/ARIABC/AriaBC/.bench_tmp/oom_walcomp_20261001/merkle_on/run_20261001_093848_c27eeea0/f_s0.99_bcdb_merkle_w16_t1
