tuple_count,fanout,sample_count,sample_seed,mismatch_count,sample_digest
10000000,32,0,20260703,0,dynamic_tree_verified_by_merkle_verify
50000000,32,0,20260703,0,dynamic_tree_verified_by_merkle_verify
40000000,32,0,20260703,0,dynamic_tree_verified_by_merkle_verify
5000000,32,0,20260703,0,dynamic_tree_verified_by_merkle_verify
7000000,32,0,20260703,0,dynamic_tree_verified_by_merkle_verify
1000000,32,0,20260703,0,dynamic_tree_verified_by_merkle_verify
15000000,32,0,20260703,0,dynamic_tree_verified_by_merkle_verify
20000000,32,0,20260703,0,dynamic_tree_verified_by_merkle_verify
25000000,32,0,20260703,0,dynamic_tree_verified_by_merkle_verify
3000000,32,0,20260703,0,dynamic_tree_verified_by_merkle_verify
30000000,32,0,20260703,0,dynamic_tree_verified_by_merkle_verify
